Protocollo;Gruppo;DataOraIncidente;Localizzazione1;STRADA1;Localizzazione2;STRADA2;Strada02;Chilometrica;DaSpecificare;NaturaIncidente;particolaritastrade;TipoStrada;FondoStradale;Pavimentazione;Segnaletica;CondizioneAtmosferica;Traffico;Visibilita;Illuminazione;NUM_FERITI;NUM_RISERVATA;NUM_MORTI;NUM_ILLESI;Longitude;Latitude;Confermato;Progressivo;TipoVeicolo;StatoVeicolo;TipoPersona;Sesso;Tipolesione;Deceduto;DecedutoDopo;CinturaCascoUtilizzato;Airbag;
5896768;8;02/04/2022 16:50:00;Strada Urbana;VIA CASILINA;da specificare;;;;altezza rampa G.R.A. dir.ne Aeroporti;Tamponamento Multiplo;Rettilineo;Una carreggiata a senso unico di marcia;Bagnato (pioggia);Asfaltata;Verticale ed orizzontale;Pioggia in atto;Normale;Buona;;3;0;0;3;12.6212;41.8626;-1;1;Autovettura privata;In marcia / fermata / arresto;Passeggero;M;Illeso;0;;Non accertato;Inesploso
5896768;8;02/04/2022 16:50:00;Strada Urbana;VIA CASILINA;da specificare;;;;altezza rampa G.R.A. dir.ne Aeroporti;Tamponamento Multiplo;Rettilineo;Una carreggiata a senso unico di marcia;Bagnato (pioggia);Asfaltata;Verticale ed orizzontale;Pioggia in atto;Normale;Buona;;3;0;0;3;12.6212;41.8626;-1;1;Autovettura privata;In marcia / fermata / arresto;Passeggero;M;Illeso;0;;Non accertato;Inesploso
5896768;8;02/04/2022 16:50:00;Strada Urbana;VIA CASILINA;da specificare;;;;altezza rampa G.R.A. dir.ne Aeroporti;Tamponamento Multiplo;Rettilineo;Una carreggiata a senso unico di marcia;Bagnato (pioggia);Asfaltata;Verticale ed orizzontale;Pioggia in atto;Normale;Buona;;3;0;0;3;12.6212;41.8626;-1;2;Autovettura privata;In marcia / fermata / arresto;Conducente;M;Rifiuta cure immediate;0;NON DECEDUTO;Non accertato;Inesploso
5896768;8;02/04/2022 16:50:00;Strada Urbana;VIA CASILINA;da specificare;;;;altezza rampa G.R.A. dir.ne Aeroporti;Tamponamento Multiplo;Rettilineo;Una carreggiata a senso unico di marcia;Bagnato (pioggia);Asfaltata;Verticale ed orizzontale;Pioggia in atto;Normale;Buona;;3;0;0;3;12.6212;41.8626;-1;2;Autovettura privata;In marcia / fermata / arresto;Passeggero;M;Rifiuta cure immediate;0;NON DECEDUTO;Non accertato;Inesploso
5896768;8;02/04/2022 16:50:00;Strada Urbana;VIA CASILINA;da specificare;;;;altezza rampa G.R.A. dir.ne Aeroporti;Tamponamento Multiplo;Rettilineo;Una carreggiata a senso unico di marcia;Bagnato (pioggia);Asfaltata;Verticale ed orizzontale;Pioggia in atto;Normale;Buona;;3;0;0;3;12.6212;41.8626;-1;3;Autovettura privata;In marcia / fermata / arresto;Conducente;M;Illeso;0;;Non accertato;Inesploso
5896770;8;02/04/2022 17:30:00;Strada Urbana;VIA AMICO ASPERTINI;in corrispondenza;;del civico n.;259;;Veicolo in marcia contro veicolo fermo;Rettilineo;Una carreggiata a doppio senso;Bagnato (pioggia);Asfaltata;Verticale;Pioggia in atto;Normale;Buona;;0;0;0;3;12.6294;41.8735;-1;1;Autovettura privata;In marcia / fermata / arresto;Conducente;F;Illeso;0;;;
5896770;8;02/04/2022 17:30:00;Strada Urbana;VIA AMICO ASPERTINI;in corrispondenza;;del civico n.;259;;Veicolo in marcia contro veicolo fermo;Rettilineo;Una carreggiata a doppio senso;Bagnato (pioggia);Asfaltata;Verticale;Pioggia in atto;Normale;Buona;;0;0;0;3;12.6294;41.8735;-1;1;Autovettura privata;In marcia / fermata / arresto;Passeggero;F;Illeso;0;;Non accertato;Inesploso
5896770;8;02/04/2022 17:30:00;Strada Urbana;VIA AMICO ASPERTINI;in corrispondenza;;del civico n.;259;;Veicolo in marcia contro veicolo fermo;Rettilineo;Una carreggiata a doppio senso;Bagnato (pioggia);Asfaltata;Verticale;Pioggia in atto;Normale;Buona;;0;0;0;3;12.6294;41.8735;-1;2;Autovettura privata;In marcia / fermata / arresto;Conducente;M;Illeso;0;;Non accertato;Inesploso
5896772;8;02/04/2022 18:40:00;Strada Urbana;VIALE OXFORD;da specificare;;;;prossimit� VIA DI TOR VERGATA;Veicolo in marcia contro ostacolo fisso;Curva a visuale libera;Due carreggiate;Bagnato (pioggia);Asfaltata;Orizzontale;Pioggia in atto;Scarso;Buona;;0;0;0;1;12.6276;41.8611;-1;1;Autovettura privata;In marcia / fermata / arresto;Conducente;M;Illeso;0;;Non accertato;Inesploso
5896773;8;02/04/2022 22:10:00;Strada Urbana;VIA DEL FRINGUELLO;da specificare;;;;altezza VIA DEL PETTIROSSO;Tamponamento;Rettilineo;Una carreggiata a senso unico di marcia;Bagnato (umidit� in atto);Asfaltata;Orizzontale;Pioggia in atto;Scarso;Sufficiente;;0;0;0;4;12.5968;41.8699;-1;1;Autovettura privata;In marcia / fermata / arresto;Conducente;M;Illeso;0;;;
5896773;8;02/04/2022 22:10:00;Strada Urbana;VIA DEL FRINGUELLO;da specificare;;;;altezza VIA DEL PETTIROSSO;Tamponamento;Rettilineo;Una carreggiata a senso unico di marcia;Bagnato (umidit� in atto);Asfaltata;Orizzontale;Pioggia in atto;Scarso;Sufficiente;;0;0;0;4;12.5968;41.8699;-1;1;Autovettura privata;In marcia / fermata / arresto;Passeggero;M;Illeso;0;;;
5896773;8;02/04/2022 22:10:00;Strada Urbana;VIA DEL FRINGUELLO;da specificare;;;;altezza VIA DEL PETTIROSSO;Tamponamento;Rettilineo;Una carreggiata a senso unico di marcia;Bagnato (umidit� in atto);Asfaltata;Orizzontale;Pioggia in atto;Scarso;Sufficiente;;0;0;0;4;12.5968;41.8699;-1;1;Autovettura privata;In marcia / fermata / arresto;Passeggero;M;Illeso;0;;;
5896773;8;02/04/2022 22:10:00;Strada Urbana;VIA DEL FRINGUELLO;da specificare;;;;altezza VIA DEL PETTIROSSO;Tamponamento;Rettilineo;Una carreggiata a senso unico di marcia;Bagnato (umidit� in atto);Asfaltata;Orizzontale;Pioggia in atto;Scarso;Sufficiente;;0;0;0;4;12.5968;41.8699;-1;2;Autovettura privata;In marcia / fermata / arresto;Conducente;M;Illeso;0;;;
5896774;8;02/04/2022 23:30:00;Strada Urbana;VIA CENTRACHE;in prossimit�;;del civico n.;86;;Veicolo in marcia contro veicoli in sosta;Rettilineo;Una carreggiata a doppio senso;Bagnato (umidit� in atto);Asfaltata;Assente;Nuvoloso;Scarso;Buona;;0;0;0;0;12.6776;41.8755;-1;1;Autovettura privata;Sosta;;;;;;;
5896774;8;02/04/2022 23:30:00;Strada Urbana;VIA CENTRACHE;in prossimit�;;del civico n.;86;;Veicolo in marcia contro veicoli in sosta;Rettilineo;Una carreggiata a doppio senso;Bagnato (umidit� in atto);Asfaltata;Assente;Nuvoloso;Scarso;Buona;;0;0;0;0;12.6776;41.8755;-1;2;Autovettura privata;Sosta;;;;;;;
5896774;8;02/04/2022 23:30:00;Strada Urbana;VIA CENTRACHE;in prossimit�;;del civico n.;86;;Veicolo in marcia contro veicoli in sosta;Rettilineo;Una carreggiata a doppio senso;Bagnato (umidit� in atto);Asfaltata;Assente;Nuvoloso;Scarso;Buona;;0;0;0;0;12.6776;41.8755;-1;3;Autovettura privata;Allontanatosi;;;;;;;
5896786;8;03/04/2022 02:00:00;Strada Urbana;VIA BORGHESIANA;all'intersezione con;VIA DI PRATOLUNGO CASILINO;VIA DI PRATOLUNGO CASILINO;;;Veicolo in marcia contro ostacolo fisso;Intersezione stradale segnalata;Una carreggiata a senso unico di marcia;Bagnato (pioggia);Asfaltata;Orizzontale;Pioggia in atto;Scarso;Sufficiente;;1;0;0;0;12.6724;41.8765;-1;1;Autovettura privata;In marcia / fermata / arresto;Conducente;M;Rimandato;0;NON DECEDUTO;;
5896874;18;02/04/2022 18:15:00;Strada Urbana;VIA DI TORREVECCHIA;in prossimit�;;del civico n.;877;;Tamponamento;Curva a visuale libera;Una carreggiata a doppio senso;Bagnato (pioggia);Asfaltata;Verticale ed orizzontale;Nuvoloso;Normale;Buona;;1;0;0;0;12.4083;41.9164;0;2;Autovettura privata;In marcia / fermata / arresto;Conducente;M;Rimandato;0;NON DECEDUTO;;
5896879;18;02/04/2022 20:40:00;Strada Urbana;VIA AURELIA;in prossimit�;;del civico n.;483;;Veicolo in marcia contro veicolo arresto;Pendenza;Una carreggiata a senso unico di marcia;Bagnato (pioggia);Asfaltata;Verticale ed orizzontale;Pioggia in atto;Scarso;Buona;;0;0;0;2;12.4254;41.8984;-1;1;Autovettura privata;In marcia / fermata / arresto;Conducente;M;Illeso;0;;Non accertato;Inesploso
5896879;18;02/04/2022 20:40:00;Strada Urbana;VIA AURELIA;in prossimit�;;del civico n.;483;;Veicolo in marcia contro veicolo arresto;Pendenza;Una carreggiata a senso unico di marcia;Bagnato (pioggia);Asfaltata;Verticale ed orizzontale;Pioggia in atto;Scarso;Buona;;0;0;0;2;12.4254;41.8984;-1;2;Autovettura privata;In marcia / fermata / arresto;Conducente;M;Illeso;0;;Non accertato;Inesploso
5896884;13;02/04/2022 20:55:00;Strada Urbana;VIA MICHELE BARBI;all'intersezione con;VIA GUIDO BIAGI;VIA GUIDO BIAGI;;;Scontro frontale/laterale SX fra veicoli in marcia;Intersezione stradale segnalata;Una carreggiata a doppio senso;Asciutto;Asfaltata;Verticale ed orizzontale;Nuvoloso;Normale;Buona;;0;0;0;3;12.3819;41.7873;-1;1;Autovettura privata;In marcia / fermata / arresto;Conducente;M;Illeso;0;;;
5896884;13;02/04/2022 20:55:00;Strada Urbana;VIA MICHELE BARBI;all'intersezione con;VIA GUIDO BIAGI;VIA GUIDO BIAGI;;;Scontro frontale/laterale SX fra veicoli in marcia;Intersezione stradale segnalata;Una carreggiata a doppio senso;Asciutto;Asfaltata;Verticale ed orizzontale;Nuvoloso;Normale;Buona;;0;0;0;3;12.3819;41.7873;-1;2;Autovettura privata;In marcia / fermata / arresto;Conducente;M;Illeso;0;;Non accertato;Inesploso
5896884;13;02/04/2022 20:55:00;Strada Urbana;VIA MICHELE BARBI;all'intersezione con;VIA GUIDO BIAGI;VIA GUIDO BIAGI;;;Scontro frontale/laterale SX fra veicoli in marcia;Intersezione stradale segnalata;Una carreggiata a doppio senso;Asciutto;Asfaltata;Verticale ed orizzontale;Nuvoloso;Normale;Buona;;0;0;0;3;12.3819;41.7873;-1;2;Autovettura privata;In marcia / fermata / arresto;Passeggero;M;Illeso;0;;Non accertato;Inesploso
5896886;6;02/04/2022 12:40:00;Strada Urbana;VIA CARLO DELLA ROCCA;all'intersezione con;VIA CASILINA;VIA CASILINA;;;Tamponamento;Incrocio;Due carreggiate;Asciutto;Asfaltata;Verticale ed orizzontale;Nuvoloso;Normale;Buona;;0;0;0;2;12.5441;41.8792;-1;1;Autovettura privata;In marcia / fermata / arresto;Conducente;M;Illeso;0;;Non accertato;Inesploso
5896886;6;02/04/2022 12:40:00;Strada Urbana;VIA CARLO DELLA ROCCA;all'intersezione con;VIA CASILINA;VIA CASILINA;;;Tamponamento;Incrocio;Due carreggiate;Asciutto;Asfaltata;Verticale ed orizzontale;Nuvoloso;Normale;Buona;;0;0;0;2;12.5441;41.8792;-1;1;Autovettura privata;In marcia / fermata / arresto;Passeggero;M;Illeso;0;;Non accertato;Inesploso
5896886;6;02/04/2022 12:40:00;Strada Urbana;VIA CARLO DELLA ROCCA;all'intersezione con;VIA CASILINA;VIA CASILINA;;;Tamponamento;Incrocio;Due carreggiate;Asciutto;Asfaltata;Verticale ed orizzontale;Nuvoloso;Normale;Buona;;0;0;0;2;12.5441;41.8792;-1;2;Autovettura privata;In marcia / fermata / arresto;;;;;;;
5896887;10;02/04/2022 09:37:00;Strada Urbana;VIALE PALMIRO TOGLIATTI;in corrispondenza;;del civico n.;75;;Scontro frontale/laterale SX fra veicoli in marcia;Rettilineo;Due carreggiate;Bagnato (pioggia);Asfaltata;Verticale ed orizzontale;Pioggia in atto;Normale;Buona;;0;0;0;3;12.5709;41.8566;-1;1;Autovettura privata;In marcia / fermata / arresto;Conducente;M;Illeso;0;;Non accertato;Inesploso
5896887;10;02/04/2022 09:37:00;Strada Urbana;VIALE PALMIRO TOGLIATTI;in corrispondenza;;del civico n.;75;;Scontro frontale/laterale SX fra veicoli in marcia;Rettilineo;Due carreggiate;Bagnato (pioggia);Asfaltata;Verticale ed orizzontale;Pioggia in atto;Normale;Buona;;0;0;0;3;12.5709;41.8566;-1;1;Autovettura privata;In marcia / fermata / arresto;Passeggero;F;Illeso;0;;Non accertato;Inesploso
5896887;10;02/04/2022 09:37:00;Strada Urbana;VIALE PALMIRO TOGLIATTI;in corrispondenza;;del civico n.;75;;Scontro frontale/laterale SX fra veicoli in marcia;Rettilineo;Due carreggiate;Bagnato (pioggia);Asfaltata;Verticale ed orizzontale;Pioggia in atto;Normale;Buona;;0;0;0;3;12.5709;41.8566;-1;2;Autovettura privata;In marcia / fermata / arresto;Conducente;F;Illeso;0;;Non accertato;Inesploso
5896896;10;02/04/2022 10:40:00;Strada Urbana;PIAZZA S. GIOVANNI BOSCO;in corrispondenza;;del civico n.;75;;Scontro frontale/laterale SX fra veicoli in marcia;Rettilineo;Una carreggiata a senso unico di marcia;Bagnato (pioggia);Asfaltata;Verticale ed orizzontale;Nuvoloso;Normale;Buona;;0;0;0;3;12.5635;41.8589;-1;1;Autovettura privata;In marcia / fermata / arresto;Conducente;F;Illeso;0;;Non accertato;Inesploso
5896896;10;02/04/2022 10:40:00;Strada Urbana;PIAZZA S. GIOVANNI BOSCO;in corrispondenza;;del civico n.;75;;Scontro frontale/laterale SX fra veicoli in marcia;Rettilineo;Una carreggiata a senso unico di marcia;Bagnato (pioggia);Asfaltata;Verticale ed orizzontale;Nuvoloso;Normale;Buona;;0;0;0;3;12.5635;41.8589;-1;1;Autovettura privata;In marcia / fermata / arresto;Passeggero;M;Illeso;0;;Non accertato;Inesploso
5896896;10;02/04/2022 10:40:00;Strada Urbana;PIAZZA S. GIOVANNI BOSCO;in corrispondenza;;del civico n.;75;;Scontro frontale/laterale SX fra veicoli in marcia;Rettilineo;Una carreggiata a senso unico di marcia;Bagnato (pioggia);Asfaltata;Verticale ed orizzontale;Nuvoloso;Normale;Buona;;0;0;0;3;12.5635;41.8589;-1;2;Autovettura privata;In marcia / fermata / arresto;Conducente;M;Illeso;0;;Non accertato;Inesploso
5896910;10;03/04/2022 03:48:00;Strada Urbana;VIA CALPURNIO FIAMMA;all'intersezione semaforizzata con;VIALE S. GIOVANNI BOSCO;VIALE S. GIOVANNI BOSCO;;;Scontro frontale/laterale DX fra veicoli in marcia;Intersezione semaforizzata;Due carreggiate;Asciutto;Asfaltata;Verticale ed orizzontale;Sereno;Normale;Sufficiente;;2;0;0;3;12.5608;41.8608;-1;1;Autovettura privata;In marcia / fermata / arresto;Conducente;M;Illeso;0;;Non accertato;Inesploso
5896910;10;03/04/2022 03:48:00;Strada Urbana;VIA CALPURNIO FIAMMA;all'intersezione semaforizzata con;VIALE S. GIOVANNI BOSCO;VIALE S. GIOVANNI BOSCO;;;Scontro frontale/laterale DX fra veicoli in marcia;Intersezione semaforizzata;Due carreggiate;Asciutto;Asfaltata;Verticale ed orizzontale;Sereno;Normale;Sufficiente;;2;0;0;3;12.5608;41.8608;-1;1;Autovettura privata;In marcia / fermata / arresto;Passeggero;F;Illeso;0;;Non accertato;Inesploso
5896910;10;03/04/2022 03:48:00;Strada Urbana;VIA CALPURNIO FIAMMA;all'intersezione semaforizzata con;VIALE S. GIOVANNI BOSCO;VIALE S. GIOVANNI BOSCO;;;Scontro frontale/laterale DX fra veicoli in marcia;Intersezione semaforizzata;Due carreggiate;Asciutto;Asfaltata;Verticale ed orizzontale;Sereno;Normale;Sufficiente;;2;0;0;3;12.5608;41.8608;-1;2;Autovettura privata;In marcia / fermata / arresto;Conducente;M;Illeso;0;;Non accertato;Inesploso
5896910;10;03/04/2022 03:48:00;Strada Urbana;VIA CALPURNIO FIAMMA;all'intersezione semaforizzata con;VIALE S. GIOVANNI BOSCO;VIALE S. GIOVANNI BOSCO;;;Scontro frontale/laterale DX fra veicoli in marcia;Intersezione semaforizzata;Due carreggiate;Asciutto;Asfaltata;Verticale ed orizzontale;Sereno;Normale;Sufficiente;;2;0;0;3;12.5608;41.8608;-1;2;Autovettura privata;In marcia / fermata / arresto;Passeggero;F;Rimandato;0;NON DECEDUTO;Non accertato;Inesploso
5896910;10;03/04/2022 03:48:00;Strada Urbana;VIA CALPURNIO FIAMMA;all'intersezione semaforizzata con;VIALE S. GIOVANNI BOSCO;VIALE S. GIOVANNI BOSCO;;;Scontro frontale/laterale DX fra veicoli in marcia;Intersezione semaforizzata;Due carreggiate;Asciutto;Asfaltata;Verticale ed orizzontale;Sereno;Normale;Sufficiente;;2;0;0;3;12.5608;41.8608;-1;2;Autovettura privata;In marcia / fermata / arresto;Passeggero;M;Rimandato;0;NON DECEDUTO;Non accertato;Inesploso
5896910;10;03/04/2022 03:48:00;Strada Urbana;VIA CALPURNIO FIAMMA;all'intersezione semaforizzata con;VIALE S. GIOVANNI BOSCO;VIALE S. GIOVANNI BOSCO;;;Scontro frontale/laterale DX fra veicoli in marcia;Intersezione semaforizzata;Due carreggiate;Asciutto;Asfaltata;Verticale ed orizzontale;Sereno;Normale;Sufficiente;;2;0;0;3;12.5608;41.8608;-1;3;Autovettura privata;Sosta;;;;;;;
5896911;20;02/04/2022 17:00:00;Strada Urbana;VIA TRIONFALE;da specificare;;;;incrocio svincolo G.R.A.;Veicolo in marcia contro ostacolo fisso;Curva a visuale libera;Una carreggiata a senso unico di marcia;Bagnato (pioggia);Asfaltata;Orizzontale;Pioggia in atto;Normale;Buona;;2;0;0;0;12.409;41.9698;-1;1;Autovettura privata;In marcia / fermata / arresto;Conducente;M;Rimandato;0;NON DECEDUTO;Utilizzato;Esploso
5896911;20;02/04/2022 17:00:00;Strada Urbana;VIA TRIONFALE;da specificare;;;;incrocio svincolo G.R.A.;Veicolo in marcia contro ostacolo fisso;Curva a visuale libera;Una carreggiata a senso unico di marcia;Bagnato (pioggia);Asfaltata;Orizzontale;Pioggia in atto;Normale;Buona;;2;0;0;0;12.409;41.9698;-1;1;Autovettura privata;In marcia / fermata / arresto;Passeggero;M;Rimandato;0;NON DECEDUTO;Utilizzato;Inesploso
5896920;20;03/04/2022 00:40:00;Strada Urbana;VIALE DI TOR DI QUINTO;da specificare;;;;fronte VIA RIANO direzione G.R.A;Investimento di pedone;Rettilineo;Una carreggiata a doppio senso;Bagnato (pioggia);Asfaltata;Verticale ed orizzontale;Pioggia in atto;Scarso;Sufficiente;;1;0;0;1;12.4785;41.9447;-1;;;;Pedone;F;Rimandato;0;NON DECEDUTO;;
5896920;20;03/04/2022 00:40:00;Strada Urbana;VIALE DI TOR DI QUINTO;da specificare;;;;fronte VIA RIANO direzione G.R.A;Investimento di pedone;Rettilineo;Una carreggiata a doppio senso;Bagnato (pioggia);Asfaltata;Verticale ed orizzontale;Pioggia in atto;Scarso;Sufficiente;;1;0;0;1;12.4785;41.9447;-1;1;Autovettura privata;In marcia / fermata / arresto;Conducente;M;Illeso;0;;Non accertato;Inesploso
5896930;20;03/04/2022 03:10:00;Strada Urbana;VIALE DI TOR DI QUINTO;all'intersezione semaforizzata con;VIALE CARABINIERI A CAVALLO;VIALE CARABINIERI A CAVALLO;;;Veicolo in marcia contro ostacolo fisso;Intersezione semaforizzata;Due carreggiate;Bagnato (pioggia);Asfaltata;Verticale ed orizzontale;Nuvoloso;Scarso;Sufficiente;;1;0;0;0;12.4785;41.9447;-1;1;Autovettura privata;In marcia / fermata / arresto;Conducente;F;Rimandato;0;NON DECEDUTO;Non accertato;Inesploso
5896940;10;03/04/2022 06:15:00;Strada Urbana;VIALE SPARTACO;in prossimit�;;del civico n.;28;;Scontro laterale fra veicoli in marcia;Rettilineo;Due carreggiate;Asciutto;Asfaltata;Verticale;Sereno;Normale;Sufficiente;;1;0;0;0;12.5557;41.8575;-1;1;Autovettura privata;Allontanatosi;;;;;;;
5896940;10;03/04/2022 06:15:00;Strada Urbana;VIALE SPARTACO;in prossimit�;;del civico n.;28;;Scontro laterale fra veicoli in marcia;Rettilineo;Due carreggiate;Asciutto;Asfaltata;Verticale;Sereno;Normale;Sufficiente;;1;0;0;0;12.5557;41.8575;-1;2;Autovettura privata;In marcia / fermata / arresto;Conducente;F;Rimandato;0;NON DECEDUTO;Non accertato;Inesploso
5896940;10;03/04/2022 06:15:00;Strada Urbana;VIALE SPARTACO;in prossimit�;;del civico n.;28;;Scontro laterale fra veicoli in marcia;Rettilineo;Due carreggiate;Asciutto;Asfaltata;Verticale;Sereno;Normale;Sufficiente;;1;0;0;0;12.5557;41.8575;-1;3;Autovettura privata;Sosta;;;;;;;
5896967;2;03/04/2022 06:00:00;Strada Urbana;CIRCONVALLAZIONE SALARIA;da specificare;;;;dir. Stadio 100 mt prima uscita Salaria G.R.A.;Veicolo in marcia contro ostacolo fisso;Curva a visuale libera;Due carreggiate;Asciutto;Asfaltata;Orizzontale;Sereno;Scarso;Buona;;0;0;0;1;12.512;41.9385;-1;1;Autovettura privata;In marcia / fermata / arresto;Conducente;F;Illeso;0;;;
5897000;10;03/04/2022 09:20:00;Provinciale entro l'abitato;CIRCONVALLAZIONE ORIENTALE;in prossimit�;;del civico n.;4521;;Scontro laterale fra veicoli in marcia;Rettilineo;Una carreggiata a senso unico di marcia;Asciutto;Asfaltata;Verticale ed orizzontale;Sereno;Normale;Buona;;0;0;0;2;12.5868;41.8318;-1;1;Autovettura privata;In marcia / fermata / arresto;Conducente;M;Illeso;0;;Non accertato;Inesploso
5897000;10;03/04/2022 09:20:00;Provinciale entro l'abitato;CIRCONVALLAZIONE ORIENTALE;in prossimit�;;del civico n.;4521;;Scontro laterale fra veicoli in marcia;Rettilineo;Una carreggiata a senso unico di marcia;Asciutto;Asfaltata;Verticale ed orizzontale;Sereno;Normale;Buona;;0;0;0;2;12.5868;41.8318;-1;2;Autovettura privata;In marcia / fermata / arresto;Conducente;F;Illeso;0;;Non accertato;Inesploso
5897124;18;03/04/2022 12:00:00;Strada Urbana;CIRCONVALLAZIONE AURELIA;in prossimit�;;del civico n.;48;;Scontro laterale fra veicoli in marcia;Rettilineo;Due carreggiate;Asciutto;Asfaltata;Verticale ed orizzontale;Nuvoloso;Normale;Sufficiente;;1;0;0;1;12.4278;41.8975;-1;1;Autovettura privata;In marcia / fermata / arresto;Conducente;M;Illeso;0;;Non accertato;Inesploso
5897124;18;03/04/2022 12:00:00;Strada Urbana;CIRCONVALLAZIONE AURELIA;in prossimit�;;del civico n.;48;;Scontro laterale fra veicoli in marcia;Rettilineo;Due carreggiate;Asciutto;Asfaltata;Verticale ed orizzontale;Nuvoloso;Normale;Sufficiente;;1;0;0;1;12.4278;41.8975;-1;2;Motociclo a solo;In marcia / fermata / arresto;Conducente;M;Rimandato;0;NON DECEDUTO;Non accertato;
5897130;3;01/04/2022 16:20:00;Strada Urbana;VIALE DELLE PROVINCIE;in prossimit�;;del civico n.;11;;Investimento di pedone;Rettilineo;Pi� di due carreggiate;Bagnato (pioggia);Asfaltata;Verticale ed orizzontale;Nuvoloso;Normale;Buona;;1;0;0;1;12.521;41.9124;-1;;;;Pedone;F;Rimandato;0;NON DECEDUTO;;
5897130;3;01/04/2022 16:20:00;Strada Urbana;VIALE DELLE PROVINCIE;in prossimit�;;del civico n.;11;;Investimento di pedone;Rettilineo;Pi� di due carreggiate;Bagnato (pioggia);Asfaltata;Verticale ed orizzontale;Nuvoloso;Normale;Buona;;1;0;0;1;12.521;41.9124;-1;1;Autovettura pubblica;In marcia / fermata / arresto;Conducente;M;Illeso;0;;Non accertato;Inesploso
5897140;3;01/04/2022 19:50:00;Strada Urbana;VIA DELLA LEGA LOMBARDA;in corrispondenza;;del civico n.;11;;Investimento di pedone;Rettilineo;Una carreggiata a senso unico di marcia;Asciutto;Asfaltata;Verticale ed orizzontale;Sereno;Normale;Sufficiente;;1;0;0;1;12.521;41.9124;-1;;;;Pedone;F;Rimandato;0;NON DECEDUTO;;
5897140;3;01/04/2022 19:50:00;Strada Urbana;VIA DELLA LEGA LOMBARDA;in corrispondenza;;del civico n.;11;;Investimento di pedone;Rettilineo;Una carreggiata a senso unico di marcia;Asciutto;Asfaltata;Verticale ed orizzontale;Sereno;Normale;Sufficiente;;1;0;0;1;12.521;41.9124;-1;1;Autovettura privata;In marcia / fermata / arresto;Conducente;M;Illeso;0;;Non accertato;
5897145;3;02/04/2022 01:20:00;Strada Urbana;VIA CATANIA;in prossimit�;;del civico n.;43;;Veicolo in marcia contro veicolo fermo;Rettilineo;Due carreggiate;Asciutto;Asfaltata;Verticale ed orizzontale;Sereno;Scarso;Buona;;0;0;0;1;12.5193;41.9101;-1;1;Autovettura privata;In marcia / fermata / arresto;;;;;;;
5897145;3;02/04/2022 01:20:00;Strada Urbana;VIA CATANIA;in prossimit�;;del civico n.;43;;Veicolo in marcia contro veicolo fermo;Rettilineo;Due carreggiate;Asciutto;Asfaltata;Verticale ed orizzontale;Sereno;Scarso;Buona;;0;0;0;1;12.5193;41.9101;-1;2;Autovettura privata;In marcia / fermata / arresto;Conducente;M;Illeso;0;;;
5897171;6;03/04/2022 02:00:00;Statale entro l'abitato;VIA CASILINA;in prossimit�;;del civico n.;143 A;;Veicolo in marcia contro veicolo in sosta;Rettilineo;Una carreggiata a senso unico di marcia;Bagnato (umidit� in atto);Asfaltata;Orizzontale;Nuvoloso;Scarso;Buona;;0;0;0;0;12.5243;41.8883;-1;2;Autovettura privata;Sosta;;;;;;;
5897178;20;03/04/2022 12:10:00;Statale entro l'abitato;VIA CASSIA;da specificare;;;;prossimit� incrocio VIA GIULIO GALLI;Tamponamento;Rettilineo;Una carreggiata a doppio senso;Asciutto;Asfaltata;Orizzontale;Sereno;Intenso;Buona;;0;0;0;3;12.3998;41.9892;-1;1;Autovettura privata;In marcia / fermata / arresto;Conducente;F;Illeso;0;;Non accertato;Inesploso
5897178;20;03/04/2022 12:10:00;Statale entro l'abitato;VIA CASSIA;da specificare;;;;prossimit� incrocio VIA GIULIO GALLI;Tamponamento;Rettilineo;Una carreggiata a doppio senso;Asciutto;Asfaltata;Orizzontale;Sereno;Intenso;Buona;;0;0;0;3;12.3998;41.9892;-1;1;Autovettura privata;In marcia / fermata / arresto;Passeggero;F;Illeso;0;;Non accertato;Inesploso
5897178;20;03/04/2022 12:10:00;Statale entro l'abitato;VIA CASSIA;da specificare;;;;prossimit� incrocio VIA GIULIO GALLI;Tamponamento;Rettilineo;Una carreggiata a doppio senso;Asciutto;Asfaltata;Orizzontale;Sereno;Intenso;Buona;;0;0;0;3;12.3998;41.9892;-1;2;Autovettura privata;In marcia / fermata / arresto;Conducente;F;Illeso;0;;Non accertato;Inesploso
5897188;9;01/04/2022 22:50:00;Strada Urbana;VIA TUSCOLANA;all'intersezione semaforizzata con;VIALE FURIO CAMILLO;VIALE FURIO CAMILLO;;;Scontro frontale/laterale DX fra veicoli in marcia;Intersezione semaforizzata;Due carreggiate;Asciutto;Asfaltata;Verticale ed orizzontale;Nuvoloso;Normale;Sufficiente;;1;0;0;6;12.5231;41.8748;-1;1;Autovettura privata;In marcia / fermata / arresto;Conducente;M;Illeso;0;;;
5897188;9;01/04/2022 22:50:00;Strada Urbana;VIA TUSCOLANA;all'intersezione semaforizzata con;VIALE FURIO CAMILLO;VIALE FURIO CAMILLO;;;Scontro frontale/laterale DX fra veicoli in marcia;Intersezione semaforizzata;Due carreggiate;Asciutto;Asfaltata;Verticale ed orizzontale;Nuvoloso;Normale;Sufficiente;;1;0;0;6;12.5231;41.8748;-1;1;Autovettura privata;In marcia / fermata / arresto;Passeggero;M;Illeso;0;;Non accertato;Esploso