Protocollo;Gruppo;DataOraIncidente;Localizzazione1;STRADA1;Localizzazione2;STRADA2;Strada02;Chilometrica;DaSpecificare;NaturaIncidente;particolaritastrade;TipoStrada;FondoStradale;Pavimentazione;Segnaletica;CondizioneAtmosferica;Traffico;Visibilita;Illuminazione;NUM_FERITI;NUM_RISERVATA;NUM_MORTI;NUM_ILLESI;Longitude;Latitude;Confermato;Progressivo;TipoVeicolo;StatoVeicolo;TipoPersona;Sesso;Tipolesione;Deceduto;DecedutoDopo;CinturaCascoUtilizzato;Airbag;
5897440;7;02/04/2022 08:15:00;Strada Urbana;VIA TOR DE' SCHIAVI;all'intersezione con;VIA DEI GELSI;VIA DEI GELSI;;;Scontro frontale/laterale DX fra veicoli in marcia;Incrocio;Due carreggiate;Bagnato (pioggia);Asfaltata;Verticale ed orizzontale;Pioggia in atto;Normale;Buona;;0;0;0;4;12.5614;41.8878;-1;1;Autovettura privata;In marcia / fermata / arresto;Passeggero;M;Illeso;0;;Non accertato;Inesploso
5897440;7;02/04/2022 08:15:00;Strada Urbana;VIA TOR DE' SCHIAVI;all'intersezione con;VIA DEI GELSI;VIA DEI GELSI;;;Scontro frontale/laterale DX fra veicoli in marcia;Incrocio;Due carreggiate;Bagnato (pioggia);Asfaltata;Verticale ed orizzontale;Pioggia in atto;Normale;Buona;;0;0;0;4;12.5614;41.8878;-1;2;Autovettura privata;In marcia / fermata / arresto;Conducente;F;Illeso;0;;Non accertato;Inesploso
5897454;7;02/04/2022 16:45:00;Strada Urbana;VIA DELLE ROBINIE;all'intersezione con;PIAZZA DELLE PEONIE;PIAZZA DELLE PEONIE;;;Scontro frontale/laterale DX fra veicoli in marcia;Incrocio;Una carreggiata a doppio senso;Bagnato (pioggia);Asfaltata;Verticale ed orizzontale;Pioggia in atto;Normale;Sufficiente;;1;0;0;1;12.5655;41.8827;-1;1;Autobus di linea;In marcia / fermata / arresto;Conducente;M;Illeso;0;;Non accertato;Inesploso
5897454;7;02/04/2022 16:45:00;Strada Urbana;VIA DELLE ROBINIE;all'intersezione con;PIAZZA DELLE PEONIE;PIAZZA DELLE PEONIE;;;Scontro frontale/laterale DX fra veicoli in marcia;Incrocio;Una carreggiata a doppio senso;Bagnato (pioggia);Asfaltata;Verticale ed orizzontale;Pioggia in atto;Normale;Sufficiente;;1;0;0;1;12.5655;41.8827;-1;2;Motociclo a solo;In marcia / fermata / arresto;Conducente;F;Rimandato;0;NON DECEDUTO;Non accertato;
5897461;9;03/04/2022 13:30:00;Strada Urbana;VIA GALLIA;all'intersezione con;VIA LUNI;VIA LUNI;;;Scontro frontale/laterale DX fra veicoli in marcia;Incrocio;Una carreggiata a doppio senso;Asciutto;Asfaltata;Verticale ed orizzontale;Sereno;Normale;Buona;;1;0;0;1;12.5064;41.8806;-1;1;Autovettura privata;In marcia / fermata / arresto;Conducente;F;Illeso;0;;Non accertato;Inesploso
5897461;9;03/04/2022 13:30:00;Strada Urbana;VIA GALLIA;all'intersezione con;VIA LUNI;VIA LUNI;;;Scontro frontale/laterale DX fra veicoli in marcia;Incrocio;Una carreggiata a doppio senso;Asciutto;Asfaltata;Verticale ed orizzontale;Sereno;Normale;Buona;;1;0;0;1;12.5064;41.8806;-1;2;Motociclo a solo;In marcia / fermata / arresto;Conducente;M;Rimandato;0;NON DECEDUTO;Non accertato;
5897497;7;02/04/2022 23:50:00;Strada Urbana;Tangenziale Est;da specificare;;;;TRATTO DA BATTERIA NOMENTANA A MONTI TIBURTINI;Veicolo in marcia contro ostacolo fisso;Sottopasso illuminato;Una carreggiata a senso unico di marcia;Asciutto;Asfaltata;Verticale ed orizzontale;Sereno;Scarso;Buona;;0;0;0;1;12.5282;41.9184;-1;1;Autovettura privata;In marcia / fermata / arresto;Conducente;M;Illeso;0;;Non accertato;Inesploso
5897733;15;01/04/2022 17:05:00;Strada Urbana;VIA DELLA PISANA;da specificare;;;;100 mt dopo Largo Citt� dei Ragazzi dir Gra;Veicolo in marcia contro ostacolo accidentale;Rettilineo;Una carreggiata a doppio senso;Asciutto;Asfaltata;Orizzontale;Nuvoloso;Normale;Buona;;0;0;0;1;12.389;41.8577;-1;1;Autovettura privata;In marcia / fermata / arresto;Conducente;M;Illeso;0;;Non accertato;Inesploso
5897738;15;02/04/2022 14:10:00;Strada Urbana;VIA GIOVANNI VOLPATO;da specificare;;;;fronte civico 25;Scontro frontale/laterale SX fra veicoli in marcia;Rettilineo;Due carreggiate;Asciutto;Asfaltata;Orizzontale;Nuvoloso;Normale;Buona;;1;0;0;1;12.4674;41.8714;-1;1;Autovettura privata;In marcia / fermata / arresto;Conducente;M;Illeso;0;;;
5897738;15;02/04/2022 14:10:00;Strada Urbana;VIA GIOVANNI VOLPATO;da specificare;;;;fronte civico 25;Scontro frontale/laterale SX fra veicoli in marcia;Rettilineo;Due carreggiate;Asciutto;Asfaltata;Orizzontale;Nuvoloso;Normale;Buona;;1;0;0;1;12.4674;41.8714;-1;2;Motociclo a solo;In marcia / fermata / arresto;Conducente;M;Rimandato;0;NON DECEDUTO;;
5897746;15;03/04/2022 02:30:00;Strada Urbana;PIAZZA DI PORTA PORTESE;all'intersezione semaforizzata con;PONTE SUBLICIO;PONTE SUBLICIO;;;Veicolo in marcia contro ostacolo fisso;Intersezione semaforizzata;Una carreggiata a doppio senso;Bagnato (pioggia);Asfaltata;Verticale ed orizzontale;Pioggia in atto;Scarso;Sufficiente;;1;0;0;1;12.4742;41.884;-1;1;Autovettura privata;In marcia / fermata / arresto;Conducente;F;Rimandato;0;NON DECEDUTO;Non accertato;Esploso
5897746;15;03/04/2022 02:30:00;Strada Urbana;PIAZZA DI PORTA PORTESE;all'intersezione semaforizzata con;PONTE SUBLICIO;PONTE SUBLICIO;;;Veicolo in marcia contro ostacolo fisso;Intersezione semaforizzata;Una carreggiata a doppio senso;Bagnato (pioggia);Asfaltata;Verticale ed orizzontale;Pioggia in atto;Scarso;Sufficiente;;1;0;0;1;12.4742;41.884;-1;1;Autovettura privata;In marcia / fermata / arresto;Passeggero;F;Illeso;0;;Non accertato;Esploso
5897755;15;03/04/2022 05:40:00;Strada Urbana;VIA COSTANTINO;all'intersezione con;VIALE LEONARDO DA VINCI;VIALE LEONARDO DA VINCI;;;Scontro laterale fra veicoli in marcia;Incrocio;Una carreggiata a doppio senso;Bagnato (pioggia);Asfaltata;Verticale ed orizzontale;Nuvoloso;Scarso;Sufficiente;;0;0;0;2;12.4862;41.857;-1;1;Autovettura pubblica;In marcia / fermata / arresto;Conducente;M;Illeso;0;;;
5897755;15;03/04/2022 05:40:00;Strada Urbana;VIA COSTANTINO;all'intersezione con;VIALE LEONARDO DA VINCI;VIALE LEONARDO DA VINCI;;;Scontro laterale fra veicoli in marcia;Incrocio;Una carreggiata a doppio senso;Bagnato (pioggia);Asfaltata;Verticale ed orizzontale;Nuvoloso;Scarso;Sufficiente;;0;0;0;2;12.4862;41.857;-1;2;Autovettura privata;In marcia / fermata / arresto;Conducente;F;Illeso;0;;;
5897782;15;01/04/2022 18:40:00;Strada Urbana;VIA DELLA MAGLIANA;da specificare;;;;FRONTE CIVICO 364;Tamponamento;Rettilineo;Una carreggiata a senso unico di marcia;Asciutto;Asfaltata;Orizzontale;Sereno;Normale;Buona;;0;0;0;2;12.4196;41.8317;-1;1;Autovettura privata;In marcia / fermata / arresto;Conducente;M;Illeso;0;;;
5897782;15;01/04/2022 18:40:00;Strada Urbana;VIA DELLA MAGLIANA;da specificare;;;;FRONTE CIVICO 364;Tamponamento;Rettilineo;Una carreggiata a senso unico di marcia;Asciutto;Asfaltata;Orizzontale;Sereno;Normale;Buona;;0;0;0;2;12.4196;41.8317;-1;2;Autovettura privata;In marcia / fermata / arresto;Conducente;M;Illeso;0;;;
5897786;8;03/04/2022 12:15:00;Strada Urbana;VIA PRENESTINA;all'intersezione con;VIA DEL PONTE DI NONA;VIA DEL PONTE DI NONA;;;Tamponamento;Incrocio;Una carreggiata a doppio senso;Asciutto;Asfaltata;Verticale ed orizzontale;Sereno;Normale;Buona;;2;0;0;3;12.6668;41.8909;-1;1;Autovettura privata;In marcia / fermata / arresto;Conducente;M;Illeso;0;;Non accertato;Inesploso
5897786;8;03/04/2022 12:15:00;Strada Urbana;VIA PRENESTINA;all'intersezione con;VIA DEL PONTE DI NONA;VIA DEL PONTE DI NONA;;;Tamponamento;Incrocio;Una carreggiata a doppio senso;Asciutto;Asfaltata;Verticale ed orizzontale;Sereno;Normale;Buona;;2;0;0;3;12.6668;41.8909;-1;1;Autovettura privata;In marcia / fermata / arresto;Passeggero;F;Illeso;0;;Non accertato;Inesploso
5897786;8;03/04/2022 12:15:00;Strada Urbana;VIA PRENESTINA;all'intersezione con;VIA DEL PONTE DI NONA;VIA DEL PONTE DI NONA;;;Tamponamento;Incrocio;Una carreggiata a doppio senso;Asciutto;Asfaltata;Verticale ed orizzontale;Sereno;Normale;Buona;;2;0;0;3;12.6668;41.8909;-1;1;Autovettura privata;In marcia / fermata / arresto;Passeggero;M;Illeso;0;;Non accertato;Inesploso
5897786;8;03/04/2022 12:15:00;Strada Urbana;VIA PRENESTINA;all'intersezione con;VIA DEL PONTE DI NONA;VIA DEL PONTE DI NONA;;;Tamponamento;Incrocio;Una carreggiata a doppio senso;Asciutto;Asfaltata;Verticale ed orizzontale;Sereno;Normale;Buona;;2;0;0;3;12.6668;41.8909;-1;2;Autovettura privata;In marcia / fermata / arresto;Conducente;M;Rifiuta cure immediate;0;NON DECEDUTO;Non accertato;Inesploso
5897786;8;03/04/2022 12:15:00;Strada Urbana;VIA PRENESTINA;all'intersezione con;VIA DEL PONTE DI NONA;VIA DEL PONTE DI NONA;;;Tamponamento;Incrocio;Una carreggiata a doppio senso;Asciutto;Asfaltata;Verticale ed orizzontale;Sereno;Normale;Buona;;2;0;0;3;12.6668;41.8909;-1;2;Autovettura privata;In marcia / fermata / arresto;Passeggero;F;Rifiuta cure immediate;0;NON DECEDUTO;Non accertato;Inesploso
5897796;19;01/04/2022 05:20:00;Strada Urbana;VIA DI CASAL DEL MARMO;in corrispondenza;;del civico n.;590;;Veicolo in marcia contro ostacolo fisso;Curva senza visuale libera;Una carreggiata a doppio senso;Bagnato (pioggia);Asfaltata;Orizzontale;Pioggia in atto;Normale;Sufficiente;;1;0;0;0;12.3852;41.938;-1;1;Autovettura privata;In marcia / fermata / arresto;Conducente;M;Rimandato;0;NON DECEDUTO;;
5897798;15;01/04/2022 16:10:00;Strada Urbana;LUNGOTEVERE VITTORIO GASSMAN;da specificare;;;;prossimit� Via Blaserna;Veicolo in marcia contro ostacolo accidentale;Rettilineo;Una carreggiata a doppio senso;Asciutto;Asfaltata;Verticale ed orizzontale;Nuvoloso;Normale;Buona;;0;0;0;1;12.4725;41.8692;-1;1;Autovettura privata;In marcia / fermata / arresto;Conducente;M;Illeso;0;;;
5897801;20;02/04/2022 20:05:00;Strada Urbana;VIA DI VALLE MURICANA;da specificare;;;;prossimit� via saronno;Tamponamento;Rettilineo;Una carreggiata a doppio senso;Bagnato (pioggia);Asfaltata;Verticale ed orizzontale;Pioggia in atto;Normale;Sufficiente;;2;0;0;1;12.4677;42.0281;-1;1;Autovettura privata;In marcia / fermata / arresto;Conducente;M;Illeso;0;;Non accertato;Esploso
5897801;20;02/04/2022 20:05:00;Strada Urbana;VIA DI VALLE MURICANA;da specificare;;;;prossimit� via saronno;Tamponamento;Rettilineo;Una carreggiata a doppio senso;Bagnato (pioggia);Asfaltata;Verticale ed orizzontale;Pioggia in atto;Normale;Sufficiente;;2;0;0;1;12.4677;42.0281;-1;1;Autovettura privata;In marcia / fermata / arresto;Passeggero;M;Rimandato;0;NON DECEDUTO;Non accertato;Esploso
5897801;20;02/04/2022 20:05:00;Strada Urbana;VIA DI VALLE MURICANA;da specificare;;;;prossimit� via saronno;Tamponamento;Rettilineo;Una carreggiata a doppio senso;Bagnato (pioggia);Asfaltata;Verticale ed orizzontale;Pioggia in atto;Normale;Sufficiente;;2;0;0;1;12.4677;42.0281;-1;2;Autovettura privata;In marcia / fermata / arresto;Conducente;F;Rimandato;0;NON DECEDUTO;Non accertato;Inesploso
5897808;9;03/04/2022 16:30:00;;VIA APPIA NUOVA;in corrispondenza;;del civico n.;86;;Scontro frontale/laterale DX fra veicoli in marcia;;;;;;;;;;1;0;0;1;;;0;1;Autovettura privata;In marcia / fermata / arresto;Conducente;;Illeso;0;;;
5897808;9;03/04/2022 16:30:00;;VIA APPIA NUOVA;in corrispondenza;;del civico n.;86;;Scontro frontale/laterale DX fra veicoli in marcia;;;;;;;;;;1;0;0;1;;;0;2;Velocipede;In marcia / fermata / arresto;Conducente;M;Rimandato;0;NON DECEDUTO;Esente;
5897820;19;01/04/2022 15:15:00;Strada Urbana;VIA PASQUALE II;in prossimit�;;del civico n.;67;;Scontro frontale/laterale DX fra veicoli in marcia;Rettilineo;Una carreggiata a doppio senso;Asciutto;Asfaltata;Orizzontale;Nuvoloso;Scarso;Buona;;0;0;0;3;12.4122;41.913;-1;1;Autovettura privata;In marcia / fermata / arresto;Conducente;M;Illeso;0;;Non accertato;Inesploso
5897820;19;01/04/2022 15:15:00;Strada Urbana;VIA PASQUALE II;in prossimit�;;del civico n.;67;;Scontro frontale/laterale DX fra veicoli in marcia;Rettilineo;Una carreggiata a doppio senso;Asciutto;Asfaltata;Orizzontale;Nuvoloso;Scarso;Buona;;0;0;0;3;12.4122;41.913;-1;2;Autovettura privata;In marcia / fermata / arresto;Conducente;F;Illeso;0;;Non accertato;Inesploso
5897820;19;01/04/2022 15:15:00;Strada Urbana;VIA PASQUALE II;in prossimit�;;del civico n.;67;;Scontro frontale/laterale DX fra veicoli in marcia;Rettilineo;Una carreggiata a doppio senso;Asciutto;Asfaltata;Orizzontale;Nuvoloso;Scarso;Buona;;0;0;0;3;12.4122;41.913;-1;2;Autovettura privata;In marcia / fermata / arresto;Passeggero;M;Illeso;0;;Non accertato;Inesploso
5897821;11;03/04/2022 06:50:00;Strada Urbana;VIA ERODE ATTICO;da specificare;;;;pross. civ. 34;Fuoriuscita dalla sede stradale;Rettilineo;Una carreggiata a doppio senso;Bagnato (umidit� in atto);Asfaltata;Verticale ed orizzontale;Sereno;Normale;Buona;;3;0;0;1;12.5412;41.8353;-1;1;Autovettura privata;In marcia / fermata / arresto;Conducente;M;Illeso;0;;Non accertato;
5897821;11;03/04/2022 06:50:00;Strada Urbana;VIA ERODE ATTICO;da specificare;;;;pross. civ. 34;Fuoriuscita dalla sede stradale;Rettilineo;Una carreggiata a doppio senso;Bagnato (umidit� in atto);Asfaltata;Verticale ed orizzontale;Sereno;Normale;Buona;;3;0;0;1;12.5412;41.8353;-1;1;Autovettura privata;In marcia / fermata / arresto;Passeggero;F;Rimandato;0;NON DECEDUTO;Non accertato;
5897821;11;03/04/2022 06:50:00;Strada Urbana;VIA ERODE ATTICO;da specificare;;;;pross. civ. 34;Fuoriuscita dalla sede stradale;Rettilineo;Una carreggiata a doppio senso;Bagnato (umidit� in atto);Asfaltata;Verticale ed orizzontale;Sereno;Normale;Buona;;3;0;0;1;12.5412;41.8353;-1;1;Autovettura privata;In marcia / fermata / arresto;Passeggero;F;Rimandato;0;NON DECEDUTO;Non accertato;
5897821;11;03/04/2022 06:50:00;Strada Urbana;VIA ERODE ATTICO;da specificare;;;;pross. civ. 34;Fuoriuscita dalla sede stradale;Rettilineo;Una carreggiata a doppio senso;Bagnato (umidit� in atto);Asfaltata;Verticale ed orizzontale;Sereno;Normale;Buona;;3;0;0;1;12.5412;41.8353;-1;1;Autovettura privata;In marcia / fermata / arresto;Passeggero;M;Rimandato;0;NON DECEDUTO;Non accertato;
5897826;19;01/04/2022 15:00:00;Strada Urbana;VIA TRIONFALE;in prossimit�;;del civico n.;9263;;Scontro frontale/laterale SX fra veicoli in marcia;Rettilineo;Una carreggiata a doppio senso;Asciutto;Asfaltata;Orizzontale;Nuvoloso;Intenso;Buona;;1;0;0;2;12.4255;41.9384;-1;1;Autovettura privata;In marcia / fermata / arresto;Conducente;M;Illeso;0;;;
5897826;19;01/04/2022 15:00:00;Strada Urbana;VIA TRIONFALE;in prossimit�;;del civico n.;9263;;Scontro frontale/laterale SX fra veicoli in marcia;Rettilineo;Una carreggiata a doppio senso;Asciutto;Asfaltata;Orizzontale;Nuvoloso;Intenso;Buona;;1;0;0;2;12.4255;41.9384;-1;1;Autovettura privata;In marcia / fermata / arresto;Passeggero;M;Illeso;0;;;
5897826;19;01/04/2022 15:00:00;Strada Urbana;VIA TRIONFALE;in prossimit�;;del civico n.;9263;;Scontro frontale/laterale SX fra veicoli in marcia;Rettilineo;Una carreggiata a doppio senso;Asciutto;Asfaltata;Orizzontale;Nuvoloso;Intenso;Buona;;1;0;0;2;12.4255;41.9384;-1;2;Motociclo a solo;In marcia / fermata / arresto;Conducente;M;Rimandato;0;NON DECEDUTO;;
5897836;19;01/04/2022 10:20:00;Strada Urbana;VIA TRIONFALE;all'intersezione con;VIA FIAMIGNANO;VIA FIAMIGNANO;;;Veicolo in marcia contro ostacolo fisso;Intersezione stradale segnalata;Una carreggiata a senso unico di marcia;Bagnato (pioggia);Asfaltata;Verticale ed orizzontale;Nuvoloso;Normale;Buona;;0;0;0;2;12.4097;41.9675;-1;1;Autovettura privata;In marcia / fermata / arresto;Conducente;F;Illeso;0;;Non accertato;Inesploso
5897836;19;01/04/2022 10:20:00;Strada Urbana;VIA TRIONFALE;all'intersezione con;VIA FIAMIGNANO;VIA FIAMIGNANO;;;Veicolo in marcia contro ostacolo fisso;Intersezione stradale segnalata;Una carreggiata a senso unico di marcia;Bagnato (pioggia);Asfaltata;Verticale ed orizzontale;Nuvoloso;Normale;Buona;;0;0;0;2;12.4097;41.9675;-1;1;Autovettura privata;In marcia / fermata / arresto;Passeggero;M;Illeso;0;;Non accertato;Inesploso
5897842;19;01/04/2022 08:50:00;Strada Urbana;VIA EUGENIO DI MATTEI;in prossimit�;;del civico n.;72;;Scontro frontale/laterale DX fra veicoli in marcia;Rettilineo;Una carreggiata a doppio senso;Bagnato (pioggia);Asfaltata;Orizzontale;Pioggia in atto;Normale;Buona;;1;0;0;1;12.4182;41.9435;-1;1;Autovettura privata;In marcia / fermata / arresto;Conducente;F;Illeso;0;;Non accertato;Inesploso
5897842;19;01/04/2022 08:50:00;Strada Urbana;VIA EUGENIO DI MATTEI;in prossimit�;;del civico n.;72;;Scontro frontale/laterale DX fra veicoli in marcia;Rettilineo;Una carreggiata a doppio senso;Bagnato (pioggia);Asfaltata;Orizzontale;Pioggia in atto;Normale;Buona;;1;0;0;1;12.4182;41.9435;-1;2;Motociclo a solo;In marcia / fermata / arresto;Conducente;M;Rimandato;0;NON DECEDUTO;Non accertato;
5897844;9;03/04/2022 17:40:00;Strada Urbana;VIA APPIA NUOVA;in prossimit�;;del civico n.;453;;Tamponamento;Rettilineo;Una carreggiata a senso unico di marcia;Asciutto;Asfaltata;Orizzontale;Sereno;Normale;Buona;;0;0;0;2;12.5253;41.8732;-1;1;Autovettura privata;In marcia / fermata / arresto;Conducente;F;Illeso;0;;Non accertato;Inesploso
5897844;9;03/04/2022 17:40:00;Strada Urbana;VIA APPIA NUOVA;in prossimit�;;del civico n.;453;;Tamponamento;Rettilineo;Una carreggiata a senso unico di marcia;Asciutto;Asfaltata;Orizzontale;Sereno;Normale;Buona;;0;0;0;2;12.5253;41.8732;-1;2;Autovettura privata;In marcia / fermata / arresto;Conducente;F;Illeso;0;;Non accertato;Inesploso
5897855;19;01/04/2022 02:20:00;Strada Urbana;VIALE DI TOR DI QUINTO;in prossimit�;;del civico n.;119;;Fuoriuscita dalla sede stradale;Rettilineo;Una carreggiata a senso unico di marcia;Bagnato (pioggia);Asfaltata;Verticale ed orizzontale;Pioggia in atto;Scarso;Sufficiente;;0;0;0;5;12.4865;41.9453;-1;1;Autovettura privata;In marcia / fermata / arresto;Conducente;M;Illeso;0;;;
5897855;19;01/04/2022 02:20:00;Strada Urbana;VIALE DI TOR DI QUINTO;in prossimit�;;del civico n.;119;;Fuoriuscita dalla sede stradale;Rettilineo;Una carreggiata a senso unico di marcia;Bagnato (pioggia);Asfaltata;Verticale ed orizzontale;Pioggia in atto;Scarso;Sufficiente;;0;0;0;5;12.4865;41.9453;-1;1;Autovettura privata;In marcia / fermata / arresto;Passeggero;M;Illeso;0;;;
5897855;19;01/04/2022 02:20:00;Strada Urbana;VIALE DI TOR DI QUINTO;in prossimit�;;del civico n.;119;;Fuoriuscita dalla sede stradale;Rettilineo;Una carreggiata a senso unico di marcia;Bagnato (pioggia);Asfaltata;Verticale ed orizzontale;Pioggia in atto;Scarso;Sufficiente;;0;0;0;5;12.4865;41.9453;-1;1;Autovettura privata;In marcia / fermata / arresto;Passeggero;M;Illeso;0;;;
5897865;19;02/04/2022 17:00:00;Strada Urbana;VIA DI BOCCEA;all'intersezione con;VIA DI SELVA NERA;VIA DI SELVA NERA;;;Scontro laterale fra veicoli in marcia;Incrocio;Una carreggiata a doppio senso;Bagnato (pioggia);Asfaltata;Verticale ed orizzontale;Pioggia in atto;Normale;Buona;;0;0;0;4;12.3847;41.9149;-1;1;Autovettura privata;In marcia / fermata / arresto;Conducente;F;Illeso;0;;Non accertato;Inesploso
5897865;19;02/04/2022 17:00:00;Strada Urbana;VIA DI BOCCEA;all'intersezione con;VIA DI SELVA NERA;VIA DI SELVA NERA;;;Scontro laterale fra veicoli in marcia;Incrocio;Una carreggiata a doppio senso;Bagnato (pioggia);Asfaltata;Verticale ed orizzontale;Pioggia in atto;Normale;Buona;;0;0;0;4;12.3847;41.9149;-1;1;Autovettura privata;In marcia / fermata / arresto;Passeggero;F;Illeso;0;;Non accertato;Inesploso
5897865;19;02/04/2022 17:00:00;Strada Urbana;VIA DI BOCCEA;all'intersezione con;VIA DI SELVA NERA;VIA DI SELVA NERA;;;Scontro laterale fra veicoli in marcia;Incrocio;Una carreggiata a doppio senso;Bagnato (pioggia);Asfaltata;Verticale ed orizzontale;Pioggia in atto;Normale;Buona;;0;0;0;4;12.3847;41.9149;-1;2;Autovettura privata;In marcia / fermata / arresto;Conducente;M;Illeso;0;;Non accertato;Inesploso
5897867;12;02/04/2022 17:00:00;Provinciale;VIA LAURENTINA;in prossimit�;;della chilometrica;20.2;;Ribaltamento senza urto contro ostacolo fisso;Curva a visuale libera;Una carreggiata a doppio senso;Bagnato (pioggia);Asfaltata;Verticale ed orizzontale;Pioggia in atto;Normale;Buona;;0;0;0;1;12.4856;41.8103;-1;1;Autovettura privata;In marcia / fermata / arresto;Conducente;M;Illeso;0;;Non accertato;Inesploso
5897869;15;03/04/2022 13:30:00;Strada Urbana;VIA LUIGI ERCOLE MORSELLI;all'intersezione con;VIA LUIGI DASTI;VIA LUIGI DASTI;;;Tamponamento;Incrocio;Una carreggiata a doppio senso;Asciutto;Asfaltata;Verticale ed orizzontale;Sereno;Scarso;Buona;;0;0;0;2;12.4149;41.8271;-1;1;Autovettura privata;In marcia / fermata / arresto;Conducente;F;Illeso;0;;;Inesploso
5897869;15;03/04/2022 13:30:00;Strada Urbana;VIA LUIGI ERCOLE MORSELLI;all'intersezione con;VIA LUIGI DASTI;VIA LUIGI DASTI;;;Tamponamento;Incrocio;Una carreggiata a doppio senso;Asciutto;Asfaltata;Verticale ed orizzontale;Sereno;Scarso;Buona;;0;0;0;2;12.4149;41.8271;-1;2;Motociclo a solo;In marcia / fermata / arresto;Conducente;M;Illeso;0;;Utilizzato;
5897874;19;02/04/2022 19:50:00;Strada Urbana;VIA TRIONFALE;in prossimit�;;del civico n.;8028;;Infortunio per sola frenata improvvisa;Rettilineo;Una carreggiata a senso unico di marcia;Bagnato (pioggia);Asfaltata;Assente;Nuvoloso;Normale;Sufficiente;;1;0;0;0;12.4304;41.937;-1;1;Motociclo a solo;In marcia / fermata / arresto;Conducente;M;Rimandato;0;NON DECEDUTO;;
5897876;4;02/04/2022 09:10:00;Strada Urbana;VIALE ADRIATICO;in prossimit�;;del civico n.;136;;Scontro laterale fra veicoli in marcia;Rettilineo;Due carreggiate;Bagnato (umidit� in atto);Asfaltata;Verticale ed orizzontale;Nuvoloso;Scarso;Buona;;0;0;0;4;12.5376;41.9424;-1;1;Autovettura privata;In marcia / fermata / arresto;Conducente;M;Illeso;0;;Non accertato;Inesploso
5897876;4;02/04/2022 09:10:00;Strada Urbana;VIALE ADRIATICO;in prossimit�;;del civico n.;136;;Scontro laterale fra veicoli in marcia;Rettilineo;Due carreggiate;Bagnato (umidit� in atto);Asfaltata;Verticale ed orizzontale;Nuvoloso;Scarso;Buona;;0;0;0;4;12.5376;41.9424;-1;1;Autovettura privata;In marcia / fermata / arresto;Passeggero;M;Illeso;0;;Non accertato;
5897876;4;02/04/2022 09:10:00;Strada Urbana;VIALE ADRIATICO;in prossimit�;;del civico n.;136;;Scontro laterale fra veicoli in marcia;Rettilineo;Due carreggiate;Bagnato (umidit� in atto);Asfaltata;Verticale ed orizzontale;Nuvoloso;Scarso;Buona;;0;0;0;4;12.5376;41.9424;-1;1;Autovettura privata;In marcia / fermata / arresto;Passeggero;M;Illeso;0;;Non accertato;Inesploso
5897876;4;02/04/2022 09:10:00;Strada Urbana;VIALE ADRIATICO;in prossimit�;;del civico n.;136;;Scontro laterale fra veicoli in marcia;Rettilineo;Due carreggiate;Bagnato (umidit� in atto);Asfaltata;Verticale ed orizzontale;Nuvoloso;Scarso;Buona;;0;0;0;4;12.5376;41.9424;-1;2;Autovettura privata;In marcia / fermata / arresto;Conducente;M;Illeso;0;;Non accertato;Inesploso
5897877;19;02/04/2022 05:00:00;Strada Urbana;VIA LIMBIATE;in prossimit�;;del civico n.;60;;Veicolo in marcia contro veicoli in sosta;Rettilineo;Una carreggiata a senso unico di marcia;Bagnato (pioggia);Asfaltata;Assente;Pioggia in atto;Scarso;Sufficiente;;0;0;0;1;12.3897;41.9468;-1;1;Autovettura privata;In marcia / fermata / arresto;Conducente;F;Illeso;0;;;
5897877;19;02/04/2022 05:00:00;Strada Urbana;VIA LIMBIATE;in prossimit�;;del civico n.;60;;Veicolo in marcia contro veicoli in sosta;Rettilineo;Una carreggiata a senso unico di marcia;Bagnato (pioggia);Asfaltata;Assente;Pioggia in atto;Scarso;Sufficiente;;0;0;0;1;12.3897;41.9468;-1;2;Autovettura privata;Sosta;;;;;;;
5897877;19;02/04/2022 05:00:00;Strada Urbana;VIA LIMBIATE;in prossimit�;;del civico n.;60;;Veicolo in marcia contro veicoli in sosta;Rettilineo;Una carreggiata a senso unico di marcia;Bagnato (pioggia);Asfaltata;Assente;Pioggia in atto;Scarso;Sufficiente;;0;0;0;1;12.3897;41.9468;-1;3;Autovettura privata;Sosta;;;;;;;
5897881;1;03/04/2022 20:35:00;Strada Urbana;VIA MARMORATA;all'intersezione con;PIAZZA DI PORTA S. PAOLO;PIAZZA DI PORTA S. PAOLO;;;Scontro frontale/laterale DX fra veicoli in marcia;Intersezione stradale segnalata;Una carreggiata a doppio senso;Asciutto;In cubetti di porfido;Verticale ed orizzontale;Sereno;Scarso;Sufficiente;;0;0;0;2;12.4784;41.8796;-1;1;Autobus di linea;In marcia / fermata / arresto;Conducente;M;Illeso;0;;;
5897881;1;03/04/2022 20:35:00;Strada Urbana;VIA MARMORATA;all'intersezione con;PIAZZA DI PORTA S. PAOLO;PIAZZA DI PORTA S. PAOLO;;;Scontro frontale/laterale DX fra veicoli in marcia;Intersezione stradale segnalata;Una carreggiata a doppio senso;Asciutto;In cubetti di porfido;Verticale ed orizzontale;Sereno;Scarso;Sufficiente;;0;0;0;2;12.4784;41.8796;-1;2;Autovettura privata;In marcia / fermata / arresto;Conducente;M;Illeso;0;;;