Protocollo;Gruppo;DataOraIncidente;Localizzazione1;STRADA1;Localizzazione2;STRADA2;Strada02;Chilometrica;DaSpecificare;NaturaIncidente;particolaritastrade;TipoStrada;FondoStradale;Pavimentazione;Segnaletica;CondizioneAtmosferica;Traffico;Visibilita;Illuminazione;NUM_FERITI;NUM_RISERVATA;NUM_MORTI;NUM_ILLESI;Longitude;Latitude;Confermato;Progressivo;TipoVeicolo;StatoVeicolo;TipoPersona;Sesso;Tipolesione;Deceduto;DecedutoDopo;CinturaCascoUtilizzato;Airbag;
5897988;4;02/04/2022 20:40:00;Strada Urbana;VIA MAIELLA;in corrispondenza;;del civico n.;11;;Infortunio per sola frenata improvvisa;Rettilineo;Una carreggiata a senso unico di marcia;Bagnato (pioggia);Asfaltata;Verticale ed orizzontale;Pioggia in atto;Normale;Buona;;0;0;0;3;12.5348;41.9352;-1;2;Motociclo a solo;In marcia / fermata / arresto;Conducente;M;Illeso;0;;Non accertato;
5897989;1;02/04/2022 14:30:00;Strada Urbana;VIA LAMARMORA;all'intersezione semaforizzata con;PIAZZA VITTORIO EMANUELE II;PIAZZA VITTORIO EMANUELE II;;;Scontro laterale fra veicoli in marcia;Intersezione semaforizzata;Una carreggiata a senso unico di marcia;Asciutto;In cubetti di porfido;Verticale ed orizzontale;Nuvoloso;Normale;Buona;;0;0;0;2;12.5064;41.8944;-1;1;Autovettura privata;In marcia / fermata / arresto;Conducente;M;Illeso;0;;Non accertato;Inesploso
5897989;1;02/04/2022 14:30:00;Strada Urbana;VIA LAMARMORA;all'intersezione semaforizzata con;PIAZZA VITTORIO EMANUELE II;PIAZZA VITTORIO EMANUELE II;;;Scontro laterale fra veicoli in marcia;Intersezione semaforizzata;Una carreggiata a senso unico di marcia;Asciutto;In cubetti di porfido;Verticale ed orizzontale;Nuvoloso;Normale;Buona;;0;0;0;2;12.5064;41.8944;-1;2;Autovettura pubblica;In marcia / fermata / arresto;Conducente;M;Illeso;0;;Non accertato;
5897995;2;01/04/2022 15:39:00;Strada Urbana;VIA GUALTIERO CASTELLINI;in prossimit�;;del civico n.;28;;Scontro laterale fra veicoli in marcia;Rettilineo;Una carreggiata a doppio senso;Asciutto;Asfaltata;Verticale ed orizzontale;Sereno;Normale;Buona;;0;0;0;3;12.4905;41.9273;-1;1;Autovettura privata;In marcia / fermata / arresto;Conducente;F;Illeso;0;;Non accertato;Inesploso
5897995;2;01/04/2022 15:39:00;Strada Urbana;VIA GUALTIERO CASTELLINI;in prossimit�;;del civico n.;28;;Scontro laterale fra veicoli in marcia;Rettilineo;Una carreggiata a doppio senso;Asciutto;Asfaltata;Verticale ed orizzontale;Sereno;Normale;Buona;;0;0;0;3;12.4905;41.9273;-1;1;Autovettura privata;In marcia / fermata / arresto;Passeggero;M;Illeso;0;;Non accertato;Inesploso
5897995;2;01/04/2022 15:39:00;Strada Urbana;VIA GUALTIERO CASTELLINI;in prossimit�;;del civico n.;28;;Scontro laterale fra veicoli in marcia;Rettilineo;Una carreggiata a doppio senso;Asciutto;Asfaltata;Verticale ed orizzontale;Sereno;Normale;Buona;;0;0;0;3;12.4905;41.9273;-1;2;Autovettura pubblica;In marcia / fermata / arresto;Conducente;M;Illeso;0;;;
5898002;17;02/04/2022 11:11:00;Strada Urbana;VIALE GIUSEPPE MAZZINI;all'intersezione con;VIA NICOTERA;VIA NICOTERA;;;Veicolo in marcia contro veicolo arresto;Incrocio;Due carreggiate;Asciutto;Asfaltata;Verticale ed orizzontale;Nuvoloso;Normale;Buona;;0;0;0;2;12.4626;41.9158;-1;1;Motociclo con passeggero;In marcia / fermata / arresto;Conducente;M;Illeso;0;;;
5898002;17;02/04/2022 11:11:00;Strada Urbana;VIALE GIUSEPPE MAZZINI;all'intersezione con;VIA NICOTERA;VIA NICOTERA;;;Veicolo in marcia contro veicolo arresto;Incrocio;Due carreggiate;Asciutto;Asfaltata;Verticale ed orizzontale;Nuvoloso;Normale;Buona;;0;0;0;2;12.4626;41.9158;-1;2;Autovettura privata;In marcia / fermata / arresto;Conducente;M;Illeso;0;;;
5898004;1;03/04/2022 22:55:00;Strada Urbana;VIA DEI SABINI;in prossimit�;;del civico n.;3;;Veicolo in marcia contro veicolo fermo;Rettilineo;Una carreggiata a senso unico di marcia;Asciutto;Asfaltata;Verticale ed orizzontale;Nuvoloso;Scarso;Buona;;0;0;0;1;12.481;41.9007;0;1;Monopattino elettrico;In marcia / fermata / arresto;;;;;;;
5898004;1;03/04/2022 22:55:00;Strada Urbana;VIA DEI SABINI;in prossimit�;;del civico n.;3;;Veicolo in marcia contro veicolo fermo;Rettilineo;Una carreggiata a senso unico di marcia;Asciutto;Asfaltata;Verticale ed orizzontale;Nuvoloso;Scarso;Buona;;0;0;0;1;12.481;41.9007;0;2;Autovettura pubblica;In marcia / fermata / arresto;Conducente;M;Illeso;0;;Utilizzato;Inesploso
5898006;1;03/04/2022 03:30:00;Strada Urbana;PIAZZALE CLODIO;all'intersezione semaforizzata con;CIRCONVALLAZIONE CLODIA;CIRCONVALLAZIONE CLODIA;;;Veicolo in marcia contro veicolo in sosta;Intersezione stradale segnalata;Una carreggiata a doppio senso;Bagnato (pioggia);Asfaltata;Verticale ed orizzontale;Sereno;Scarso;Sufficiente;;0;0;0;1;12.4549;41.9167;-1;1;Autovettura privata;In marcia / fermata / arresto;Conducente;M;Illeso;0;;;
5898006;1;03/04/2022 03:30:00;Strada Urbana;PIAZZALE CLODIO;all'intersezione semaforizzata con;CIRCONVALLAZIONE CLODIA;CIRCONVALLAZIONE CLODIA;;;Veicolo in marcia contro veicolo in sosta;Intersezione stradale segnalata;Una carreggiata a doppio senso;Bagnato (pioggia);Asfaltata;Verticale ed orizzontale;Sereno;Scarso;Sufficiente;;0;0;0;1;12.4549;41.9167;-1;2;Autovettura privata;Sosta;;;;;;;
5898007;13;04/04/2022 05:00:00;Strada Urbana;VIA CARLO CASINI;all'intersezione con;VIA NICOLO' BALANZANO;VIA NICOLO' BALANZANO;;;Veicolo in marcia contro veicolo in sosta;Incrocio;Una carreggiata a senso unico di marcia;Asciutto;Asfaltata;Verticale ed orizzontale;Sereno;Normale;Buona;;0;0;0;0;12.3374;41.7823;0;1;Veicolo ignoto perch� FUGA;Allontanatosi;;;;;;;
5898007;13;04/04/2022 05:00:00;Strada Urbana;VIA CARLO CASINI;all'intersezione con;VIA NICOLO' BALANZANO;VIA NICOLO' BALANZANO;;;Veicolo in marcia contro veicolo in sosta;Incrocio;Una carreggiata a senso unico di marcia;Asciutto;Asfaltata;Verticale ed orizzontale;Sereno;Normale;Buona;;0;0;0;0;12.3374;41.7823;0;2;Autovettura privata;Sosta;;;;;;;
5898017;2;01/04/2022 10:38:00;Strada Urbana;VIA SALARIA;all'intersezione con;VIA BASENTO;VIA BASENTO;;;Scontro frontale/laterale DX fra veicoli in marcia;Incrocio;Una carreggiata a senso unico di marcia;Bagnato (pioggia);Asfaltata;Verticale ed orizzontale;Pioggia in atto;Normale;Buona;;0;0;0;2;12.5115;41.9873;-1;1;Autovettura privata;In marcia / fermata / arresto;Conducente;M;Illeso;0;;Non accertato;Inesploso
5898017;2;01/04/2022 10:38:00;Strada Urbana;VIA SALARIA;all'intersezione con;VIA BASENTO;VIA BASENTO;;;Scontro frontale/laterale DX fra veicoli in marcia;Incrocio;Una carreggiata a senso unico di marcia;Bagnato (pioggia);Asfaltata;Verticale ed orizzontale;Pioggia in atto;Normale;Buona;;0;0;0;2;12.5115;41.9873;-1;2;Autovettura privata;In marcia / fermata / arresto;Conducente;M;Illeso;0;;Non accertato;Inesploso
5898022;1;03/04/2022 02:00:00;Strada Urbana;VIA BONCOMPAGNI;all'intersezione semaforizzata con;VIA PIEMONTE;VIA PIEMONTE;;;Scontro frontale/laterale DX fra veicoli in marcia;Intersezione semaforizzata;Una carreggiata a doppio senso;Bagnato (pioggia);Asfaltata;Verticale ed orizzontale;Pioggia in atto;Scarso;Sufficiente;;2;0;0;0;12.4935;41.9084;-1;1;Autovettura privata;In marcia / fermata / arresto;Conducente;M;Rimandato;0;NON DECEDUTO;Non accertato;Inesploso
5898022;1;03/04/2022 02:00:00;Strada Urbana;VIA BONCOMPAGNI;all'intersezione semaforizzata con;VIA PIEMONTE;VIA PIEMONTE;;;Scontro frontale/laterale DX fra veicoli in marcia;Intersezione semaforizzata;Una carreggiata a doppio senso;Bagnato (pioggia);Asfaltata;Verticale ed orizzontale;Pioggia in atto;Scarso;Sufficiente;;2;0;0;0;12.4935;41.9084;-1;2;Autovettura privata;In marcia / fermata / arresto;Conducente;M;Rimandato;0;NON DECEDUTO;Non accertato;Inesploso
5898025;4;03/04/2022 05:35:00;Strada Urbana;VIA DEI PRATI FISCALI;in corrispondenza;;del civico n.;271;;Veicolo in marcia contro veicoli in sosta;Rettilineo;Due carreggiate;Bagnato (pioggia);Asfaltata;Verticale ed orizzontale;Sereno;Scarso;Sufficiente;;0;0;0;2;12.5148;41.9457;-1;1;Autovettura privata;In marcia / fermata / arresto;Conducente;M;Illeso;0;;Non accertato;Esploso
5898025;4;03/04/2022 05:35:00;Strada Urbana;VIA DEI PRATI FISCALI;in corrispondenza;;del civico n.;271;;Veicolo in marcia contro veicoli in sosta;Rettilineo;Due carreggiate;Bagnato (pioggia);Asfaltata;Verticale ed orizzontale;Sereno;Scarso;Sufficiente;;0;0;0;2;12.5148;41.9457;-1;1;Autovettura privata;In marcia / fermata / arresto;Passeggero;F;Illeso;0;;Non accertato;Esploso
5898025;4;03/04/2022 05:35:00;Strada Urbana;VIA DEI PRATI FISCALI;in corrispondenza;;del civico n.;271;;Veicolo in marcia contro veicoli in sosta;Rettilineo;Due carreggiate;Bagnato (pioggia);Asfaltata;Verticale ed orizzontale;Sereno;Scarso;Sufficiente;;0;0;0;2;12.5148;41.9457;-1;2;Autovettura privata;Sosta;;;;;;;
5898025;4;03/04/2022 05:35:00;Strada Urbana;VIA DEI PRATI FISCALI;in corrispondenza;;del civico n.;271;;Veicolo in marcia contro veicoli in sosta;Rettilineo;Due carreggiate;Bagnato (pioggia);Asfaltata;Verticale ed orizzontale;Sereno;Scarso;Sufficiente;;0;0;0;2;12.5148;41.9457;-1;3;Autovettura privata;Sosta;;;;;;;
5898025;4;03/04/2022 05:35:00;Strada Urbana;VIA DEI PRATI FISCALI;in corrispondenza;;del civico n.;271;;Veicolo in marcia contro veicoli in sosta;Rettilineo;Due carreggiate;Bagnato (pioggia);Asfaltata;Verticale ed orizzontale;Sereno;Scarso;Sufficiente;;0;0;0;2;12.5148;41.9457;-1;4;Autovettura privata;Sosta;;;;;;;
5898037;2;01/04/2022 21:30:00;Strada Urbana;VIA RUGGERO FAURO;in prossimit�;;del civico n.;102;;Veicolo in marcia contro veicoli in sosta;Rettilineo;Una carreggiata a senso unico di marcia;Asciutto;Asfaltata;Verticale;Nuvoloso;Normale;Sufficiente;;0;0;0;0;12.487;41.929;-1;1;Motociclo a solo;Sosta;;;;;;;
5898037;2;01/04/2022 21:30:00;Strada Urbana;VIA RUGGERO FAURO;in prossimit�;;del civico n.;102;;Veicolo in marcia contro veicoli in sosta;Rettilineo;Una carreggiata a senso unico di marcia;Asciutto;Asfaltata;Verticale;Nuvoloso;Normale;Sufficiente;;0;0;0;0;12.487;41.929;-1;2;Autovettura privata;Sosta;;;;;;;
5898043;1;02/04/2022 17:40:00;Strada Urbana;VIA MERULANA;in corrispondenza;;del civico n.;183;;Veicolo in marcia contro veicolo in sosta;Rettilineo;Una carreggiata a doppio senso;Bagnato (pioggia);Asfaltata;Verticale ed orizzontale;Pioggia in atto;Normale;Buona;;1;0;0;1;12.5023;41.891;-1;1;Ciclomotore;In marcia / fermata / arresto;Conducente;M;Illeso;0;;;
5898043;1;02/04/2022 17:40:00;Strada Urbana;VIA MERULANA;in corrispondenza;;del civico n.;183;;Veicolo in marcia contro veicolo in sosta;Rettilineo;Una carreggiata a doppio senso;Bagnato (pioggia);Asfaltata;Verticale ed orizzontale;Pioggia in atto;Normale;Buona;;1;0;0;1;12.5023;41.891;-1;1;Ciclomotore;In marcia / fermata / arresto;Passeggero;M;Rimandato;0;NON DECEDUTO;;
5898043;1;02/04/2022 17:40:00;Strada Urbana;VIA MERULANA;in corrispondenza;;del civico n.;183;;Veicolo in marcia contro veicolo in sosta;Rettilineo;Una carreggiata a doppio senso;Bagnato (pioggia);Asfaltata;Verticale ed orizzontale;Pioggia in atto;Normale;Buona;;1;0;0;1;12.5023;41.891;-1;2;Autovettura privata;Sosta;;;;;;;
5898044;1;02/04/2022 19:40:00;Strada Urbana;VIALE MANZONI;all'intersezione con;VIA CARLO EMANUELE I;VIA CARLO EMANUELE I;;;Scontro frontale/laterale SX fra veicoli in marcia;Intersezione stradale segnalata;Una carreggiata a doppio senso;Bagnato (pioggia);Asfaltata;Verticale ed orizzontale;Nuvoloso;Normale;Sufficiente;;1;0;0;2;12.5079;41.8913;-1;1;Motociclo a solo;In marcia / fermata / arresto;Conducente;F;Rifiuta cure immediate;0;NON DECEDUTO;Non accertato;
5898044;1;02/04/2022 19:40:00;Strada Urbana;VIALE MANZONI;all'intersezione con;VIA CARLO EMANUELE I;VIA CARLO EMANUELE I;;;Scontro frontale/laterale SX fra veicoli in marcia;Intersezione stradale segnalata;Una carreggiata a doppio senso;Bagnato (pioggia);Asfaltata;Verticale ed orizzontale;Nuvoloso;Normale;Sufficiente;;1;0;0;2;12.5079;41.8913;-1;2;Autovettura privata;In marcia / fermata / arresto;Conducente;M;Illeso;0;;Non accertato;Inesploso
5898044;1;02/04/2022 19:40:00;Strada Urbana;VIALE MANZONI;all'intersezione con;VIA CARLO EMANUELE I;VIA CARLO EMANUELE I;;;Scontro frontale/laterale SX fra veicoli in marcia;Intersezione stradale segnalata;Una carreggiata a doppio senso;Bagnato (pioggia);Asfaltata;Verticale ed orizzontale;Nuvoloso;Normale;Sufficiente;;1;0;0;2;12.5079;41.8913;-1;2;Autovettura privata;In marcia / fermata / arresto;Passeggero;M;Illeso;0;;Non accertato;Inesploso
5898048;2;01/04/2022 23:30:00;Strada Urbana;VIA MARTIGNANO;in prossimit�;;del civico n.;4;;Veicolo in marcia contro veicolo in sosta;Rettilineo;Una carreggiata a doppio senso;Asciutto;Asfaltata;Verticale ed orizzontale;Sereno;Scarso;Buona;;0;0;0;1;12.5109;41.9247;-1;1;Autovettura privata;Sosta;;;;;;;
5898048;2;01/04/2022 23:30:00;Strada Urbana;VIA MARTIGNANO;in prossimit�;;del civico n.;4;;Veicolo in marcia contro veicolo in sosta;Rettilineo;Una carreggiata a doppio senso;Asciutto;Asfaltata;Verticale ed orizzontale;Sereno;Scarso;Buona;;0;0;0;1;12.5109;41.9247;-1;2;Autovettura privata;In marcia / fermata / arresto;Conducente;F;Illeso;0;;Non accertato;Inesploso
5898052;2;02/04/2022 06:40:00;Strada Urbana;VIALE REGINA MARGHERITA;all'intersezione semaforizzata con;VIA DALMAZIA;VIA DALMAZIA;;;Tamponamento;Intersezione semaforizzata;Una carreggiata a doppio senso;Bagnato (umidit� in atto);Asfaltata;Verticale ed orizzontale;Nuvoloso;Scarso;Buona;;1;0;0;1;12.5045;41.9147;-1;1;Autovettura privata;In marcia / fermata / arresto;Conducente;F;Illeso;0;;;
5898052;2;02/04/2022 06:40:00;Strada Urbana;VIALE REGINA MARGHERITA;all'intersezione semaforizzata con;VIA DALMAZIA;VIA DALMAZIA;;;Tamponamento;Intersezione semaforizzata;Una carreggiata a doppio senso;Bagnato (umidit� in atto);Asfaltata;Verticale ed orizzontale;Nuvoloso;Scarso;Buona;;1;0;0;1;12.5045;41.9147;-1;2;Autovettura privata;In marcia / fermata / arresto;Conducente;F;Rimandato;0;NON DECEDUTO;;
5898056;2;02/04/2022 11:15:00;Strada Urbana;VIALE REGINA MARGHERITA;in prossimit�;;del civico n.;9;;Scontro laterale fra veicoli in marcia;Rettilineo;Una carreggiata a doppio senso;Asciutto;Asfaltata;Verticale ed orizzontale;Nuvoloso;Normale;Sufficiente;;0;0;0;2;12.4989;41.9194;-1;1;Autovettura privata;In marcia / fermata / arresto;Conducente;M;Illeso;0;;;
5898056;2;02/04/2022 11:15:00;Strada Urbana;VIALE REGINA MARGHERITA;in prossimit�;;del civico n.;9;;Scontro laterale fra veicoli in marcia;Rettilineo;Una carreggiata a doppio senso;Asciutto;Asfaltata;Verticale ed orizzontale;Nuvoloso;Normale;Sufficiente;;0;0;0;2;12.4989;41.9194;-1;2;Autovettura privata;In marcia / fermata / arresto;Conducente;M;Illeso;0;;;
5898067;12;03/04/2022 17:50:00;Strada Urbana;VIA GARCIA LORCA;in prossimit�;;del civico n.;11;;Veicolo in marcia contro veicoli in sosta;Rettilineo;Una carreggiata a doppio senso;Asciutto;Asfaltata;Verticale ed orizzontale;Sereno;Scarso;Buona;;0;0;0;0;12.4723;41.8082;-1;1;Autovettura privata;Sosta;;;;;;;
5898067;12;03/04/2022 17:50:00;Strada Urbana;VIA GARCIA LORCA;in prossimit�;;del civico n.;11;;Veicolo in marcia contro veicoli in sosta;Rettilineo;Una carreggiata a doppio senso;Asciutto;Asfaltata;Verticale ed orizzontale;Sereno;Scarso;Buona;;0;0;0;0;12.4723;41.8082;-1;2;Autovettura privata;Sosta;;;;;;;
5898067;12;03/04/2022 17:50:00;Strada Urbana;VIA GARCIA LORCA;in prossimit�;;del civico n.;11;;Veicolo in marcia contro veicoli in sosta;Rettilineo;Una carreggiata a doppio senso;Asciutto;Asfaltata;Verticale ed orizzontale;Sereno;Scarso;Buona;;0;0;0;0;12.4723;41.8082;-1;3;Autovettura privata;Sosta;;;;;;;
5898067;12;03/04/2022 17:50:00;Strada Urbana;VIA GARCIA LORCA;in prossimit�;;del civico n.;11;;Veicolo in marcia contro veicoli in sosta;Rettilineo;Una carreggiata a doppio senso;Asciutto;Asfaltata;Verticale ed orizzontale;Sereno;Scarso;Buona;;0;0;0;0;12.4723;41.8082;-1;4;Autovettura privata;In marcia / fermata / arresto;;;;;;;
5898070;17;02/04/2022 16:10:00;Strada Urbana;VIALE DELLE MEDAGLIE D'ORO;all'intersezione con;VIA LUIGI RIZZO;VIA LUIGI RIZZO;;;Investimento di pedone;Intersezione semaforizzata;Una carreggiata a doppio senso;Bagnato (pioggia);Asfaltata;Verticale ed orizzontale;Pioggia in atto;Intenso;Buona;;1;0;0;1;12.4474;41.9101;-1;;;;Pedone;M;Rimandato;0;NON DECEDUTO;;
5898070;17;02/04/2022 16:10:00;Strada Urbana;VIALE DELLE MEDAGLIE D'ORO;all'intersezione con;VIA LUIGI RIZZO;VIA LUIGI RIZZO;;;Investimento di pedone;Intersezione semaforizzata;Una carreggiata a doppio senso;Bagnato (pioggia);Asfaltata;Verticale ed orizzontale;Pioggia in atto;Intenso;Buona;;1;0;0;1;12.4474;41.9101;-1;1;Autovettura privata;In marcia / fermata / arresto;Conducente;M;Illeso;0;;;
5898088;1;03/04/2022 10:25:00;Strada Urbana;VIA DEL CIRCO MASSIMO;da specificare;;;;prossimit� P.ZZALE UGO LA MALFA;Tamponamento;Rettilineo;Una carreggiata a doppio senso;Asciutto;Asfaltata;Verticale ed orizzontale;Nuvoloso;Normale;Buona;;0;0;0;3;12.4848;41.8852;-1;1;Autovettura privata;In marcia / fermata / arresto;Conducente;M;Illeso;0;;Non accertato;Inesploso
5898088;1;03/04/2022 10:25:00;Strada Urbana;VIA DEL CIRCO MASSIMO;da specificare;;;;prossimit� P.ZZALE UGO LA MALFA;Tamponamento;Rettilineo;Una carreggiata a doppio senso;Asciutto;Asfaltata;Verticale ed orizzontale;Nuvoloso;Normale;Buona;;0;0;0;3;12.4848;41.8852;-1;1;Autovettura privata;In marcia / fermata / arresto;Passeggero;F;Illeso;0;;Non accertato;Inesploso
5898088;1;03/04/2022 10:25:00;Strada Urbana;VIA DEL CIRCO MASSIMO;da specificare;;;;prossimit� P.ZZALE UGO LA MALFA;Tamponamento;Rettilineo;Una carreggiata a doppio senso;Asciutto;Asfaltata;Verticale ed orizzontale;Nuvoloso;Normale;Buona;;0;0;0;3;12.4848;41.8852;-1;2;Autovettura privata;In marcia / fermata / arresto;Conducente;F;Illeso;0;;Non accertato;Inesploso
5898129;1;03/04/2022 22:00:00;Strada Urbana;VIA GIOVANNI LANZA;da specificare;;;;fronte civico 100;Veicolo in marcia contro veicolo in sosta;Rettilineo;Una carreggiata a doppio senso;Asciutto;Asfaltata;Verticale ed orizzontale;Sereno;Scarso;Buona;;0;0;0;1;12.4966;41.895;-1;1;Autovettura privata;Sosta;;;;;;;
5898129;1;03/04/2022 22:00:00;Strada Urbana;VIA GIOVANNI LANZA;da specificare;;;;fronte civico 100;Veicolo in marcia contro veicolo in sosta;Rettilineo;Una carreggiata a doppio senso;Asciutto;Asfaltata;Verticale ed orizzontale;Sereno;Scarso;Buona;;0;0;0;1;12.4966;41.895;-1;2;Autovettura privata;In marcia / fermata / arresto;Conducente;M;Illeso;0;;;
5898163;4;03/04/2022 13:00:00;Strada Urbana;VIA DELLA TENUTA REDICICOLI;da specificare;;;;prossimit� VIA FRANCO ARCALLI;Veicolo in marcia contro ostacolo fisso;Curva senza visuale libera;Una carreggiata a senso unico di marcia;Asciutto;Asfaltata;Verticale ed orizzontale;Sereno;Normale;Buona;;1;0;0;0;12.6175;41.8583;-1;1;Motociclo a solo;In marcia / fermata / arresto;Conducente;M;Rimandato;0;NON DECEDUTO;Non accertato;
5898166;3;03/04/2022 15:50:00;Strada Urbana;VIALE DI VILLA MASSIMO;all'intersezione con;VIA ALESSANDRO TORLONIA;VIA ALESSANDRO TORLONIA;;;Scontro frontale/laterale SX fra veicoli in marcia;Incrocio;Una carreggiata a doppio senso;Asciutto;Asfaltata;Verticale ed orizzontale;Sereno;Scarso;Buona;;0;0;0;4;12.5165;41.9145;-1;1;Autovettura privata;In marcia / fermata / arresto;Conducente;F;Illeso;0;;;
5898166;3;03/04/2022 15:50:00;Strada Urbana;VIALE DI VILLA MASSIMO;all'intersezione con;VIA ALESSANDRO TORLONIA;VIA ALESSANDRO TORLONIA;;;Scontro frontale/laterale SX fra veicoli in marcia;Incrocio;Una carreggiata a doppio senso;Asciutto;Asfaltata;Verticale ed orizzontale;Sereno;Scarso;Buona;;0;0;0;4;12.5165;41.9145;-1;2;Autovettura privata;In marcia / fermata / arresto;Conducente;M;Illeso;0;;;
5898166;3;03/04/2022 15:50:00;Strada Urbana;VIALE DI VILLA MASSIMO;all'intersezione con;VIA ALESSANDRO TORLONIA;VIA ALESSANDRO TORLONIA;;;Scontro frontale/laterale SX fra veicoli in marcia;Incrocio;Una carreggiata a doppio senso;Asciutto;Asfaltata;Verticale ed orizzontale;Sereno;Scarso;Buona;;0;0;0;4;12.5165;41.9145;-1;2;Autovettura privata;In marcia / fermata / arresto;Passeggero;F;Illeso;0;;Non accertato;
5898166;3;03/04/2022 15:50:00;Strada Urbana;VIALE DI VILLA MASSIMO;all'intersezione con;VIA ALESSANDRO TORLONIA;VIA ALESSANDRO TORLONIA;;;Scontro frontale/laterale SX fra veicoli in marcia;Incrocio;Una carreggiata a doppio senso;Asciutto;Asfaltata;Verticale ed orizzontale;Sereno;Scarso;Buona;;0;0;0;4;12.5165;41.9145;-1;2;Autovettura privata;In marcia / fermata / arresto;Passeggero;M;Illeso;0;;Non accertato;
5898177;5;01/04/2022 08:30:00;Strada Urbana;LARGO CAMERANO;all'intersezione con;VIA CORINALDO;VIA CORINALDO;;;Scontro frontale/laterale DX fra veicoli in marcia;Incrocio;Una carreggiata a doppio senso;Bagnato (pioggia);Asfaltata;Verticale;Pioggia in atto;Normale;Buona;;0;0;0;2;12.5878;41.9406;-1;1;Autovettura privata;In marcia / fermata / arresto;Conducente;M;Illeso;0;;Non accertato;
5898177;5;01/04/2022 08:30:00;Strada Urbana;LARGO CAMERANO;all'intersezione con;VIA CORINALDO;VIA CORINALDO;;;Scontro frontale/laterale DX fra veicoli in marcia;Incrocio;Una carreggiata a doppio senso;Bagnato (pioggia);Asfaltata;Verticale;Pioggia in atto;Normale;Buona;;0;0;0;2;12.5878;41.9406;-1;2;Autovettura privata;In marcia / fermata / arresto;Conducente;F;Illeso;0;;Non accertato;
5898177;5;01/04/2022 08:30:00;Strada Urbana;LARGO CAMERANO;all'intersezione con;VIA CORINALDO;VIA CORINALDO;;;Scontro frontale/laterale DX fra veicoli in marcia;Incrocio;Una carreggiata a doppio senso;Bagnato (pioggia);Asfaltata;Verticale;Pioggia in atto;Normale;Buona;;0;0;0;2;12.5878;41.9406;-1;3;Autovettura privata;Sosta;;;;;;;
5898188;5;01/04/2022 14:10:00;Strada Urbana;VIALE PALMIRO TOGLIATTI;all'intersezione semaforizzata con;VIALE SACCO E VANZETTI;VIALE SACCO E VANZETTI;;;Scontro laterale fra veicoli in marcia;Intersezione semaforizzata;Due carreggiate;Bagnato (pioggia);Asfaltata;Verticale ed orizzontale;Pioggia in atto;Normale;Buona;;0;0;0;2;12.5723;41.9106;-1;1;Autovettura privata;In marcia / fermata / arresto;Conducente;M;Illeso;0;;Non accertato;
5898188;5;01/04/2022 14:10:00;Strada Urbana;VIALE PALMIRO TOGLIATTI;all'intersezione semaforizzata con;VIALE SACCO E VANZETTI;VIALE SACCO E VANZETTI;;;Scontro laterale fra veicoli in marcia;Intersezione semaforizzata;Due carreggiate;Bagnato (pioggia);Asfaltata;Verticale ed orizzontale;Pioggia in atto;Normale;Buona;;0;0;0;2;12.5723;41.9106;-1;2;Autovettura privata;In marcia / fermata / arresto;Conducente;M;Illeso;0;;Non accertato;
5898193;7;04/04/2022 09:00:00;Strada Urbana;VIA DEI FAGGI;all'intersezione con;VIA DEI LAURI;VIA DEI LAURI;;;Scontro frontale/laterale DX fra veicoli in marcia;Intersezione stradale segnalata;Una carreggiata a doppio senso;Asciutto;Asfaltata;Verticale ed orizzontale;Sereno;Normale;Buona;;1;0;0;1;12.5642;41.8842;-1;1;Motociclo a solo;In marcia / fermata / arresto;Conducente;M;Rimandato;0;NON DECEDUTO;Non accertato;
5898193;7;04/04/2022 09:00:00;Strada Urbana;VIA DEI FAGGI;all'intersezione con;VIA DEI LAURI;VIA DEI LAURI;;;Scontro frontale/laterale DX fra veicoli in marcia;Intersezione stradale segnalata;Una carreggiata a doppio senso;Asciutto;Asfaltata;Verticale ed orizzontale;Sereno;Normale;Buona;;1;0;0;1;12.5642;41.8842;-1;2;Autovettura privata;In marcia / fermata / arresto;Conducente;M;Illeso;0;;Non accertato;Inesploso
5898198;3;04/04/2022 01:00:00;Strada Urbana;VIALE DELLE PROVINCIE;all'intersezione con;VIA PADOVA;VIA PADOVA;;;Scontro frontale/laterale SX fra veicoli in marcia;Intersezione semaforizzata;Due carreggiate;Asciutto;Asfaltata;Verticale ed orizzontale;Sereno;Scarso;Sufficiente;;0;0;0;5;12.5212;41.9096;-1;1;Autovettura privata;In marcia / fermata / arresto;Conducente;F;Illeso;0;;;
5898198;3;04/04/2022 01:00:00;Strada Urbana;VIALE DELLE PROVINCIE;all'intersezione con;VIA PADOVA;VIA PADOVA;;;Scontro frontale/laterale SX fra veicoli in marcia;Intersezione semaforizzata;Due carreggiate;Asciutto;Asfaltata;Verticale ed orizzontale;Sereno;Scarso;Sufficiente;;0;0;0;5;12.5212;41.9096;-1;2;Autovettura privata;In marcia / fermata / arresto;Conducente;M;Illeso;0;;;
5898198;3;04/04/2022 01:00:00;Strada Urbana;VIALE DELLE PROVINCIE;all'intersezione con;VIA PADOVA;VIA PADOVA;;;Scontro frontale/laterale SX fra veicoli in marcia;Intersezione semaforizzata;Due carreggiate;Asciutto;Asfaltata;Verticale ed orizzontale;Sereno;Scarso;Sufficiente;;0;0;0;5;12.5212;41.9096;-1;2;Autovettura privata;In marcia / fermata / arresto;Passeggero;M;Illeso;0;;;