Protocollo;Gruppo;DataOraIncidente;Localizzazione1;STRADA1;Localizzazione2;STRADA2;Strada02;Chilometrica;DaSpecificare;NaturaIncidente;particolaritastrade;TipoStrada;FondoStradale;Pavimentazione;Segnaletica;CondizioneAtmosferica;Traffico;Visibilita;Illuminazione;NUM_FERITI;NUM_RISERVATA;NUM_MORTI;NUM_ILLESI;Longitude;Latitude;Confermato;Progressivo;TipoVeicolo;StatoVeicolo;TipoPersona;Sesso;Tipolesione;Deceduto;DecedutoDopo;CinturaCascoUtilizzato;Airbag;
5898367;9;03/04/2022 23:10:00;Strada Urbana;VIA VETURIA;all'intersezione con;VIA AQUILIO MANIO;VIA AQUILIO MANIO;;;Scontro laterale fra veicoli in marcia;Incrocio;Una carreggiata a senso unico di marcia;Asciutto;Asfaltata;Verticale ed orizzontale;Sereno;Normale;Buona;;0;0;0;4;12.5226;41.8769;-1;1;Autovettura privata;In marcia / fermata / arresto;Passeggero;M;Illeso;0;;Non accertato;Inesploso
5898367;9;03/04/2022 23:10:00;Strada Urbana;VIA VETURIA;all'intersezione con;VIA AQUILIO MANIO;VIA AQUILIO MANIO;;;Scontro laterale fra veicoli in marcia;Incrocio;Una carreggiata a senso unico di marcia;Asciutto;Asfaltata;Verticale ed orizzontale;Sereno;Normale;Buona;;0;0;0;4;12.5226;41.8769;-1;2;Autovettura privata;In marcia / fermata / arresto;Conducente;M;Illeso;0;;Non accertato;Inesploso
5898367;9;03/04/2022 23:10:00;Strada Urbana;VIA VETURIA;all'intersezione con;VIA AQUILIO MANIO;VIA AQUILIO MANIO;;;Scontro laterale fra veicoli in marcia;Incrocio;Una carreggiata a senso unico di marcia;Asciutto;Asfaltata;Verticale ed orizzontale;Sereno;Normale;Buona;;0;0;0;4;12.5226;41.8769;-1;2;Autovettura privata;In marcia / fermata / arresto;Passeggero;F;Illeso;0;;Non accertato;Inesploso
5898367;9;03/04/2022 23:10:00;Strada Urbana;VIA VETURIA;all'intersezione con;VIA AQUILIO MANIO;VIA AQUILIO MANIO;;;Scontro laterale fra veicoli in marcia;Incrocio;Una carreggiata a senso unico di marcia;Asciutto;Asfaltata;Verticale ed orizzontale;Sereno;Normale;Buona;;0;0;0;4;12.5226;41.8769;-1;3;Autovettura privata;Sosta;;;;;;;
5898379;5;02/04/2022 11:30:00;Strada Urbana;VIA TIBURTINA;da specificare;;;;FRONTE VIA LUIGI LUCATELLI - inversione di marcia;Tamponamento;Rettilineo;Due carreggiate;Asciutto;Asfaltata;Verticale ed orizzontale;Nuvoloso;Normale;Buona;;0;0;0;4;12.5526;41.9116;-1;1;Autovettura privata;In marcia / fermata / arresto;Conducente;F;Illeso;0;;Non accertato;
5898379;5;02/04/2022 11:30:00;Strada Urbana;VIA TIBURTINA;da specificare;;;;FRONTE VIA LUIGI LUCATELLI - inversione di marcia;Tamponamento;Rettilineo;Due carreggiate;Asciutto;Asfaltata;Verticale ed orizzontale;Nuvoloso;Normale;Buona;;0;0;0;4;12.5526;41.9116;-1;1;Autovettura privata;In marcia / fermata / arresto;Passeggero;F;Illeso;0;;Non accertato;
5898379;5;02/04/2022 11:30:00;Strada Urbana;VIA TIBURTINA;da specificare;;;;FRONTE VIA LUIGI LUCATELLI - inversione di marcia;Tamponamento;Rettilineo;Due carreggiate;Asciutto;Asfaltata;Verticale ed orizzontale;Nuvoloso;Normale;Buona;;0;0;0;4;12.5526;41.9116;-1;2;Autovettura privata;In marcia / fermata / arresto;Conducente;F;Illeso;0;;Non accertato;
5898379;5;02/04/2022 11:30:00;Strada Urbana;VIA TIBURTINA;da specificare;;;;FRONTE VIA LUIGI LUCATELLI - inversione di marcia;Tamponamento;Rettilineo;Due carreggiate;Asciutto;Asfaltata;Verticale ed orizzontale;Nuvoloso;Normale;Buona;;0;0;0;4;12.5526;41.9116;-1;2;Autovettura privata;In marcia / fermata / arresto;Passeggero;F;Illeso;0;;Non accertato;
5898388;4;03/04/2022 17:10:00;Strada Urbana;VIA DELLE ISOLE CURZOLANE;in prossimit�;;del civico n.;176;;Veicolo in marcia contro ostacolo fisso;Rettilineo;Due carreggiate;Bagnato (pioggia);Asfaltata;Verticale ed orizzontale;Pioggia in atto;Normale;Buona;;0;0;0;0;12.5284;41.9498;-1;1;Autobus di linea;Allontanatosi;;;;;;;
5898399;2;02/04/2022 17:35:00;Strada Urbana;LARGO FORANO;in prossimit�;;del civico n.;fr. 14;;Scontro frontale/laterale SX fra veicoli in marcia;Rettilineo;Una carreggiata a doppio senso;Bagnato (pioggia);Asfaltata;Verticale ed orizzontale;Sereno;Normale;Buona;;0;0;0;3;12.5111;41.9352;-1;1;Autovettura privata;In marcia / fermata / arresto;Conducente;M;Illeso;0;;Non accertato;Inesploso
5898399;2;02/04/2022 17:35:00;Strada Urbana;LARGO FORANO;in prossimit�;;del civico n.;fr. 14;;Scontro frontale/laterale SX fra veicoli in marcia;Rettilineo;Una carreggiata a doppio senso;Bagnato (pioggia);Asfaltata;Verticale ed orizzontale;Sereno;Normale;Buona;;0;0;0;3;12.5111;41.9352;-1;2;Autovettura privata;In marcia / fermata / arresto;Conducente;M;Illeso;0;;Non accertato;Inesploso
5898399;2;02/04/2022 17:35:00;Strada Urbana;LARGO FORANO;in prossimit�;;del civico n.;fr. 14;;Scontro frontale/laterale SX fra veicoli in marcia;Rettilineo;Una carreggiata a doppio senso;Bagnato (pioggia);Asfaltata;Verticale ed orizzontale;Sereno;Normale;Buona;;0;0;0;3;12.5111;41.9352;-1;2;Autovettura privata;In marcia / fermata / arresto;Passeggero;M;Illeso;0;;Non accertato;Inesploso
5898412;5;02/04/2022 13:20:00;Strada Urbana;VIA BELMONTE IN SABINA;da specificare;;;;dir. Centrale del Latte inv. di marcia alt. G.r.a.;Scontro laterale fra veicoli in marcia;Rettilineo;Due carreggiate;Asciutto;Asfaltata;Verticale;Nuvoloso;Normale;Buona;;2;0;0;1;12.5936;41.9464;-1;1;Autovettura privata;In marcia / fermata / arresto;Conducente;F;Rimandato;0;NON DECEDUTO;;
5898412;5;02/04/2022 13:20:00;Strada Urbana;VIA BELMONTE IN SABINA;da specificare;;;;dir. Centrale del Latte inv. di marcia alt. G.r.a.;Scontro laterale fra veicoli in marcia;Rettilineo;Due carreggiate;Asciutto;Asfaltata;Verticale;Nuvoloso;Normale;Buona;;2;0;0;1;12.5936;41.9464;-1;1;Autovettura privata;In marcia / fermata / arresto;Passeggero;F;Ricoverato;0;NON DECEDUTO;Non accertato;Inesploso
5898412;5;02/04/2022 13:20:00;Strada Urbana;VIA BELMONTE IN SABINA;da specificare;;;;dir. Centrale del Latte inv. di marcia alt. G.r.a.;Scontro laterale fra veicoli in marcia;Rettilineo;Due carreggiate;Asciutto;Asfaltata;Verticale;Nuvoloso;Normale;Buona;;2;0;0;1;12.5936;41.9464;-1;2;Autovettura privata;In marcia / fermata / arresto;Conducente;M;Illeso;0;;;
5898427;5;02/04/2022 19:30:00;Strada Urbana;PIAZZA BRAHMS;in corrispondenza;;del civico n.;6;;Tamponamento;Rettilineo;Due carreggiate;Bagnato (pioggia);Asfaltata;Assente;Pioggia in atto;Normale;Buona;;0;0;0;2;12.5632;41.9149;-1;1;Autovettura privata;In marcia / fermata / arresto;Conducente;M;Illeso;0;;Non accertato;
5898427;5;02/04/2022 19:30:00;Strada Urbana;PIAZZA BRAHMS;in corrispondenza;;del civico n.;6;;Tamponamento;Rettilineo;Due carreggiate;Bagnato (pioggia);Asfaltata;Assente;Pioggia in atto;Normale;Buona;;0;0;0;2;12.5632;41.9149;-1;2;Autovettura privata;In marcia / fermata / arresto;Conducente;M;Illeso;0;;Non accertato;
5898443;17;03/04/2022 00:30:00;Strada Urbana;LUNGOTEVERE DEI MELLINI;in corrispondenza;;del civico n.;36;;Veicolo in marcia contro veicoli in sosta;Rettilineo;Due carreggiate;Bagnato (pioggia);Asfaltata;Verticale;Nuvoloso;Scarso;Sufficiente;;0;0;0;0;12.4729;41.9076;-1;1;Autovettura privata;In marcia / fermata / arresto;;;;;;;
5898443;17;03/04/2022 00:30:00;Strada Urbana;LUNGOTEVERE DEI MELLINI;in corrispondenza;;del civico n.;36;;Veicolo in marcia contro veicoli in sosta;Rettilineo;Due carreggiate;Bagnato (pioggia);Asfaltata;Verticale;Nuvoloso;Scarso;Sufficiente;;0;0;0;0;12.4729;41.9076;-1;2;Autovettura privata;Sosta;;;;;;;
5898443;17;03/04/2022 00:30:00;Strada Urbana;LUNGOTEVERE DEI MELLINI;in corrispondenza;;del civico n.;36;;Veicolo in marcia contro veicoli in sosta;Rettilineo;Due carreggiate;Bagnato (pioggia);Asfaltata;Verticale;Nuvoloso;Scarso;Sufficiente;;0;0;0;0;12.4729;41.9076;-1;3;Autovettura privata;Sosta;;;;;;;
5898444;5;04/04/2022 00:05:00;Strada Urbana;VIA TIBURTINA;all'intersezione semaforizzata con;VIA DEL CASALE DI S. BASILIO;VIA DEL CASALE DI S. BASILIO;;;Tamponamento;Incrocio;Due carreggiate;Asciutto;Asfaltata;Temporanea di cantiere;Sereno;Normale;Sufficiente;;0;0;0;2;12.578;41.9307;-1;1;Autovettura privata;In marcia / fermata / arresto;Conducente;M;Illeso;0;;Non accertato;
5898444;5;04/04/2022 00:05:00;Strada Urbana;VIA TIBURTINA;all'intersezione semaforizzata con;VIA DEL CASALE DI S. BASILIO;VIA DEL CASALE DI S. BASILIO;;;Tamponamento;Incrocio;Due carreggiate;Asciutto;Asfaltata;Temporanea di cantiere;Sereno;Normale;Sufficiente;;0;0;0;2;12.578;41.9307;-1;2;Autovettura privata;In marcia / fermata / arresto;Conducente;M;Illeso;0;;Non accertato;
5898457;5;03/04/2022 01:00:00;Strada Urbana;VIA CASSINO;all'intersezione con;VIA TIBURTINA;VIA TIBURTINA;;;Fuoriuscita dalla sede stradale;Incrocio;Una carreggiata a doppio senso;Bagnato (pioggia);Asfaltata;Verticale ed orizzontale;Pioggia in atto;Scarso;Buona;;0;0;0;1;12.564;41.9208;-1;1;Autovettura privata;In marcia / fermata / arresto;Conducente;M;Illeso;0;;Non accertato;
5898468;5;03/04/2022 06:50:00;Strada Urbana;VIA DI CASAL BERTONE;in prossimit�;;del civico n.;56;;Scontro frontale/laterale SX fra veicoli in marcia;Rettilineo;Una carreggiata a doppio senso;Bagnato (umidit� in atto);Asfaltata;Verticale ed orizzontale;Sereno;Scarso;Buona;;0;0;0;2;12.5326;41.8971;-1;1;Autovettura privata;In marcia / fermata / arresto;Conducente;F;Illeso;0;;Non accertato;
5898468;5;03/04/2022 06:50:00;Strada Urbana;VIA DI CASAL BERTONE;in prossimit�;;del civico n.;56;;Scontro frontale/laterale SX fra veicoli in marcia;Rettilineo;Una carreggiata a doppio senso;Bagnato (umidit� in atto);Asfaltata;Verticale ed orizzontale;Sereno;Scarso;Buona;;0;0;0;2;12.5326;41.8971;-1;2;Autovettura privata;In marcia / fermata / arresto;Conducente;M;Illeso;0;;Non accertato;
5898472;6;04/04/2022 11:20:00;Statale entro l'abitato;VIA CASILINA;in corrispondenza;;del civico n.;391;;Tamponamento Multiplo;Rettilineo;Una carreggiata a senso unico di marcia;Asciutto;Asfaltata;Orizzontale;Sereno;Normale;Buona;;2;0;0;2;12.539;41.8814;-1;1;Autovettura privata;In marcia / fermata / arresto;Conducente;M;Illeso;0;;Non accertato;Inesploso
5898472;6;04/04/2022 11:20:00;Statale entro l'abitato;VIA CASILINA;in corrispondenza;;del civico n.;391;;Tamponamento Multiplo;Rettilineo;Una carreggiata a senso unico di marcia;Asciutto;Asfaltata;Orizzontale;Sereno;Normale;Buona;;2;0;0;2;12.539;41.8814;-1;2;Autovettura privata;In marcia / fermata / arresto;Conducente;F;Rimandato;0;NON DECEDUTO;Non accertato;Inesploso
5898472;6;04/04/2022 11:20:00;Statale entro l'abitato;VIA CASILINA;in corrispondenza;;del civico n.;391;;Tamponamento Multiplo;Rettilineo;Una carreggiata a senso unico di marcia;Asciutto;Asfaltata;Orizzontale;Sereno;Normale;Buona;;2;0;0;2;12.539;41.8814;-1;2;Autovettura privata;In marcia / fermata / arresto;Passeggero;F;Rimandato;0;NON DECEDUTO;Non accertato;Inesploso
5898472;6;04/04/2022 11:20:00;Statale entro l'abitato;VIA CASILINA;in corrispondenza;;del civico n.;391;;Tamponamento Multiplo;Rettilineo;Una carreggiata a senso unico di marcia;Asciutto;Asfaltata;Orizzontale;Sereno;Normale;Buona;;2;0;0;2;12.539;41.8814;-1;2;Autovettura privata;In marcia / fermata / arresto;Passeggero;M;Illeso;0;;Non accertato;Inesploso
5898472;6;04/04/2022 11:20:00;Statale entro l'abitato;VIA CASILINA;in corrispondenza;;del civico n.;391;;Tamponamento Multiplo;Rettilineo;Una carreggiata a senso unico di marcia;Asciutto;Asfaltata;Orizzontale;Sereno;Normale;Buona;;2;0;0;2;12.539;41.8814;-1;3;Autovettura privata;In marcia / fermata / arresto;;;;;;;
5898485;5;03/04/2022 17:40:00;Strada Urbana;VIALE RATTO DELLE SABINE;da specificare;;;;altezza via Castelchiodato;Veicolo in marcia che urta buche nella carreggiata;Rettilineo;Due carreggiate;Asciutto;Asfaltata;Verticale;Sereno;Scarso;Buona;;0;0;0;1;12.6006;41.9451;-1;1;Autobus di linea;In marcia / fermata / arresto;Conducente;M;Illeso;0;;Non accertato;
5898492;12;04/04/2022 08:15:00;Strada Urbana;VIA OSTIENSE;in prossimit�;;della chilometrica;7;;Scontro frontale/laterale SX fra veicoli in marcia;Rettilineo;Una carreggiata a doppio senso;Asciutto;Asfaltata;Verticale ed orizzontale;Nuvoloso;Normale;Buona;;1;0;0;1;12.4229;41.8109;-1;1;Autovettura privata;In marcia / fermata / arresto;Conducente;F;Illeso;0;;Utilizzato;Inesploso
5898492;12;04/04/2022 08:15:00;Strada Urbana;VIA OSTIENSE;in prossimit�;;della chilometrica;7;;Scontro frontale/laterale SX fra veicoli in marcia;Rettilineo;Una carreggiata a doppio senso;Asciutto;Asfaltata;Verticale ed orizzontale;Nuvoloso;Normale;Buona;;1;0;0;1;12.4229;41.8109;-1;2;Motociclo a solo;In marcia / fermata / arresto;Conducente;M;Rimandato;0;NON DECEDUTO;Utilizzato;
5898497;5;03/04/2022 18:25:00;Strada Urbana;VIALE FERNANDO SANTI;da specificare;;;;prossimit� P.Togliatti;Scontro laterale fra veicoli in marcia;Rettilineo;Una carreggiata a senso unico di marcia;Asciutto;Asfaltata;Orizzontale;Sereno;Scarso;Buona;;0;0;0;3;12.5699;41.9144;-1;1;Autovettura privata;In marcia / fermata / arresto;Conducente;M;Illeso;0;;;
5898497;5;03/04/2022 18:25:00;Strada Urbana;VIALE FERNANDO SANTI;da specificare;;;;prossimit� P.Togliatti;Scontro laterale fra veicoli in marcia;Rettilineo;Una carreggiata a senso unico di marcia;Asciutto;Asfaltata;Orizzontale;Sereno;Scarso;Buona;;0;0;0;3;12.5699;41.9144;-1;1;Autovettura privata;In marcia / fermata / arresto;Passeggero;M;Illeso;0;;;
5898497;5;03/04/2022 18:25:00;Strada Urbana;VIALE FERNANDO SANTI;da specificare;;;;prossimit� P.Togliatti;Scontro laterale fra veicoli in marcia;Rettilineo;Una carreggiata a senso unico di marcia;Asciutto;Asfaltata;Orizzontale;Sereno;Scarso;Buona;;0;0;0;3;12.5699;41.9144;-1;2;Autovettura privata;In marcia / fermata / arresto;Conducente;M;Illeso;0;;;
5898503;2;04/04/2022 08:40:00;Strada Urbana;CORSO D'ITALIA;in prossimit�;;del civico n.;fr.11;;Scontro laterale fra veicoli in marcia;Rettilineo;Due carreggiate;Asciutto;Asfaltata;Verticale ed orizzontale;Sereno;Intenso;Buona;;0;1;0;1;12.4907;41.91;-1;1;Autovettura privata;In marcia / fermata / arresto;Conducente;F;Illeso;0;;Non accertato;
5898503;2;04/04/2022 08:40:00;Strada Urbana;CORSO D'ITALIA;in prossimit�;;del civico n.;fr.11;;Scontro laterale fra veicoli in marcia;Rettilineo;Due carreggiate;Asciutto;Asfaltata;Verticale ed orizzontale;Sereno;Intenso;Buona;;0;1;0;1;12.4907;41.91;-1;2;Motociclo a solo;In marcia / fermata / arresto;Conducente;M;Prognosi riservata;0;NON DECEDUTO;;
5898508;10;04/04/2022 12:15:00;Strada Urbana;VIA PUBLIO VALERIO;all'intersezione semaforizzata con;VIALE DEI SALESIANI;VIALE DEI SALESIANI;;;Investimento di pedone;Incrocio;Una carreggiata a doppio senso;Asciutto;Asfaltata;Verticale ed orizzontale;Sereno;Normale;Buona;;1;0;0;1;12.5669;41.8572;-1;;;;Pedone;F;Ricoverato;0;NON DECEDUTO;;
5898508;10;04/04/2022 12:15:00;Strada Urbana;VIA PUBLIO VALERIO;all'intersezione semaforizzata con;VIALE DEI SALESIANI;VIALE DEI SALESIANI;;;Investimento di pedone;Incrocio;Una carreggiata a doppio senso;Asciutto;Asfaltata;Verticale ed orizzontale;Sereno;Normale;Buona;;1;0;0;1;12.5669;41.8572;-1;1;Autovettura privata;In marcia / fermata / arresto;Conducente;M;Illeso;0;;Non accertato;Inesploso
5898524;19;04/04/2022 11:30:00;Strada Urbana;VIA DEI CRISTOFORI;in corrispondenza;;del civico n.;7;;Investimento di pedone;Rettilineo;Una carreggiata a senso unico di marcia;Asciutto;Asfaltata;Assente;Sereno;Scarso;Buona;;1;0;0;2;12.4183;41.925;-1;;;;Pedone;F;Rimandato;0;NON DECEDUTO;;
5898524;19;04/04/2022 11:30:00;Strada Urbana;VIA DEI CRISTOFORI;in corrispondenza;;del civico n.;7;;Investimento di pedone;Rettilineo;Una carreggiata a senso unico di marcia;Asciutto;Asfaltata;Assente;Sereno;Scarso;Buona;;1;0;0;2;12.4183;41.925;-1;;;;Pedone;M;Illeso;0;;;
5898524;19;04/04/2022 11:30:00;Strada Urbana;VIA DEI CRISTOFORI;in corrispondenza;;del civico n.;7;;Investimento di pedone;Rettilineo;Una carreggiata a senso unico di marcia;Asciutto;Asfaltata;Assente;Sereno;Scarso;Buona;;1;0;0;2;12.4183;41.925;-1;1;Autocarro inferiore 35 q.;In marcia / fermata / arresto;Conducente;M;Illeso;0;;;
5898559;2;04/04/2022 00:10:00;Strada Urbana;VIALE REGINA MARGHERITA;all'intersezione semaforizzata con;VIA BASENTO;VIA BASENTO;;;Scontro frontale/laterale SX fra veicoli in marcia;Intersezione semaforizzata;Una carreggiata a doppio senso;Asciutto;Asfaltata;Verticale ed orizzontale;Sereno;Scarso;Sufficiente;;0;0;0;4;12.5007;41.9176;-1;1;Autovettura privata;In marcia / fermata / arresto;Conducente;F;Illeso;0;;Non accertato;Inesploso
5898559;2;04/04/2022 00:10:00;Strada Urbana;VIALE REGINA MARGHERITA;all'intersezione semaforizzata con;VIA BASENTO;VIA BASENTO;;;Scontro frontale/laterale SX fra veicoli in marcia;Intersezione semaforizzata;Una carreggiata a doppio senso;Asciutto;Asfaltata;Verticale ed orizzontale;Sereno;Scarso;Sufficiente;;0;0;0;4;12.5007;41.9176;-1;1;Autovettura privata;In marcia / fermata / arresto;Passeggero;M;Illeso;0;;Non accertato;Inesploso
5898559;2;04/04/2022 00:10:00;Strada Urbana;VIALE REGINA MARGHERITA;all'intersezione semaforizzata con;VIA BASENTO;VIA BASENTO;;;Scontro frontale/laterale SX fra veicoli in marcia;Intersezione semaforizzata;Una carreggiata a doppio senso;Asciutto;Asfaltata;Verticale ed orizzontale;Sereno;Scarso;Sufficiente;;0;0;0;4;12.5007;41.9176;-1;2;Autovettura privata;In marcia / fermata / arresto;Conducente;M;Illeso;0;;Non accertato;Esploso
5898559;2;04/04/2022 00:10:00;Strada Urbana;VIALE REGINA MARGHERITA;all'intersezione semaforizzata con;VIA BASENTO;VIA BASENTO;;;Scontro frontale/laterale SX fra veicoli in marcia;Intersezione semaforizzata;Una carreggiata a doppio senso;Asciutto;Asfaltata;Verticale ed orizzontale;Sereno;Scarso;Sufficiente;;0;0;0;4;12.5007;41.9176;-1;2;Autovettura privata;In marcia / fermata / arresto;Passeggero;M;Illeso;0;;Non accertato;Esploso
5898570;19;04/04/2022 09:45:00;Strada Urbana;VIA TRIONFALE;in prossimit�;;del civico n.;9612;;Scontro laterale fra veicoli in marcia;Rettilineo;Una carreggiata a doppio senso;Asciutto;Asfaltata;Verticale ed orizzontale;Sereno;Normale;Buona;;1;0;0;1;12.4168;41.9463;-1;1;Autocarro inferiore 35 q.;In marcia / fermata / arresto;Conducente;M;Illeso;0;;;
5898570;19;04/04/2022 09:45:00;Strada Urbana;VIA TRIONFALE;in prossimit�;;del civico n.;9612;;Scontro laterale fra veicoli in marcia;Rettilineo;Una carreggiata a doppio senso;Asciutto;Asfaltata;Verticale ed orizzontale;Sereno;Normale;Buona;;1;0;0;1;12.4168;41.9463;-1;2;Ciclomotore;In marcia / fermata / arresto;Conducente;F;Rimandato;0;NON DECEDUTO;;
5898588;23;03/04/2022 04:30:00;Strada Urbana;LUNGOTEVERE RIPA;all'intersezione con;VIA DELLA BOTTICELLA;VIA DELLA BOTTICELLA;;;Tamponamento;Intersezione stradale segnalata;Una carreggiata a senso unico di marcia;Bagnato (pioggia);Asfaltata;Verticale ed orizzontale;Nuvoloso;Scarso;Buona;;0;0;0;2;12.478;41.8892;-1;1;Autovettura di polizia;In marcia / fermata / arresto;Conducente;M;Illeso;0;;Non accertato;Inesploso
5898588;23;03/04/2022 04:30:00;Strada Urbana;LUNGOTEVERE RIPA;all'intersezione con;VIA DELLA BOTTICELLA;VIA DELLA BOTTICELLA;;;Tamponamento;Intersezione stradale segnalata;Una carreggiata a senso unico di marcia;Bagnato (pioggia);Asfaltata;Verticale ed orizzontale;Nuvoloso;Scarso;Buona;;0;0;0;2;12.478;41.8892;-1;1;Autovettura di polizia;In marcia / fermata / arresto;Passeggero;M;Illeso;0;;Non accertato;Inesploso
5898588;23;03/04/2022 04:30:00;Strada Urbana;LUNGOTEVERE RIPA;all'intersezione con;VIA DELLA BOTTICELLA;VIA DELLA BOTTICELLA;;;Tamponamento;Intersezione stradale segnalata;Una carreggiata a senso unico di marcia;Bagnato (pioggia);Asfaltata;Verticale ed orizzontale;Nuvoloso;Scarso;Buona;;0;0;0;2;12.478;41.8892;-1;2;Autovettura privata;Allontanatosi;;;;;;;
5898605;16;01/04/2022 07:47:00;Strada Urbana;VIA SILVESTRI;all'intersezione con;VIA DI BRAVETTA;VIA DI BRAVETTA;;;Investimento di pedone;Incrocio;Una carreggiata a doppio senso;Bagnato (umidit� in atto);Asfaltata;Verticale ed orizzontale;Nuvoloso;Intenso;Buona;;0;0;0;2;12.4324;41.8778;-1;;;;Pedone;M;Illeso;0;;;
5898605;16;01/04/2022 07:47:00;Strada Urbana;VIA SILVESTRI;all'intersezione con;VIA DI BRAVETTA;VIA DI BRAVETTA;;;Investimento di pedone;Incrocio;Una carreggiata a doppio senso;Bagnato (umidit� in atto);Asfaltata;Verticale ed orizzontale;Nuvoloso;Intenso;Buona;;0;0;0;2;12.4324;41.8778;-1;1;Autovettura privata;In marcia / fermata / arresto;Conducente;M;Illeso;0;;Non accertato;
5898677;17;01/04/2022 17:30:00;Strada Urbana;VIA ANGELO EMO;da specificare;;;;fronte civico 13;Scontro laterale fra veicoli in marcia;Rettilineo;Due carreggiate;Asciutto;Asfaltata;Verticale ed orizzontale;Nuvoloso;Normale;Buona;;0;0;0;5;12.4462;41.9044;-1;1;Autovettura privata;In marcia / fermata / arresto;Conducente;F;Illeso;0;;;
5898677;17;01/04/2022 17:30:00;Strada Urbana;VIA ANGELO EMO;da specificare;;;;fronte civico 13;Scontro laterale fra veicoli in marcia;Rettilineo;Due carreggiate;Asciutto;Asfaltata;Verticale ed orizzontale;Nuvoloso;Normale;Buona;;0;0;0;5;12.4462;41.9044;-1;1;Autovettura privata;In marcia / fermata / arresto;Passeggero;F;Illeso;0;;;
5898677;17;01/04/2022 17:30:00;Strada Urbana;VIA ANGELO EMO;da specificare;;;;fronte civico 13;Scontro laterale fra veicoli in marcia;Rettilineo;Due carreggiate;Asciutto;Asfaltata;Verticale ed orizzontale;Nuvoloso;Normale;Buona;;0;0;0;5;12.4462;41.9044;-1;2;Autovettura privata;In marcia / fermata / arresto;Conducente;M;Illeso;0;;;
5898677;17;01/04/2022 17:30:00;Strada Urbana;VIA ANGELO EMO;da specificare;;;;fronte civico 13;Scontro laterale fra veicoli in marcia;Rettilineo;Due carreggiate;Asciutto;Asfaltata;Verticale ed orizzontale;Nuvoloso;Normale;Buona;;0;0;0;5;12.4462;41.9044;-1;2;Autovettura privata;In marcia / fermata / arresto;Passeggero;M;Illeso;0;;;
5898677;17;01/04/2022 17:30:00;Strada Urbana;VIA ANGELO EMO;da specificare;;;;fronte civico 13;Scontro laterale fra veicoli in marcia;Rettilineo;Due carreggiate;Asciutto;Asfaltata;Verticale ed orizzontale;Nuvoloso;Normale;Buona;;0;0;0;5;12.4462;41.9044;-1;2;Autovettura privata;In marcia / fermata / arresto;Passeggero;M;Illeso;0;;;
5898683;9;04/04/2022 09:00:00;Strada Urbana;VIALE CASTRENSE;all'intersezione con;VIA ACIREALE;VIA ACIREALE;;;Scontro laterale fra veicoli in marcia;Incrocio;Due carreggiate;Asciutto;Asfaltata;Verticale ed orizzontale;Nuvoloso;Normale;Buona;;0;0;0;3;12.5186;41.8884;-1;1;Autovettura privata;In marcia / fermata / arresto;Conducente;F;Illeso;0;;Non accertato;Inesploso
5898683;9;04/04/2022 09:00:00;Strada Urbana;VIALE CASTRENSE;all'intersezione con;VIA ACIREALE;VIA ACIREALE;;;Scontro laterale fra veicoli in marcia;Incrocio;Due carreggiate;Asciutto;Asfaltata;Verticale ed orizzontale;Nuvoloso;Normale;Buona;;0;0;0;3;12.5186;41.8884;-1;2;Autovettura privata;In marcia / fermata / arresto;Conducente;M;Illeso;0;;Non accertato;Inesploso
5898683;9;04/04/2022 09:00:00;Strada Urbana;VIALE CASTRENSE;all'intersezione con;VIA ACIREALE;VIA ACIREALE;;;Scontro laterale fra veicoli in marcia;Incrocio;Due carreggiate;Asciutto;Asfaltata;Verticale ed orizzontale;Nuvoloso;Normale;Buona;;0;0;0;3;12.5186;41.8884;-1;2;Autovettura privata;In marcia / fermata / arresto;Passeggero;F;Illeso;0;;Non accertato;Inesploso
5898711;9;04/04/2022 09:00:00;Strada Urbana;VIALE CASTRENSE;all'intersezione con;VIA ACIREALE;VIA ACIREALE;;;Scontro laterale fra veicoli in marcia;Incrocio;Due carreggiate;Asciutto;Asfaltata;Verticale ed orizzontale;Sereno;Normale;Buona;;0;0;0;2;12.5151;41.8872;-1;1;Autovettura privata;In marcia / fermata / arresto;Conducente;M;Illeso;0;;Non accertato;Inesploso
5898711;9;04/04/2022 09:00:00;Strada Urbana;VIALE CASTRENSE;all'intersezione con;VIA ACIREALE;VIA ACIREALE;;;Scontro laterale fra veicoli in marcia;Incrocio;Due carreggiate;Asciutto;Asfaltata;Verticale ed orizzontale;Sereno;Normale;Buona;;0;0;0;2;12.5151;41.8872;-1;2;Motociclo a solo;In marcia / fermata / arresto;Conducente;M;Illeso;0;;Non accertato;
5898724;12;04/04/2022 08:10:00;Strada Urbana;VIALE DELL'OCEANO ATLANTICO;da specificare;;;;pross. palo Acea 105;Veicolo in marcia contro veicolo in sosta;Rettilineo;Due carreggiate;Asciutto;Asfaltata;Verticale ed orizzontale;Nuvoloso;Scarso;Buona;;1;0;0;0;12.4716;41.8202;-1;1;Autovettura privata;Sosta;;;;;;;
5898724;12;04/04/2022 08:10:00;Strada Urbana;VIALE DELL'OCEANO ATLANTICO;da specificare;;;;pross. palo Acea 105;Veicolo in marcia contro veicolo in sosta;Rettilineo;Due carreggiate;Asciutto;Asfaltata;Verticale ed orizzontale;Nuvoloso;Scarso;Buona;;1;0;0;0;12.4716;41.8202;-1;2;Autovettura privata;In marcia / fermata / arresto;Conducente;M;Rimandato;0;NON DECEDUTO;;Esploso