Protocollo;Gruppo;DataOraIncidente;Localizzazione1;STRADA1;Localizzazione2;STRADA2;Strada02;Chilometrica;DaSpecificare;NaturaIncidente;particolaritastrade;TipoStrada;FondoStradale;Pavimentazione;Segnaletica;CondizioneAtmosferica;Traffico;Visibilita;Illuminazione;NUM_FERITI;NUM_RISERVATA;NUM_MORTI;NUM_ILLESI;Longitude;Latitude;Confermato;Progressivo;TipoVeicolo;StatoVeicolo;TipoPersona;Sesso;Tipolesione;Deceduto;DecedutoDopo;CinturaCascoUtilizzato;Airbag;
5898727;18;01/04/2022 17:00:00;Strada Urbana;VIA DI BOCCEA;in prossimit�;;del civico n.;527;;Scontro laterale fra veicoli in marcia;Curva a visuale libera;Una carreggiata a senso unico di marcia;Asciutto;Asfaltata;Verticale ed orizzontale;Nuvoloso;Intenso;Buona;;0;0;0;3;12.3872;41.9142;-1;1;Autovettura privata;In marcia / fermata / arresto;Conducente;M;Illeso;0;;Non accertato;Inesploso
5898727;18;01/04/2022 17:00:00;Strada Urbana;VIA DI BOCCEA;in prossimit�;;del civico n.;527;;Scontro laterale fra veicoli in marcia;Curva a visuale libera;Una carreggiata a senso unico di marcia;Asciutto;Asfaltata;Verticale ed orizzontale;Nuvoloso;Intenso;Buona;;0;0;0;3;12.3872;41.9142;-1;2;Autovettura privata;In marcia / fermata / arresto;Conducente;M;Illeso;0;;Non accertato;Inesploso
5898727;18;01/04/2022 17:00:00;Strada Urbana;VIA DI BOCCEA;in prossimit�;;del civico n.;527;;Scontro laterale fra veicoli in marcia;Curva a visuale libera;Una carreggiata a senso unico di marcia;Asciutto;Asfaltata;Verticale ed orizzontale;Nuvoloso;Intenso;Buona;;0;0;0;3;12.3872;41.9142;-1;2;Autovettura privata;In marcia / fermata / arresto;Passeggero;F;Illeso;0;;Non accertato;Inesploso
5898731;6;04/04/2022 12:00:00;Strada Urbana;VIA COLLATINA;in prossimit�;;del civico n.;46;;Veicolo in marcia contro veicolo in sosta;Rettilineo;Una carreggiata a doppio senso;Asciutto;Asfaltata;Verticale ed orizzontale;Sereno;Intenso;Buona;;0;0;0;1;12.5627;41.8971;-1;1;Autovettura privata;In marcia / fermata / arresto;Conducente;F;Illeso;0;;;Inesploso
5898731;6;04/04/2022 12:00:00;Strada Urbana;VIA COLLATINA;in prossimit�;;del civico n.;46;;Veicolo in marcia contro veicolo in sosta;Rettilineo;Una carreggiata a doppio senso;Asciutto;Asfaltata;Verticale ed orizzontale;Sereno;Intenso;Buona;;0;0;0;1;12.5627;41.8971;-1;2;Autovettura privata;Sosta;;;;;;;
5898733;9;04/04/2022 11:18:00;Strada Urbana;VIA APPIA NUOVA;in corrispondenza;;del civico n.;612;;Scontro laterale fra veicoli in marcia;Rettilineo;Due carreggiate;Asciutto;Asfaltata;Verticale;Nuvoloso;Normale;Buona;;1;0;0;2;12.5293;41.869;-1;1;Autovettura privata;In marcia / fermata / arresto;Conducente;M;Illeso;0;;Non accertato;Inesploso
5898733;9;04/04/2022 11:18:00;Strada Urbana;VIA APPIA NUOVA;in corrispondenza;;del civico n.;612;;Scontro laterale fra veicoli in marcia;Rettilineo;Due carreggiate;Asciutto;Asfaltata;Verticale;Nuvoloso;Normale;Buona;;1;0;0;2;12.5293;41.869;-1;1;Autovettura privata;In marcia / fermata / arresto;Passeggero;M;Illeso;0;;Non accertato;Inesploso
5898733;9;04/04/2022 11:18:00;Strada Urbana;VIA APPIA NUOVA;in corrispondenza;;del civico n.;612;;Scontro laterale fra veicoli in marcia;Rettilineo;Due carreggiate;Asciutto;Asfaltata;Verticale;Nuvoloso;Normale;Buona;;1;0;0;2;12.5293;41.869;-1;2;Motociclo a solo;In marcia / fermata / arresto;Conducente;M;Rimandato;0;NON DECEDUTO;Non accertato;
5898752;16;01/04/2022 09:15:00;;VIALE DEI COLLI PORTUENSI;in corrispondenza;;del civico n.;163;;Veicolo in marcia contro veicolo in sosta;;;;;;;;;;0;0;0;1;12.4435;41.8715;0;1;Autovettura privata;Sosta;Conducente;M;Illeso;0;;;
5898752;16;01/04/2022 09:15:00;;VIALE DEI COLLI PORTUENSI;in corrispondenza;;del civico n.;163;;Veicolo in marcia contro veicolo in sosta;;;;;;;;;;0;0;0;1;12.4435;41.8715;0;2;Autovettura privata;Sosta;;;;;;;
5898789;16;01/04/2022 19:10:00;Strada Urbana;VIA DELLA CONSOLATA;in prossimit�;;del civico n.;50;;Scontro laterale fra veicoli in marcia;Curva a visuale libera;Una carreggiata a doppio senso;Asciutto;Asfaltata;Verticale ed orizzontale;Sereno;Normale;Buona;;0;0;0;3;12.422;41.8768;-1;1;Autovettura privata;In marcia / fermata / arresto;Conducente;M;Illeso;0;;Non accertato;Inesploso
5898789;16;01/04/2022 19:10:00;Strada Urbana;VIA DELLA CONSOLATA;in prossimit�;;del civico n.;50;;Scontro laterale fra veicoli in marcia;Curva a visuale libera;Una carreggiata a doppio senso;Asciutto;Asfaltata;Verticale ed orizzontale;Sereno;Normale;Buona;;0;0;0;3;12.422;41.8768;-1;1;Autovettura privata;In marcia / fermata / arresto;Passeggero;F;Illeso;0;;Non accertato;Inesploso
5898789;16;01/04/2022 19:10:00;Strada Urbana;VIA DELLA CONSOLATA;in prossimit�;;del civico n.;50;;Scontro laterale fra veicoli in marcia;Curva a visuale libera;Una carreggiata a doppio senso;Asciutto;Asfaltata;Verticale ed orizzontale;Sereno;Normale;Buona;;0;0;0;3;12.422;41.8768;-1;2;Autovettura privata;In marcia / fermata / arresto;Conducente;M;Illeso;0;;Non accertato;Inesploso
5898798;18;01/04/2022 19:00:00;Strada Urbana;VIA DI BOCCEA;in corrispondenza;;del civico n.;640;;Tamponamento Multiplo;Rettilineo;Una carreggiata a doppio senso;Asciutto;Asfaltata;Verticale ed orizzontale;Nuvoloso;Normale;Buona;;0;0;0;4;12.3761;41.921;-1;1;Autovettura privata;In marcia / fermata / arresto;Conducente;M;Illeso;0;;Non accertato;Inesploso
5898798;18;01/04/2022 19:00:00;Strada Urbana;VIA DI BOCCEA;in corrispondenza;;del civico n.;640;;Tamponamento Multiplo;Rettilineo;Una carreggiata a doppio senso;Asciutto;Asfaltata;Verticale ed orizzontale;Nuvoloso;Normale;Buona;;0;0;0;4;12.3761;41.921;-1;2;Autovettura privata;In marcia / fermata / arresto;Conducente;F;Illeso;0;;Non accertato;Inesploso
5898798;18;01/04/2022 19:00:00;Strada Urbana;VIA DI BOCCEA;in corrispondenza;;del civico n.;640;;Tamponamento Multiplo;Rettilineo;Una carreggiata a doppio senso;Asciutto;Asfaltata;Verticale ed orizzontale;Nuvoloso;Normale;Buona;;0;0;0;4;12.3761;41.921;-1;3;Autocarro inferiore 35 q.;In marcia / fermata / arresto;Conducente;M;Illeso;0;;Non accertato;Inesistente
5898798;18;01/04/2022 19:00:00;Strada Urbana;VIA DI BOCCEA;in corrispondenza;;del civico n.;640;;Tamponamento Multiplo;Rettilineo;Una carreggiata a doppio senso;Asciutto;Asfaltata;Verticale ed orizzontale;Nuvoloso;Normale;Buona;;0;0;0;4;12.3761;41.921;-1;3;Autocarro inferiore 35 q.;In marcia / fermata / arresto;Passeggero;F;Illeso;0;;;
5898833;16;02/04/2022 10:25:00;Strada Urbana;VIA DI BRAVETTA;all'intersezione con;VIA DEI TORRIANI;VIA DEI TORRIANI;;;Scontro laterale fra veicoli in marcia;Intersezione stradale segnalata;Una carreggiata a doppio senso;Asciutto;Asfaltata;Verticale ed orizzontale;Sereno;Normale;Buona;;0;0;0;2;12.4257;41.8762;-1;1;Autovettura privata;In marcia / fermata / arresto;Conducente;F;Illeso;0;;Non accertato;
5898833;16;02/04/2022 10:25:00;Strada Urbana;VIA DI BRAVETTA;all'intersezione con;VIA DEI TORRIANI;VIA DEI TORRIANI;;;Scontro laterale fra veicoli in marcia;Intersezione stradale segnalata;Una carreggiata a doppio senso;Asciutto;Asfaltata;Verticale ed orizzontale;Sereno;Normale;Buona;;0;0;0;2;12.4257;41.8762;-1;2;Autovettura privata;In marcia / fermata / arresto;Conducente;M;Illeso;0;;Non accertato;
5898844;12;04/04/2022 09:00:00;Strada Urbana;VIA CRISTOFORO COLOMBO;da specificare;;;;direzione Roma altezza Km 12,350;Tamponamento;Rettilineo;Pi� di due carreggiate;Asciutto;Asfaltata;Verticale ed orizzontale;Sereno;Normale;Buona;;0;0;0;3;12.4115;41.7858;-1;1;Autovettura privata;In marcia / fermata / arresto;Conducente;F;Illeso;0;;;
5898844;12;04/04/2022 09:00:00;Strada Urbana;VIA CRISTOFORO COLOMBO;da specificare;;;;direzione Roma altezza Km 12,350;Tamponamento;Rettilineo;Pi� di due carreggiate;Asciutto;Asfaltata;Verticale ed orizzontale;Sereno;Normale;Buona;;0;0;0;3;12.4115;41.7858;-1;2;Autovettura privata;In marcia / fermata / arresto;Conducente;M;Illeso;0;;;
5898844;12;04/04/2022 09:00:00;Strada Urbana;VIA CRISTOFORO COLOMBO;da specificare;;;;direzione Roma altezza Km 12,350;Tamponamento;Rettilineo;Pi� di due carreggiate;Asciutto;Asfaltata;Verticale ed orizzontale;Sereno;Normale;Buona;;0;0;0;3;12.4115;41.7858;-1;2;Autovettura privata;In marcia / fermata / arresto;Passeggero;M;Illeso;0;;;
5898882;17;02/04/2022 20:30:00;Strada Urbana;VIA DELLA CAMILLUCCIA;in corrispondenza;;del civico n.;120;;Tamponamento Multiplo;Rettilineo;Una carreggiata a senso unico di marcia;Bagnato (pioggia);Asfaltata;Verticale ed orizzontale;Nuvoloso;Normale;Buona;;0;0;0;6;12.4447;41.9337;-1;1;Autovettura privata;In marcia / fermata / arresto;Conducente;M;Illeso;0;;;
5898882;17;02/04/2022 20:30:00;Strada Urbana;VIA DELLA CAMILLUCCIA;in corrispondenza;;del civico n.;120;;Tamponamento Multiplo;Rettilineo;Una carreggiata a senso unico di marcia;Bagnato (pioggia);Asfaltata;Verticale ed orizzontale;Nuvoloso;Normale;Buona;;0;0;0;6;12.4447;41.9337;-1;1;Autovettura privata;In marcia / fermata / arresto;Passeggero;M;Illeso;0;;;
5898882;17;02/04/2022 20:30:00;Strada Urbana;VIA DELLA CAMILLUCCIA;in corrispondenza;;del civico n.;120;;Tamponamento Multiplo;Rettilineo;Una carreggiata a senso unico di marcia;Bagnato (pioggia);Asfaltata;Verticale ed orizzontale;Nuvoloso;Normale;Buona;;0;0;0;6;12.4447;41.9337;-1;1;Autovettura privata;In marcia / fermata / arresto;Passeggero;F;Illeso;0;;;
5898882;17;02/04/2022 20:30:00;Strada Urbana;VIA DELLA CAMILLUCCIA;in corrispondenza;;del civico n.;120;;Tamponamento Multiplo;Rettilineo;Una carreggiata a senso unico di marcia;Bagnato (pioggia);Asfaltata;Verticale ed orizzontale;Nuvoloso;Normale;Buona;;0;0;0;6;12.4447;41.9337;-1;2;Autovettura privata;In marcia / fermata / arresto;Conducente;F;Illeso;0;;;
5898882;17;02/04/2022 20:30:00;Strada Urbana;VIA DELLA CAMILLUCCIA;in corrispondenza;;del civico n.;120;;Tamponamento Multiplo;Rettilineo;Una carreggiata a senso unico di marcia;Bagnato (pioggia);Asfaltata;Verticale ed orizzontale;Nuvoloso;Normale;Buona;;0;0;0;6;12.4447;41.9337;-1;2;Autovettura privata;In marcia / fermata / arresto;Passeggero;M;Illeso;0;;;
5898882;17;02/04/2022 20:30:00;Strada Urbana;VIA DELLA CAMILLUCCIA;in corrispondenza;;del civico n.;120;;Tamponamento Multiplo;Rettilineo;Una carreggiata a senso unico di marcia;Bagnato (pioggia);Asfaltata;Verticale ed orizzontale;Nuvoloso;Normale;Buona;;0;0;0;6;12.4447;41.9337;-1;3;Autovettura privata;In marcia / fermata / arresto;Conducente;F;Illeso;0;;;
5898887;9;04/04/2022 13:40:00;Strada Urbana;VIA APPIA NUOVA;in prossimit�;;del civico n.;688;;Tamponamento;Rettilineo;Due carreggiate;Asciutto;Asfaltata;Verticale ed orizzontale;Sereno;Normale;Buona;;1;0;0;1;12.5321;41.8629;-1;1;Autovettura privata;In marcia / fermata / arresto;Conducente;F;Rimandato;0;NON DECEDUTO;Non accertato;Inesploso
5898887;9;04/04/2022 13:40:00;Strada Urbana;VIA APPIA NUOVA;in prossimit�;;del civico n.;688;;Tamponamento;Rettilineo;Due carreggiate;Asciutto;Asfaltata;Verticale ed orizzontale;Sereno;Normale;Buona;;1;0;0;1;12.5321;41.8629;-1;2;Autovettura privata;In marcia / fermata / arresto;Conducente;F;Illeso;0;;Non accertato;Inesploso
5898889;11;04/04/2022 13:45:00;Strada Urbana;VIA EDGARDO FERRATI;in prossimit�;;del civico n.;12;;Veicolo in marcia contro veicoli in sosta;Rettilineo;Una carreggiata a doppio senso;Asciutto;Asfaltata;Verticale ed orizzontale;Nuvoloso;Normale;Buona;;1;0;0;1;12.4855;41.8635;-1;;;;Pedone;F;Rimandato;0;NON DECEDUTO;;
5898889;11;04/04/2022 13:45:00;Strada Urbana;VIA EDGARDO FERRATI;in prossimit�;;del civico n.;12;;Veicolo in marcia contro veicoli in sosta;Rettilineo;Una carreggiata a doppio senso;Asciutto;Asfaltata;Verticale ed orizzontale;Nuvoloso;Normale;Buona;;1;0;0;1;12.4855;41.8635;-1;1;Autovettura privata;In marcia / fermata / arresto;Conducente;F;Illeso;0;;Non accertato;Inesploso
5898889;11;04/04/2022 13:45:00;Strada Urbana;VIA EDGARDO FERRATI;in prossimit�;;del civico n.;12;;Veicolo in marcia contro veicoli in sosta;Rettilineo;Una carreggiata a doppio senso;Asciutto;Asfaltata;Verticale ed orizzontale;Nuvoloso;Normale;Buona;;1;0;0;1;12.4855;41.8635;-1;2;Autovettura privata;Sosta;;;;;;;
5898889;11;04/04/2022 13:45:00;Strada Urbana;VIA EDGARDO FERRATI;in prossimit�;;del civico n.;12;;Veicolo in marcia contro veicoli in sosta;Rettilineo;Una carreggiata a doppio senso;Asciutto;Asfaltata;Verticale ed orizzontale;Nuvoloso;Normale;Buona;;1;0;0;1;12.4855;41.8635;-1;3;Autovettura privata;Sosta;;;;;;;
5898889;11;04/04/2022 13:45:00;Strada Urbana;VIA EDGARDO FERRATI;in prossimit�;;del civico n.;12;;Veicolo in marcia contro veicoli in sosta;Rettilineo;Una carreggiata a doppio senso;Asciutto;Asfaltata;Verticale ed orizzontale;Nuvoloso;Normale;Buona;;1;0;0;1;12.4855;41.8635;-1;4;Autovettura privata;Sosta;;;;;;;
5898889;11;04/04/2022 13:45:00;Strada Urbana;VIA EDGARDO FERRATI;in prossimit�;;del civico n.;12;;Veicolo in marcia contro veicoli in sosta;Rettilineo;Una carreggiata a doppio senso;Asciutto;Asfaltata;Verticale ed orizzontale;Nuvoloso;Normale;Buona;;1;0;0;1;12.4855;41.8635;-1;5;Autovettura privata;Sosta;;;;;;;
5898889;11;04/04/2022 13:45:00;Strada Urbana;VIA EDGARDO FERRATI;in prossimit�;;del civico n.;12;;Veicolo in marcia contro veicoli in sosta;Rettilineo;Una carreggiata a doppio senso;Asciutto;Asfaltata;Verticale ed orizzontale;Nuvoloso;Normale;Buona;;1;0;0;1;12.4855;41.8635;-1;6;Autovettura privata;Sosta;;;;;;;
5898890;12;04/04/2022 09:40:00;Strada Urbana;VIA SALVATORE QUASIMODO;all'intersezione con;VIA VITALIANO BRANCATI;VIA VITALIANO BRANCATI;;;Scontro frontale/laterale DX fra veicoli in marcia;Incrocio;Una carreggiata a doppio senso;Asciutto;Asfaltata;Verticale ed orizzontale;Nuvoloso;Normale;Buona;;1;0;0;1;12.4688;41.8151;-1;1;Autovettura privata;In marcia / fermata / arresto;Conducente;F;Illeso;0;;;
5898890;12;04/04/2022 09:40:00;Strada Urbana;VIA SALVATORE QUASIMODO;all'intersezione con;VIA VITALIANO BRANCATI;VIA VITALIANO BRANCATI;;;Scontro frontale/laterale DX fra veicoli in marcia;Incrocio;Una carreggiata a doppio senso;Asciutto;Asfaltata;Verticale ed orizzontale;Nuvoloso;Normale;Buona;;1;0;0;1;12.4688;41.8151;-1;2;Motociclo a solo;In marcia / fermata / arresto;Conducente;M;Rimandato;0;NON DECEDUTO;;
5898920;10;04/04/2022 12:40:00;Strada Urbana;LARGO ALESSANDRIA DEL CARRETTO;in corrispondenza;;del civico n.;21;;Scontro laterale fra veicoli in marcia;Rettilineo;Una carreggiata a senso unico di marcia;Asciutto;Asfaltata;Orizzontale;Sereno;Scarso;Buona;;0;0;0;3;12.6176;41.8306;-1;1;Autocarro inferiore 35 q.;In marcia / fermata / arresto;Conducente;M;Illeso;0;;Non accertato;Inesploso
5898920;10;04/04/2022 12:40:00;Strada Urbana;LARGO ALESSANDRIA DEL CARRETTO;in corrispondenza;;del civico n.;21;;Scontro laterale fra veicoli in marcia;Rettilineo;Una carreggiata a senso unico di marcia;Asciutto;Asfaltata;Orizzontale;Sereno;Scarso;Buona;;0;0;0;3;12.6176;41.8306;-1;2;Autovettura privata;In marcia / fermata / arresto;Conducente;M;Illeso;0;;Non accertato;Inesploso
5898920;10;04/04/2022 12:40:00;Strada Urbana;LARGO ALESSANDRIA DEL CARRETTO;in corrispondenza;;del civico n.;21;;Scontro laterale fra veicoli in marcia;Rettilineo;Una carreggiata a senso unico di marcia;Asciutto;Asfaltata;Orizzontale;Sereno;Scarso;Buona;;0;0;0;3;12.6176;41.8306;-1;2;Autovettura privata;In marcia / fermata / arresto;Passeggero;F;Illeso;0;;Non accertato;Inesploso
5898931;18;02/04/2022 11:30:00;Strada Urbana;VIA DI TORREVECCHIA;in corrispondenza;;del civico n.;901;;Scontro laterale fra veicoli in marcia;Rettilineo;Due carreggiate;Asciutto;Asfaltata;Verticale ed orizzontale;Sereno;Normale;Buona;;0;0;0;4;12.4079;41.9159;-1;1;Autovettura privata;In marcia / fermata / arresto;Conducente;M;Illeso;0;;Non accertato;
5898931;18;02/04/2022 11:30:00;Strada Urbana;VIA DI TORREVECCHIA;in corrispondenza;;del civico n.;901;;Scontro laterale fra veicoli in marcia;Rettilineo;Due carreggiate;Asciutto;Asfaltata;Verticale ed orizzontale;Sereno;Normale;Buona;;0;0;0;4;12.4079;41.9159;-1;1;Autovettura privata;In marcia / fermata / arresto;Passeggero;F;Illeso;0;;Non accertato;
5898931;18;02/04/2022 11:30:00;Strada Urbana;VIA DI TORREVECCHIA;in corrispondenza;;del civico n.;901;;Scontro laterale fra veicoli in marcia;Rettilineo;Due carreggiate;Asciutto;Asfaltata;Verticale ed orizzontale;Sereno;Normale;Buona;;0;0;0;4;12.4079;41.9159;-1;2;Autovettura privata;In marcia / fermata / arresto;Conducente;M;Illeso;0;;Non accertato;
5898931;18;02/04/2022 11:30:00;Strada Urbana;VIA DI TORREVECCHIA;in corrispondenza;;del civico n.;901;;Scontro laterale fra veicoli in marcia;Rettilineo;Due carreggiate;Asciutto;Asfaltata;Verticale ed orizzontale;Sereno;Normale;Buona;;0;0;0;4;12.4079;41.9159;-1;2;Autovettura privata;In marcia / fermata / arresto;Passeggero;F;Illeso;0;;;
5898959;17;04/04/2022 11:30:00;Strada Urbana;VIA GIUSEPPE PALUMBO;in corrispondenza;;del civico n.;1;;Veicolo in marcia contro veicoli in sosta;Rettilineo;Una carreggiata a doppio senso;Bagnato (pioggia);Asfaltata;Verticale ed orizzontale;Pioggia in atto;Normale;Buona;;0;0;0;0;12.4543;41.9144;0;1;Autovettura privata;Sosta;;;;;;;
5898959;17;04/04/2022 11:30:00;Strada Urbana;VIA GIUSEPPE PALUMBO;in corrispondenza;;del civico n.;1;;Veicolo in marcia contro veicoli in sosta;Rettilineo;Una carreggiata a doppio senso;Bagnato (pioggia);Asfaltata;Verticale ed orizzontale;Pioggia in atto;Normale;Buona;;0;0;0;0;12.4543;41.9144;0;2;Autovettura privata;Sosta;;;;;;;
5898963;12;04/04/2022 11:45:00;Statale;VIA PONTINA;in prossimit�;;della chilometrica;14.1;;Veicolo in marcia contro ostacolo fisso;Curva a visuale libera;Una carreggiata a senso unico di marcia;Asciutto;Asfaltata;Verticale ed orizzontale;Nuvoloso;Normale;Buona;;1;0;0;0;12.4522;41.794;-1;1;Autovettura privata;In marcia / fermata / arresto;Conducente;F;Rimandato;0;NON DECEDUTO;;
5898978;12;03/04/2022 19:30:00;Strada Urbana;VIA LAURENTINA;da specificare;;;;prossimit� Via di Trigoria Dir. Roma;Scontro laterale fra veicoli in marcia;Rotatoria;Una carreggiata a senso unico di marcia;Asciutto;Asfaltata;Verticale ed orizzontale;Sereno;Normale;Buona;;1;0;0;1;12.481;41.7756;-1;1;Autovettura privata;In marcia / fermata / arresto;Conducente;M;Illeso;0;;Utilizzato;Inesploso
5898978;12;03/04/2022 19:30:00;Strada Urbana;VIA LAURENTINA;da specificare;;;;prossimit� Via di Trigoria Dir. Roma;Scontro laterale fra veicoli in marcia;Rotatoria;Una carreggiata a senso unico di marcia;Asciutto;Asfaltata;Verticale ed orizzontale;Sereno;Normale;Buona;;1;0;0;1;12.481;41.7756;-1;2;Autovettura privata;In marcia / fermata / arresto;Conducente;F;Rimandato;0;NON DECEDUTO;Utilizzato;Inesploso
5898991;17;01/04/2022 11:30:00;Strada Urbana;PIAZZA GIUSEPPE MAZZINI;in prossimit�;;del civico n.;5;;Scontro laterale fra veicoli in marcia;Rettilineo;Una carreggiata a senso unico di marcia;Bagnato (pioggia);Asfaltata;Verticale ed orizzontale;Nuvoloso;Normale;Buona;;0;0;0;2;12.4644;41.9158;-1;1;Autovettura privata;In marcia / fermata / arresto;Conducente;M;Illeso;0;;;
5898991;17;01/04/2022 11:30:00;Strada Urbana;PIAZZA GIUSEPPE MAZZINI;in prossimit�;;del civico n.;5;;Scontro laterale fra veicoli in marcia;Rettilineo;Una carreggiata a senso unico di marcia;Bagnato (pioggia);Asfaltata;Verticale ed orizzontale;Nuvoloso;Normale;Buona;;0;0;0;2;12.4644;41.9158;-1;2;Autovettura privata;In marcia / fermata / arresto;Conducente;F;Illeso;0;;;
5898997;18;02/04/2022 15:20:00;Strada Urbana;VIA DI BOCCEA;da specificare;;;;fronte civico 201;Tamponamento;Rettilineo;Una carreggiata a doppio senso;Asciutto;Asfaltata;Verticale ed orizzontale;Nuvoloso;Normale;Sufficiente;;2;0;0;1;12.3847;41.9149;-1;1;Autocarro inferiore 35 q.;In marcia / fermata / arresto;Conducente;M;Illeso;0;;;
5898997;18;02/04/2022 15:20:00;Strada Urbana;VIA DI BOCCEA;da specificare;;;;fronte civico 201;Tamponamento;Rettilineo;Una carreggiata a doppio senso;Asciutto;Asfaltata;Verticale ed orizzontale;Nuvoloso;Normale;Sufficiente;;2;0;0;1;12.3847;41.9149;-1;2;Autovettura privata;In marcia / fermata / arresto;Conducente;F;Rifiuta cure immediate;0;NON DECEDUTO;;
5898997;18;02/04/2022 15:20:00;Strada Urbana;VIA DI BOCCEA;da specificare;;;;fronte civico 201;Tamponamento;Rettilineo;Una carreggiata a doppio senso;Asciutto;Asfaltata;Verticale ed orizzontale;Nuvoloso;Normale;Sufficiente;;2;0;0;1;12.3847;41.9149;-1;2;Autovettura privata;In marcia / fermata / arresto;Passeggero;M;Rifiuta cure immediate;0;NON DECEDUTO;;
5899003;9;04/04/2022 15:50:00;Strada Urbana;VIA GELA;in prossimit�;;del civico n.;7;;Scontro laterale fra veicoli in marcia;Rettilineo;Una carreggiata a doppio senso;Asciutto;Asfaltata;Verticale ed orizzontale;Sereno;Intenso;Buona;;0;0;0;2;12.5193;41.8781;-1;1;Autovettura privata;In marcia / fermata / arresto;Conducente;F;Illeso;0;;Non accertato;Inesploso
5899003;9;04/04/2022 15:50:00;Strada Urbana;VIA GELA;in prossimit�;;del civico n.;7;;Scontro laterale fra veicoli in marcia;Rettilineo;Una carreggiata a doppio senso;Asciutto;Asfaltata;Verticale ed orizzontale;Sereno;Intenso;Buona;;0;0;0;2;12.5193;41.8781;-1;2;Motociclo a solo;In marcia / fermata / arresto;Conducente;M;Illeso;0;;Non accertato;
5899034;18;03/04/2022 04:40:00;Strada Urbana;VIA GREGORIO VII;in corrispondenza;;del civico n.;136;;Veicolo in marcia contro veicolo in sosta;Rettilineo;Pi� di due carreggiate;Bagnato (pioggia);Asfaltata;Verticale ed orizzontale;Pioggia in atto;Scarso;Buona;;2;0;0;0;12.4457;41.8957;-1;1;Autovettura privata;In marcia / fermata / arresto;Conducente;M;Rimandato;0;NON DECEDUTO;;
5899034;18;03/04/2022 04:40:00;Strada Urbana;VIA GREGORIO VII;in corrispondenza;;del civico n.;136;;Veicolo in marcia contro veicolo in sosta;Rettilineo;Pi� di due carreggiate;Bagnato (pioggia);Asfaltata;Verticale ed orizzontale;Pioggia in atto;Scarso;Buona;;2;0;0;0;12.4457;41.8957;-1;1;Autovettura privata;In marcia / fermata / arresto;Passeggero;F;Rimandato;0;NON DECEDUTO;;
5899034;18;03/04/2022 04:40:00;Strada Urbana;VIA GREGORIO VII;in corrispondenza;;del civico n.;136;;Veicolo in marcia contro veicolo in sosta;Rettilineo;Pi� di due carreggiate;Bagnato (pioggia);Asfaltata;Verticale ed orizzontale;Pioggia in atto;Scarso;Buona;;2;0;0;0;12.4457;41.8957;-1;2;Autovettura privata;Sosta;;;;;;;
5899034;18;03/04/2022 04:40:00;Strada Urbana;VIA GREGORIO VII;in corrispondenza;;del civico n.;136;;Veicolo in marcia contro veicolo in sosta;Rettilineo;Pi� di due carreggiate;Bagnato (pioggia);Asfaltata;Verticale ed orizzontale;Pioggia in atto;Scarso;Buona;;2;0;0;0;12.4457;41.8957;-1;3;Autovettura privata;Sosta;;;;;;;
5899034;18;03/04/2022 04:40:00;Strada Urbana;VIA GREGORIO VII;in corrispondenza;;del civico n.;136;;Veicolo in marcia contro veicolo in sosta;Rettilineo;Pi� di due carreggiate;Bagnato (pioggia);Asfaltata;Verticale ed orizzontale;Pioggia in atto;Scarso;Buona;;2;0;0;0;12.4457;41.8957;-1;4;Ciclomotore;Sosta;;;;;;;
5899034;18;03/04/2022 04:40:00;Strada Urbana;VIA GREGORIO VII;in corrispondenza;;del civico n.;136;;Veicolo in marcia contro veicolo in sosta;Rettilineo;Pi� di due carreggiate;Bagnato (pioggia);Asfaltata;Verticale ed orizzontale;Pioggia in atto;Scarso;Buona;;2;0;0;0;12.4457;41.8957;-1;5;Motociclo a solo;Sosta;;;;;;;
5899034;18;03/04/2022 04:40:00;Strada Urbana;VIA GREGORIO VII;in corrispondenza;;del civico n.;136;;Veicolo in marcia contro veicolo in sosta;Rettilineo;Pi� di due carreggiate;Bagnato (pioggia);Asfaltata;Verticale ed orizzontale;Pioggia in atto;Scarso;Buona;;2;0;0;0;12.4457;41.8957;-1;6;Motociclo a solo;Sosta;;;;;;;
5899035;16;02/04/2022 11:50:00;;PIAZZA S. GIOVANNI DI DIO;in prossimit�;;del palo luce n.;11;;Veicolo in marcia contro veicolo in sosta;;;;;;;;;;0;0;0;1;12.4467;41.8744;0;1;Autovettura privata;In marcia / fermata / arresto;Conducente;F;Illeso;0;;;
5899035;16;02/04/2022 11:50:00;;PIAZZA S. GIOVANNI DI DIO;in prossimit�;;del palo luce n.;11;;Veicolo in marcia contro veicolo in sosta;;;;;;;;;;0;0;0;1;12.4467;41.8744;0;2;Autovettura privata;Sosta;;;;;;;
5899035;16;02/04/2022 11:50:00;;PIAZZA S. GIOVANNI DI DIO;in prossimit�;;del palo luce n.;11;;Veicolo in marcia contro veicolo in sosta;;;;;;;;;;0;0;0;1;12.4467;41.8744;0;3;Autovettura privata;Sosta;;;;;;;
5899065;16;02/04/2022 15:15:00;Strada Urbana;VIA DI BRAVA;da specificare;;;;in prossimit� fermata Atac n�77283;Tamponamento Multiplo;Rettilineo;Una carreggiata a doppio senso;Bagnato (pioggia);Asfaltata;Orizzontale;Pioggia in atto;Normale;Buona;;0;0;0;3;12.3824;41.8696;-1;1;Autovettura privata;In marcia / fermata / arresto;Conducente;M;Illeso;0;;Non accertato;Esploso