Protocollo;Gruppo;DataOraIncidente;Localizzazione1;STRADA1;Localizzazione2;STRADA2;Strada02;Chilometrica;DaSpecificare;NaturaIncidente;particolaritastrade;TipoStrada;FondoStradale;Pavimentazione;Segnaletica;CondizioneAtmosferica;Traffico;Visibilita;Illuminazione;NUM_FERITI;NUM_RISERVATA;NUM_MORTI;NUM_ILLESI;Longitude;Latitude;Confermato;Progressivo;TipoVeicolo;StatoVeicolo;TipoPersona;Sesso;Tipolesione;Deceduto;DecedutoDopo;CinturaCascoUtilizzato;Airbag;
5900273;13;04/04/2022 16:00:00;Strada Urbana;VIALE PRASSILLA;all'intersezione con;VIA APELLE;VIA APELLE;;;Scontro frontale/laterale SX fra veicoli in marcia;Incrocio;Una carreggiata a senso unico di marcia;Asciutto;Asfaltata;Verticale;Sereno;Normale;Buona;;0;0;0;3;12.3544;41.7536;-1;2;Autovettura privata;In marcia / fermata / arresto;Conducente;F;Illeso;0;;Non accertato;
5900273;13;04/04/2022 16:00:00;Strada Urbana;VIALE PRASSILLA;all'intersezione con;VIA APELLE;VIA APELLE;;;Scontro frontale/laterale SX fra veicoli in marcia;Incrocio;Una carreggiata a senso unico di marcia;Asciutto;Asfaltata;Verticale;Sereno;Normale;Buona;;0;0;0;3;12.3544;41.7536;-1;2;Autovettura privata;In marcia / fermata / arresto;Passeggero;F;Illeso;0;;Non accertato;
5900294;1;05/04/2022 10:55:00;Strada Urbana;VIA DEL VANTAGGIO;in prossimit�;;del civico n.;18;;Investimento di pedone;Rettilineo;Una carreggiata a senso unico di marcia;Asciutto;In cubetti di porfido;Assente;Sereno;Scarso;Buona;;1;0;0;1;;;0;;;;Pedone;F;Rimandato;0;NON DECEDUTO;;
5900294;1;05/04/2022 10:55:00;Strada Urbana;VIA DEL VANTAGGIO;in prossimit�;;del civico n.;18;;Investimento di pedone;Rettilineo;Una carreggiata a senso unico di marcia;Asciutto;In cubetti di porfido;Assente;Sereno;Scarso;Buona;;1;0;0;1;;;0;1;Autocarro inferiore 35 q.;In marcia / fermata / arresto;Conducente;M;Illeso;0;;;
5900317;18;03/04/2022 18:30:00;Strada Urbana;VIA DI BOCCEA;in prossimit�;;del civico n.;535;;Tamponamento;Rettilineo;Una carreggiata a senso unico di marcia;Asciutto;Asfaltata;Verticale ed orizzontale;Sereno;Normale;Sufficiente;;0;0;0;6;12.3867;41.9142;-1;1;Autovettura privata;In marcia / fermata / arresto;Conducente;F;Illeso;0;;Non accertato;Inesploso
5900317;18;03/04/2022 18:30:00;Strada Urbana;VIA DI BOCCEA;in prossimit�;;del civico n.;535;;Tamponamento;Rettilineo;Una carreggiata a senso unico di marcia;Asciutto;Asfaltata;Verticale ed orizzontale;Sereno;Normale;Sufficiente;;0;0;0;6;12.3867;41.9142;-1;1;Autovettura privata;In marcia / fermata / arresto;Passeggero;M;Illeso;0;;Non accertato;Inesploso
5900317;18;03/04/2022 18:30:00;Strada Urbana;VIA DI BOCCEA;in prossimit�;;del civico n.;535;;Tamponamento;Rettilineo;Una carreggiata a senso unico di marcia;Asciutto;Asfaltata;Verticale ed orizzontale;Sereno;Normale;Sufficiente;;0;0;0;6;12.3867;41.9142;-1;2;Autovettura privata;In marcia / fermata / arresto;Conducente;F;Illeso;0;;Non accertato;
5900317;18;03/04/2022 18:30:00;Strada Urbana;VIA DI BOCCEA;in prossimit�;;del civico n.;535;;Tamponamento;Rettilineo;Una carreggiata a senso unico di marcia;Asciutto;Asfaltata;Verticale ed orizzontale;Sereno;Normale;Sufficiente;;0;0;0;6;12.3867;41.9142;-1;2;Autovettura privata;In marcia / fermata / arresto;Passeggero;M;Illeso;0;;Non accertato;Inesploso
5900317;18;03/04/2022 18:30:00;Strada Urbana;VIA DI BOCCEA;in prossimit�;;del civico n.;535;;Tamponamento;Rettilineo;Una carreggiata a senso unico di marcia;Asciutto;Asfaltata;Verticale ed orizzontale;Sereno;Normale;Sufficiente;;0;0;0;6;12.3867;41.9142;-1;2;Autovettura privata;In marcia / fermata / arresto;Passeggero;F;Illeso;0;;Non accertato;Inesploso
5900317;18;03/04/2022 18:30:00;Strada Urbana;VIA DI BOCCEA;in prossimit�;;del civico n.;535;;Tamponamento;Rettilineo;Una carreggiata a senso unico di marcia;Asciutto;Asfaltata;Verticale ed orizzontale;Sereno;Normale;Sufficiente;;0;0;0;6;12.3867;41.9142;-1;2;Autovettura privata;In marcia / fermata / arresto;Passeggero;F;Illeso;0;;Non accertato;Inesploso
5900329;11;05/04/2022 10:45:00;Strada Urbana;VIA GIOVANNI BATTISTA CERRUTI;all'intersezione con;VIA CARLO CITERNI;VIA CARLO CITERNI;;;Investimento di pedone;Incrocio;Una carreggiata a senso unico di marcia;Asciutto;Asfaltata;Verticale ed orizzontale;Sereno;Normale;Buona;;1;0;0;1;12.4932;41.8679;-1;;;;Pedone;F;Ricoverato;0;NON DECEDUTO;;
5900329;11;05/04/2022 10:45:00;Strada Urbana;VIA GIOVANNI BATTISTA CERRUTI;all'intersezione con;VIA CARLO CITERNI;VIA CARLO CITERNI;;;Investimento di pedone;Incrocio;Una carreggiata a senso unico di marcia;Asciutto;Asfaltata;Verticale ed orizzontale;Sereno;Normale;Buona;;1;0;0;1;12.4932;41.8679;-1;1;Autocarro inferiore 35 q.;In marcia / fermata / arresto;Conducente;M;Illeso;0;;Non accertato;Inesploso
5900335;16;04/04/2022 08:20:00;Strada Urbana;VIA ANTONIO PIGNATELLI;in corrispondenza;;del civico n.;9;;Scontro laterale fra veicoli in marcia;Rettilineo;Una carreggiata a senso unico di marcia;Asciutto;Asfaltata;Assente;Nuvoloso;Normale;Buona;;0;0;0;2;12.4509;41.8724;-1;1;Autovettura privata;In marcia / fermata / arresto;Conducente;M;Illeso;0;;Non accertato;Inesploso
5900335;16;04/04/2022 08:20:00;Strada Urbana;VIA ANTONIO PIGNATELLI;in corrispondenza;;del civico n.;9;;Scontro laterale fra veicoli in marcia;Rettilineo;Una carreggiata a senso unico di marcia;Asciutto;Asfaltata;Assente;Nuvoloso;Normale;Buona;;0;0;0;2;12.4509;41.8724;-1;2;Autovettura privata;In marcia / fermata / arresto;Conducente;M;Illeso;0;;Non accertato;Inesploso
5900337;18;02/04/2022 15:30:00;Strada Urbana;VIA AURELIA;in prossimit�;;del civico n.;796;;Scontro laterale fra veicoli in marcia;Rettilineo;Una carreggiata a senso unico di marcia;Bagnato (umidit� in atto);Asfaltata;Verticale ed orizzontale;Nuvoloso;Scarso;Buona;;0;0;0;2;12.4088;41.8895;-1;1;Autovettura privata;In marcia / fermata / arresto;Conducente;F;Illeso;0;;;
5900337;18;02/04/2022 15:30:00;Strada Urbana;VIA AURELIA;in prossimit�;;del civico n.;796;;Scontro laterale fra veicoli in marcia;Rettilineo;Una carreggiata a senso unico di marcia;Bagnato (umidit� in atto);Asfaltata;Verticale ed orizzontale;Nuvoloso;Scarso;Buona;;0;0;0;2;12.4088;41.8895;-1;2;Autovettura privata;In marcia / fermata / arresto;Conducente;M;Illeso;0;;;
5900364;23;04/04/2022 10:35:00;Strada Urbana;VIA APPIA NUOVA;all'intersezione con;VIA DELL'ARCO DI TRAVERTINO;VIA DELL'ARCO DI TRAVERTINO;;;Scontro laterale fra veicoli in marcia;Incrocio;Una carreggiata a senso unico di marcia;Asciutto;Asfaltata;Verticale ed orizzontale;Nuvoloso;Normale;Buona;;0;0;0;3;12.5605;41.8257;-1;1;Autobus di linea;In marcia / fermata / arresto;Conducente;M;Illeso;0;;;
5900364;23;04/04/2022 10:35:00;Strada Urbana;VIA APPIA NUOVA;all'intersezione con;VIA DELL'ARCO DI TRAVERTINO;VIA DELL'ARCO DI TRAVERTINO;;;Scontro laterale fra veicoli in marcia;Incrocio;Una carreggiata a senso unico di marcia;Asciutto;Asfaltata;Verticale ed orizzontale;Nuvoloso;Normale;Buona;;0;0;0;3;12.5605;41.8257;-1;2;Autovettura di polizia;In marcia / fermata / arresto;Conducente;F;Illeso;0;;;
5900364;23;04/04/2022 10:35:00;Strada Urbana;VIA APPIA NUOVA;all'intersezione con;VIA DELL'ARCO DI TRAVERTINO;VIA DELL'ARCO DI TRAVERTINO;;;Scontro laterale fra veicoli in marcia;Incrocio;Una carreggiata a senso unico di marcia;Asciutto;Asfaltata;Verticale ed orizzontale;Nuvoloso;Normale;Buona;;0;0;0;3;12.5605;41.8257;-1;2;Autovettura di polizia;In marcia / fermata / arresto;Passeggero;M;Illeso;0;;;Inesploso
5900393;23;04/04/2022 15:30:00;Strada Urbana;VIALE DI PORTA ARDEATINA;in corrispondenza;;del palo luce n.;74;;Veicolo in marcia contro veicolo arresto;Rettilineo;Una carreggiata a doppio senso;Asciutto;Asfaltata;Verticale ed orizzontale;Sereno;Normale;Buona;;0;0;0;2;12.4915;41.8748;-1;1;Autovettura privata;In marcia / fermata / arresto;Conducente;F;Illeso;0;;Utilizzato;Esploso
5900393;23;04/04/2022 15:30:00;Strada Urbana;VIALE DI PORTA ARDEATINA;in corrispondenza;;del palo luce n.;74;;Veicolo in marcia contro veicolo arresto;Rettilineo;Una carreggiata a doppio senso;Asciutto;Asfaltata;Verticale ed orizzontale;Sereno;Normale;Buona;;0;0;0;2;12.4915;41.8748;-1;2;Autocarro inferiore 35 q.;In marcia / fermata / arresto;Conducente;M;Illeso;0;;Utilizzato;Inesploso
5900414;1;05/04/2022 11:12:00;Strada Urbana;VIALE DEL MONTE OPPIO;all'intersezione con;VIA DELLE SETTE SALE;VIA DELLE SETTE SALE;;;Veicolo in marcia contro veicolo fermo;Intersezione non regolata/non segnalata;Una carreggiata a senso unico di marcia;Asciutto;Asfaltata;Verticale ed orizzontale;Sereno;Scarso;Buona;;0;0;0;1;12.4966;41.893;0;1;Autovettura privata;In marcia / fermata / arresto;Conducente;M;Illeso;0;;;
5900414;1;05/04/2022 11:12:00;Strada Urbana;VIALE DEL MONTE OPPIO;all'intersezione con;VIA DELLE SETTE SALE;VIA DELLE SETTE SALE;;;Veicolo in marcia contro veicolo fermo;Intersezione non regolata/non segnalata;Una carreggiata a senso unico di marcia;Asciutto;Asfaltata;Verticale ed orizzontale;Sereno;Scarso;Buona;;0;0;0;1;12.4966;41.893;0;2;Autovettura privata;Sosta;;;;;;;
5900448;16;04/04/2022 09:05:00;Strada Urbana;VIALE DELLE MURA PORTUENSI;in corrispondenza;;del civico n.;8;;Scontro laterale fra veicoli in marcia;Rettilineo;Una carreggiata a doppio senso;Asciutto;Asfaltata;Verticale;Nuvoloso;Normale;Buona;;0;0;0;3;12.4733;41.8839;-1;1;Autovettura privata;In marcia / fermata / arresto;Conducente;M;Illeso;0;;Non accertato;
5900448;16;04/04/2022 09:05:00;Strada Urbana;VIALE DELLE MURA PORTUENSI;in corrispondenza;;del civico n.;8;;Scontro laterale fra veicoli in marcia;Rettilineo;Una carreggiata a doppio senso;Asciutto;Asfaltata;Verticale;Nuvoloso;Normale;Buona;;0;0;0;3;12.4733;41.8839;-1;2;Motociclo con passeggero;In marcia / fermata / arresto;Conducente;M;Illeso;0;;Non accertato;
5900448;16;04/04/2022 09:05:00;Strada Urbana;VIALE DELLE MURA PORTUENSI;in corrispondenza;;del civico n.;8;;Scontro laterale fra veicoli in marcia;Rettilineo;Una carreggiata a doppio senso;Asciutto;Asfaltata;Verticale;Nuvoloso;Normale;Buona;;0;0;0;3;12.4733;41.8839;-1;2;Motociclo con passeggero;In marcia / fermata / arresto;Passeggero;F;Illeso;0;;Non accertato;
5900494;1;05/04/2022 10:20:00;Strada Urbana;VIA MACHIAVELLI;in prossimit�;;del civico n.;60;;Tamponamento;Rettilineo;Una carreggiata a senso unico di marcia;Asciutto;In cubetti di porfido;Verticale ed orizzontale;Sereno;Normale;Buona;;0;0;0;2;12.504;41.8934;-1;1;Autovettura privata;In marcia / fermata / arresto;Conducente;M;Illeso;0;;;
5900494;1;05/04/2022 10:20:00;Strada Urbana;VIA MACHIAVELLI;in prossimit�;;del civico n.;60;;Tamponamento;Rettilineo;Una carreggiata a senso unico di marcia;Asciutto;In cubetti di porfido;Verticale ed orizzontale;Sereno;Normale;Buona;;0;0;0;2;12.504;41.8934;-1;2;Autovettura privata;In marcia / fermata / arresto;Conducente;M;Illeso;0;;;
5900499;8;04/04/2022 09:00:00;Strada Urbana;VIA AMICO ASPERTINI;all'intersezione con;VIA BATTISTA PANZERA;VIA BATTISTA PANZERA;;;Scontro frontale/laterale SX fra veicoli in marcia;Incrocio;Una carreggiata a doppio senso;Asciutto;Asfaltata;Verticale ed orizzontale;Sereno;Normale;Buona;;1;0;0;2;12.6284;41.8746;-1;1;Motociclo a solo;In marcia / fermata / arresto;Conducente;M;Rimandato;0;NON DECEDUTO;;
5900499;8;04/04/2022 09:00:00;Strada Urbana;VIA AMICO ASPERTINI;all'intersezione con;VIA BATTISTA PANZERA;VIA BATTISTA PANZERA;;;Scontro frontale/laterale SX fra veicoli in marcia;Incrocio;Una carreggiata a doppio senso;Asciutto;Asfaltata;Verticale ed orizzontale;Sereno;Normale;Buona;;1;0;0;2;12.6284;41.8746;-1;2;Autovettura privata;In marcia / fermata / arresto;Conducente;F;Illeso;0;;;
5900499;8;04/04/2022 09:00:00;Strada Urbana;VIA AMICO ASPERTINI;all'intersezione con;VIA BATTISTA PANZERA;VIA BATTISTA PANZERA;;;Scontro frontale/laterale SX fra veicoli in marcia;Incrocio;Una carreggiata a doppio senso;Asciutto;Asfaltata;Verticale ed orizzontale;Sereno;Normale;Buona;;1;0;0;2;12.6284;41.8746;-1;2;Autovettura privata;In marcia / fermata / arresto;Passeggero;F;Illeso;0;;;
5900502;8;04/04/2022 10:00:00;Strada Urbana;VIALE DELL'ARCHIGINNASIO;all'intersezione con;VIA SALAMANCA;VIA SALAMANCA;;;Scontro laterale fra veicoli in marcia;Rotatoria;Una carreggiata a senso unico di marcia;Asciutto;Asfaltata;Verticale ed orizzontale;Sereno;Scarso;Buona;;0;0;0;2;12.6325;41.8532;-1;1;Autovettura privata;In marcia / fermata / arresto;Conducente;M;Illeso;0;;Non accertato;Inesploso
5900502;8;04/04/2022 10:00:00;Strada Urbana;VIALE DELL'ARCHIGINNASIO;all'intersezione con;VIA SALAMANCA;VIA SALAMANCA;;;Scontro laterale fra veicoli in marcia;Rotatoria;Una carreggiata a senso unico di marcia;Asciutto;Asfaltata;Verticale ed orizzontale;Sereno;Scarso;Buona;;0;0;0;2;12.6325;41.8532;-1;2;Autovettura privata;In marcia / fermata / arresto;Conducente;M;Illeso;0;;Non accertato;Inesploso
5900508;8;04/04/2022 11:00:00;Strada Urbana;VIA SANT'ELPIDIO A MARE;in corrispondenza;;del civico n.;65;;Scontro laterale fra veicoli in marcia;Rettilineo;Una carreggiata a doppio senso;Asciutto;Asfaltata;Verticale ed orizzontale;Sereno;Normale;Buona;;0;0;0;3;12.728;41.9162;-1;1;Autovettura privata;In marcia / fermata / arresto;Conducente;M;Illeso;0;;Non accertato;Inesploso
5900508;8;04/04/2022 11:00:00;Strada Urbana;VIA SANT'ELPIDIO A MARE;in corrispondenza;;del civico n.;65;;Scontro laterale fra veicoli in marcia;Rettilineo;Una carreggiata a doppio senso;Asciutto;Asfaltata;Verticale ed orizzontale;Sereno;Normale;Buona;;0;0;0;3;12.728;41.9162;-1;2;Autovettura privata;In marcia / fermata / arresto;Conducente;F;Illeso;0;;Non accertato;Inesploso
5900508;8;04/04/2022 11:00:00;Strada Urbana;VIA SANT'ELPIDIO A MARE;in corrispondenza;;del civico n.;65;;Scontro laterale fra veicoli in marcia;Rettilineo;Una carreggiata a doppio senso;Asciutto;Asfaltata;Verticale ed orizzontale;Sereno;Normale;Buona;;0;0;0;3;12.728;41.9162;-1;2;Autovettura privata;In marcia / fermata / arresto;Passeggero;F;Illeso;0;;Non accertato;Inesploso
5900516;8;04/04/2022 12:15:00;Strada Urbana;LARGO ROCCASICURA;da specificare;;;;altezza ingresso ufficio postale;Investimento di pedone;Rettilineo;Una carreggiata a doppio senso;Asciutto;Asfaltata;Assente;Sereno;Normale;Sufficiente;;1;0;0;1;12.672;41.9229;-1;;;;Pedone;F;Rimandato;0;NON DECEDUTO;;
5900516;8;04/04/2022 12:15:00;Strada Urbana;LARGO ROCCASICURA;da specificare;;;;altezza ingresso ufficio postale;Investimento di pedone;Rettilineo;Una carreggiata a doppio senso;Asciutto;Asfaltata;Assente;Sereno;Normale;Sufficiente;;1;0;0;1;12.672;41.9229;-1;1;Autovettura privata;In marcia / fermata / arresto;Conducente;M;Illeso;0;;;
5900520;8;04/04/2022 16:25:00;Strada Urbana;VIA CASILINA;da specificare;;;;prossimit� sottopasso G.R.A. ;Scontro laterale fra veicoli in marcia;Rettilineo;Una carreggiata a senso unico di marcia;Asciutto;Asfaltata;Verticale ed orizzontale;Sereno;Normale;Buona;;0;0;0;2;12.6212;41.8626;-1;1;Autovettura privata;In marcia / fermata / arresto;Conducente;M;Illeso;0;;Non accertato;Inesploso
5900520;8;04/04/2022 16:25:00;Strada Urbana;VIA CASILINA;da specificare;;;;prossimit� sottopasso G.R.A. ;Scontro laterale fra veicoli in marcia;Rettilineo;Una carreggiata a senso unico di marcia;Asciutto;Asfaltata;Verticale ed orizzontale;Sereno;Normale;Buona;;0;0;0;2;12.6212;41.8626;-1;1;Autovettura privata;In marcia / fermata / arresto;Passeggero;F;Illeso;0;;Non accertato;Inesploso
5900520;8;04/04/2022 16:25:00;Strada Urbana;VIA CASILINA;da specificare;;;;prossimit� sottopasso G.R.A. ;Scontro laterale fra veicoli in marcia;Rettilineo;Una carreggiata a senso unico di marcia;Asciutto;Asfaltata;Verticale ed orizzontale;Sereno;Normale;Buona;;0;0;0;2;12.6212;41.8626;-1;2;Autovettura privata;Allontanatosi;;;;;;;
5900525;8;05/04/2022 00:40:00;Strada Urbana;VIA DI TORRE SPACCATA;in corrispondenza;;del civico n.;220/A;;Veicolo in marcia contro ostacolo fisso;Rettilineo;Una carreggiata a doppio senso;Asciutto;Asfaltata;Orizzontale;Sereno;Scarso;Buona;;1;0;0;0;12.5868;41.866;-1;1;Autovettura privata;In marcia / fermata / arresto;Conducente;F;Rimandato;0;NON DECEDUTO;;
5900568;17;04/04/2022 09:50:00;Strada Urbana;CIRCONVALLAZIONE CLODIA;all'intersezione con;VIA FASANA;VIA FASANA;;;Scontro frontale/laterale SX fra veicoli in marcia;Incrocio;Due carreggiate;Asciutto;Asfaltata;Verticale ed orizzontale;Sereno;Normale;Buona;;0;0;0;4;12.4561;41.9181;-1;1;Autovettura privata;In marcia / fermata / arresto;Conducente;M;Illeso;0;;;
5900568;17;04/04/2022 09:50:00;Strada Urbana;CIRCONVALLAZIONE CLODIA;all'intersezione con;VIA FASANA;VIA FASANA;;;Scontro frontale/laterale SX fra veicoli in marcia;Incrocio;Due carreggiate;Asciutto;Asfaltata;Verticale ed orizzontale;Sereno;Normale;Buona;;0;0;0;4;12.4561;41.9181;-1;2;Autovettura privata;In marcia / fermata / arresto;Conducente;F;Illeso;0;;;
5900568;17;04/04/2022 09:50:00;Strada Urbana;CIRCONVALLAZIONE CLODIA;all'intersezione con;VIA FASANA;VIA FASANA;;;Scontro frontale/laterale SX fra veicoli in marcia;Incrocio;Due carreggiate;Asciutto;Asfaltata;Verticale ed orizzontale;Sereno;Normale;Buona;;0;0;0;4;12.4561;41.9181;-1;2;Autovettura privata;In marcia / fermata / arresto;Passeggero;F;Illeso;0;;;
5900568;17;04/04/2022 09:50:00;Strada Urbana;CIRCONVALLAZIONE CLODIA;all'intersezione con;VIA FASANA;VIA FASANA;;;Scontro frontale/laterale SX fra veicoli in marcia;Incrocio;Due carreggiate;Asciutto;Asfaltata;Verticale ed orizzontale;Sereno;Normale;Buona;;0;0;0;4;12.4561;41.9181;-1;2;Autovettura privata;In marcia / fermata / arresto;Passeggero;M;Illeso;0;;;
5900571;16;04/04/2022 18:15:00;Strada Urbana;VIA DI MONTE VERDE;all'intersezione con;LARGO ALESSANDRINA RAVIZZA;LARGO ALESSANDRINA RAVIZZA;;;Veicolo in marcia contro veicolo arresto;Incrocio;Una carreggiata a senso unico di marcia;Asciutto;Asfaltata;Verticale ed orizzontale;Sereno;Normale;Buona;;0;0;0;2;12.4492;41.8712;0;1;Autovettura privata;In marcia / fermata / arresto;Conducente;M;Illeso;0;;Non accertato;Inesploso
5900571;16;04/04/2022 18:15:00;Strada Urbana;VIA DI MONTE VERDE;all'intersezione con;LARGO ALESSANDRINA RAVIZZA;LARGO ALESSANDRINA RAVIZZA;;;Veicolo in marcia contro veicolo arresto;Incrocio;Una carreggiata a senso unico di marcia;Asciutto;Asfaltata;Verticale ed orizzontale;Sereno;Normale;Buona;;0;0;0;2;12.4492;41.8712;0;2;Autovettura privata;In marcia / fermata / arresto;Conducente;M;Illeso;0;;Non accertato;Inesploso
5900577;13;04/04/2022 18:45:00;Strada Urbana;VIA DELL'APPAGLIATORE;in prossimit�;;del civico n.;114;;Veicolo in marcia contro veicoli in sosta;Rettilineo;Una carreggiata a senso unico di marcia;Asciutto;Asfaltata;Assente;Sereno;Scarso;Buona;;0;0;0;1;12.2637;41.7416;-1;1;Autovettura privata;Sosta;;;;;;;
5900577;13;04/04/2022 18:45:00;Strada Urbana;VIA DELL'APPAGLIATORE;in prossimit�;;del civico n.;114;;Veicolo in marcia contro veicoli in sosta;Rettilineo;Una carreggiata a senso unico di marcia;Asciutto;Asfaltata;Assente;Sereno;Scarso;Buona;;0;0;0;1;12.2637;41.7416;-1;2;Autovettura privata;In marcia / fermata / arresto;Conducente;M;Illeso;0;;Non accertato;Inesploso
5900577;13;04/04/2022 18:45:00;Strada Urbana;VIA DELL'APPAGLIATORE;in prossimit�;;del civico n.;114;;Veicolo in marcia contro veicoli in sosta;Rettilineo;Una carreggiata a senso unico di marcia;Asciutto;Asfaltata;Assente;Sereno;Scarso;Buona;;0;0;0;1;12.2637;41.7416;-1;3;Autovettura privata;Sosta;;;;;;;
5900580;1;05/04/2022 12:30:00;Strada Urbana;PIAZZA DI PORTA PORTESE;da specificare;;;;laato opposto al palo luce 1;Veicolo in marcia contro ostacolo accidentale;Rettilineo;Pi� di due carreggiate;Asciutto;Asfaltata;Verticale ed orizzontale;Sereno;Normale;Buona;;0;0;0;2;12.4742;41.884;-1;1;Motociclo con passeggero;In marcia / fermata / arresto;Conducente;M;Illeso;0;;;
5900580;1;05/04/2022 12:30:00;Strada Urbana;PIAZZA DI PORTA PORTESE;da specificare;;;;laato opposto al palo luce 1;Veicolo in marcia contro ostacolo accidentale;Rettilineo;Pi� di due carreggiate;Asciutto;Asfaltata;Verticale ed orizzontale;Sereno;Normale;Buona;;0;0;0;2;12.4742;41.884;-1;1;Motociclo con passeggero;In marcia / fermata / arresto;Passeggero;F;Illeso;0;;;
5900587;16;04/04/2022 20:30:00;Strada Urbana;VIA DEL CASALETTO;all'intersezione con;VIA ADOLFO GANDIGLIO;VIA ADOLFO GANDIGLIO;;;Scontro frontale/laterale SX fra veicoli in marcia;Intersezione stradale segnalata;Due carreggiate;Asciutto;Asfaltata;Verticale ed orizzontale;Sereno;Normale;Buona;;1;0;0;1;12.438;41.8666;-1;1;Autovettura privata;In marcia / fermata / arresto;Conducente;F;Illeso;0;;Non accertato;
5900587;16;04/04/2022 20:30:00;Strada Urbana;VIA DEL CASALETTO;all'intersezione con;VIA ADOLFO GANDIGLIO;VIA ADOLFO GANDIGLIO;;;Scontro frontale/laterale SX fra veicoli in marcia;Intersezione stradale segnalata;Due carreggiate;Asciutto;Asfaltata;Verticale ed orizzontale;Sereno;Normale;Buona;;1;0;0;1;12.438;41.8666;-1;2;Motociclo a solo;In marcia / fermata / arresto;Conducente;F;Rimandato;0;NON DECEDUTO;Non accertato;
5900609;15;05/04/2022 09:50:00;Strada Urbana;VIA PORTUENSE;all'intersezione semaforizzata con;VIA DELLA MAGLIANA;VIA DELLA MAGLIANA;;;Scontro frontale/laterale DX fra veicoli in marcia;Intersezione stradale segnalata;Una carreggiata a doppio senso;Asciutto;Asfaltata;Verticale ed orizzontale;Sereno;Normale;Buona;;1;0;0;1;12.414;41.8469;-1;1;Autovettura privata;In marcia / fermata / arresto;Conducente;M;Illeso;0;;Non accertato;Inesploso
5900609;15;05/04/2022 09:50:00;Strada Urbana;VIA PORTUENSE;all'intersezione semaforizzata con;VIA DELLA MAGLIANA;VIA DELLA MAGLIANA;;;Scontro frontale/laterale DX fra veicoli in marcia;Intersezione stradale segnalata;Una carreggiata a doppio senso;Asciutto;Asfaltata;Verticale ed orizzontale;Sereno;Normale;Buona;;1;0;0;1;12.414;41.8469;-1;2;Autovettura privata;In marcia / fermata / arresto;Conducente;F;Rimandato;0;NON DECEDUTO;Non accertato;Inesploso
5900632;1;05/04/2022 11:50:00;Strada Urbana;VIA DELLA FERRATELLA IN LATERANO;in corrispondenza;;del palo luce n.;14;;Scontro laterale fra veicoli in marcia;Rettilineo;Una carreggiata a senso unico di marcia;Asciutto;Asfaltata;Verticale ed orizzontale;Sereno;Scarso;Buona;;0;0;0;3;12.5009;41.8833;0;1;Autovettura privata;In marcia / fermata / arresto;Conducente;F;Illeso;0;;;
5900632;1;05/04/2022 11:50:00;Strada Urbana;VIA DELLA FERRATELLA IN LATERANO;in corrispondenza;;del palo luce n.;14;;Scontro laterale fra veicoli in marcia;Rettilineo;Una carreggiata a senso unico di marcia;Asciutto;Asfaltata;Verticale ed orizzontale;Sereno;Scarso;Buona;;0;0;0;3;12.5009;41.8833;0;1;Autovettura privata;In marcia / fermata / arresto;Passeggero;M;Illeso;0;;;
5900632;1;05/04/2022 11:50:00;Strada Urbana;VIA DELLA FERRATELLA IN LATERANO;in corrispondenza;;del palo luce n.;14;;Scontro laterale fra veicoli in marcia;Rettilineo;Una carreggiata a senso unico di marcia;Asciutto;Asfaltata;Verticale ed orizzontale;Sereno;Scarso;Buona;;0;0;0;3;12.5009;41.8833;0;2;Autovettura privata;In marcia / fermata / arresto;Conducente;M;Illeso;0;;;
5900640;15;05/04/2022 08:50:00;Strada Urbana;VIA PORTUENSE;in prossimit�;;del civico n.;558;;Scontro frontale fra veicoli in marcia;Rettilineo;Una carreggiata a doppio senso;Asciutto;Asfaltata;Verticale ed orizzontale;Sereno;Normale;Buona;;1;0;0;7;12.4465;41.857;-1;1;Autovettura privata;In marcia / fermata / arresto;Conducente;M;Rimandato;0;NON DECEDUTO;Non accertato;Esploso
5900640;15;05/04/2022 08:50:00;Strada Urbana;VIA PORTUENSE;in prossimit�;;del civico n.;558;;Scontro frontale fra veicoli in marcia;Rettilineo;Una carreggiata a doppio senso;Asciutto;Asfaltata;Verticale ed orizzontale;Sereno;Normale;Buona;;1;0;0;7;12.4465;41.857;-1;2;Autovettura privata;In marcia / fermata / arresto;Conducente;F;Illeso;0;;Non accertato;Inesploso
5900640;15;05/04/2022 08:50:00;Strada Urbana;VIA PORTUENSE;in prossimit�;;del civico n.;558;;Scontro frontale fra veicoli in marcia;Rettilineo;Una carreggiata a doppio senso;Asciutto;Asfaltata;Verticale ed orizzontale;Sereno;Normale;Buona;;1;0;0;7;12.4465;41.857;-1;2;Autovettura privata;In marcia / fermata / arresto;Passeggero;F;Illeso;0;;Non accertato;Inesploso
5900640;15;05/04/2022 08:50:00;Strada Urbana;VIA PORTUENSE;in prossimit�;;del civico n.;558;;Scontro frontale fra veicoli in marcia;Rettilineo;Una carreggiata a doppio senso;Asciutto;Asfaltata;Verticale ed orizzontale;Sereno;Normale;Buona;;1;0;0;7;12.4465;41.857;-1;3;Autovettura privata;In marcia / fermata / arresto;Conducente;F;Illeso;0;;Non accertato;Inesploso