Protocollo;Gruppo;DataOraIncidente;Localizzazione1;STRADA1;Localizzazione2;STRADA2;Strada02;Chilometrica;DaSpecificare;NaturaIncidente;particolaritastrade;TipoStrada;FondoStradale;Pavimentazione;Segnaletica;CondizioneAtmosferica;Traffico;Visibilita;Illuminazione;NUM_FERITI;NUM_RISERVATA;NUM_MORTI;NUM_ILLESI;Longitude;Latitude;Confermato;Progressivo;TipoVeicolo;StatoVeicolo;TipoPersona;Sesso;Tipolesione;Deceduto;DecedutoDopo;CinturaCascoUtilizzato;Airbag;
5901308;1;05/04/2022 08:10:00;Strada Urbana;VIA GIOVANNI LANZA;all'intersezione con;VIA EQUIZIA;VIA EQUIZIA;;;Scontro laterale fra veicoli in marcia;Incrocio;Una carreggiata a doppio senso;Asciutto;Asfaltata;Verticale ed orizzontale;Nebbia;Normale;Buona;;0;0;0;4;12.4981;41.895;-1;2;Autovettura privata;In marcia / fermata / arresto;Conducente;F;Illeso;0;;;
5901308;1;05/04/2022 08:10:00;Strada Urbana;VIA GIOVANNI LANZA;all'intersezione con;VIA EQUIZIA;VIA EQUIZIA;;;Scontro laterale fra veicoli in marcia;Incrocio;Una carreggiata a doppio senso;Asciutto;Asfaltata;Verticale ed orizzontale;Nebbia;Normale;Buona;;0;0;0;4;12.4981;41.895;-1;2;Autovettura privata;In marcia / fermata / arresto;Passeggero;M;Illeso;0;;;
5901310;12;05/04/2022 23:50:00;Strada Urbana;VIALE DELL'AGRICOLTURA;da specificare;;;;prox Via delle Tre Fontane;Veicolo in marcia contro ostacolo fisso;Pendenza;Una carreggiata a doppio senso;Asciutto;Asfaltata;Verticale ed orizzontale;Sereno;Scarso;Sufficiente;;0;0;0;1;12.4727;41.8395;-1;1;Autocarro inferiore 35 q.;In marcia / fermata / arresto;Conducente;M;Illeso;0;;;
5901312;9;05/04/2022 13:40:00;Strada Urbana;VIA MAGNAGRECIA;in prossimit�;;del civico n.;47;;Scontro laterale fra veicoli in marcia;Rettilineo;Una carreggiata a doppio senso;Asciutto;Asfaltata;Orizzontale;Sereno;Normale;Buona;;0;0;0;3;12.5094;41.8842;-1;1;Autovettura privata;In marcia / fermata / arresto;Conducente;M;Illeso;0;;Non accertato;Inesploso
5901312;9;05/04/2022 13:40:00;Strada Urbana;VIA MAGNAGRECIA;in prossimit�;;del civico n.;47;;Scontro laterale fra veicoli in marcia;Rettilineo;Una carreggiata a doppio senso;Asciutto;Asfaltata;Orizzontale;Sereno;Normale;Buona;;0;0;0;3;12.5094;41.8842;-1;2;Motociclo a solo;In marcia / fermata / arresto;Conducente;M;Illeso;0;;Non accertato;
5901312;9;05/04/2022 13:40:00;Strada Urbana;VIA MAGNAGRECIA;in prossimit�;;del civico n.;47;;Scontro laterale fra veicoli in marcia;Rettilineo;Una carreggiata a doppio senso;Asciutto;Asfaltata;Orizzontale;Sereno;Normale;Buona;;0;0;0;3;12.5094;41.8842;-1;3;Autovettura privata;In marcia / fermata / arresto;Conducente;M;Illeso;0;;Non accertato;Inesploso
5901318;15;05/04/2022 21:20:00;Strada Urbana;VIA GIOVANNI VOLPATO;in corrispondenza;;del civico n.;29;;Scontro laterale fra veicoli in marcia;Rettilineo;Due carreggiate;Asciutto;Asfaltata;Verticale ed orizzontale;Sereno;Scarso;Sufficiente;;0;0;0;2;12.4677;41.8713;-1;1;Macchina operatrice;In marcia / fermata / arresto;Conducente;M;Illeso;0;;Non accertato;Inesploso
5901318;15;05/04/2022 21:20:00;Strada Urbana;VIA GIOVANNI VOLPATO;in corrispondenza;;del civico n.;29;;Scontro laterale fra veicoli in marcia;Rettilineo;Due carreggiate;Asciutto;Asfaltata;Verticale ed orizzontale;Sereno;Scarso;Sufficiente;;0;0;0;2;12.4677;41.8713;-1;2;Autovettura privata;Allontanatosi;Conducente;M;Illeso;0;;Non accertato;Inesploso
5901336;9;05/04/2022 16:05:00;Strada Urbana;VIA APPIA NUOVA;in corrispondenza;;del civico n.;587A;;Ribaltamento senza urto contro ostacolo fisso;Rettilineo;Due carreggiate;Asciutto;Asfaltata;Verticale ed orizzontale;Sereno;Normale;Buona;;1;0;0;0;12.5301;41.8687;-1;1;Monopattino elettrico;In marcia / fermata / arresto;Conducente;M;Rimandato;0;NON DECEDUTO;Non accertato;Inesploso
5901345;9;05/04/2022 17:58:00;Strada Urbana;VIA ROCCA DI PAPA;in prossimit�;;del civico n.;137;;Scontro frontale/laterale DX fra veicoli in marcia;Rettilineo;Una carreggiata a doppio senso;Asciutto;Asfaltata;Verticale ed orizzontale;Sereno;Normale;Buona;;1;0;0;1;12.533;41.8674;-1;1;Autovettura privata;In marcia / fermata / arresto;Conducente;M;Illeso;0;;Non accertato;Inesploso
5901345;9;05/04/2022 17:58:00;Strada Urbana;VIA ROCCA DI PAPA;in prossimit�;;del civico n.;137;;Scontro frontale/laterale DX fra veicoli in marcia;Rettilineo;Una carreggiata a doppio senso;Asciutto;Asfaltata;Verticale ed orizzontale;Sereno;Normale;Buona;;1;0;0;1;12.533;41.8674;-1;2;Motociclo a solo;In marcia / fermata / arresto;Conducente;M;Rimandato;0;NON DECEDUTO;Non accertato;
5901362;11;05/04/2022 08:00:00;Strada Urbana;VIA DI TOR CARBONE;in prossimit�;;del civico n.;201;;Tamponamento;Rettilineo;Una carreggiata a doppio senso;Asciutto;Asfaltata;Verticale ed orizzontale;Sereno;Scarso;Buona;;0;0;0;2;12.5205;41.827;-1;1;Autovettura privata;In marcia / fermata / arresto;Conducente;M;Illeso;0;;Non accertato;Inesploso
5901362;11;05/04/2022 08:00:00;Strada Urbana;VIA DI TOR CARBONE;in prossimit�;;del civico n.;201;;Tamponamento;Rettilineo;Una carreggiata a doppio senso;Asciutto;Asfaltata;Verticale ed orizzontale;Sereno;Scarso;Buona;;0;0;0;2;12.5205;41.827;-1;2;Motociclo a solo;In marcia / fermata / arresto;Conducente;M;Illeso;0;;Non accertato;
5901364;9;05/04/2022 22:30:00;Strada Urbana;VIA MAGNAGRECIA;all'intersezione con;VIA CORFINIO;VIA CORFINIO;;;Scontro laterale fra veicoli in marcia;Intersezione semaforizzata;Una carreggiata a doppio senso;Asciutto;Asfaltata;Verticale ed orizzontale;Sereno;Scarso;Sufficiente;;0;0;0;2;12.5092;41.8841;-1;1;Motociclo a solo;In marcia / fermata / arresto;Conducente;M;Illeso;0;;Non accertato;
5901364;9;05/04/2022 22:30:00;Strada Urbana;VIA MAGNAGRECIA;all'intersezione con;VIA CORFINIO;VIA CORFINIO;;;Scontro laterale fra veicoli in marcia;Intersezione semaforizzata;Una carreggiata a doppio senso;Asciutto;Asfaltata;Verticale ed orizzontale;Sereno;Scarso;Sufficiente;;0;0;0;2;12.5092;41.8841;-1;2;Autovettura privata;In marcia / fermata / arresto;Conducente;M;Illeso;0;;Non accertato;Inesploso
5901385;20;05/04/2022 08:40:00;Statale entro l'abitato;VIA FLAMINIA;all'intersezione con;VIA BOLSENA;VIA BOLSENA;;;Tamponamento;Incrocio;Una carreggiata a senso unico di marcia;Asciutto;Asfaltata;Verticale ed orizzontale;Sereno;Normale;Buona;;0;0;0;2;12.4718;41.9419;-1;1;Motociclo a solo;In marcia / fermata / arresto;Conducente;F;Illeso;0;;;
5901385;20;05/04/2022 08:40:00;Statale entro l'abitato;VIA FLAMINIA;all'intersezione con;VIA BOLSENA;VIA BOLSENA;;;Tamponamento;Incrocio;Una carreggiata a senso unico di marcia;Asciutto;Asfaltata;Verticale ed orizzontale;Sereno;Normale;Buona;;0;0;0;2;12.4718;41.9419;-1;2;Autovettura privata;In marcia / fermata / arresto;Conducente;M;Illeso;0;;;
5901403;11;05/04/2022 14:30:00;Strada Urbana;VIA ROBERTO DE NOBILI;all'intersezione con;PIAZZA RICOLDO DA MONTECROCE;PIAZZA RICOLDO DA MONTECROCE;;;Scontro laterale fra veicoli in marcia;Intersezione stradale segnalata;Una carreggiata a senso unico di marcia;Asciutto;Asfaltata;Verticale;Sereno;Scarso;Buona;;0;0;0;2;12.4908;41.8641;-1;1;Autovettura privata;In marcia / fermata / arresto;Conducente;F;Illeso;0;;Non accertato;
5901403;11;05/04/2022 14:30:00;Strada Urbana;VIA ROBERTO DE NOBILI;all'intersezione con;PIAZZA RICOLDO DA MONTECROCE;PIAZZA RICOLDO DA MONTECROCE;;;Scontro laterale fra veicoli in marcia;Intersezione stradale segnalata;Una carreggiata a senso unico di marcia;Asciutto;Asfaltata;Verticale;Sereno;Scarso;Buona;;0;0;0;2;12.4908;41.8641;-1;2;Autovettura privata;In marcia / fermata / arresto;Conducente;F;Illeso;0;;Non accertato;
5901405;4;05/04/2022 07:50:00;Strada Urbana;VIA UGO OJETTI;in corrispondenza;;del civico n.;59;;Investimento di pedone;Rettilineo;Due carreggiate;Asciutto;Asfaltata;Verticale ed orizzontale;Sereno;Normale;Buona;;1;0;0;1;12.5497;41.9442;-1;;;;Pedone;F;Rimandato;0;NON DECEDUTO;;
5901405;4;05/04/2022 07:50:00;Strada Urbana;VIA UGO OJETTI;in corrispondenza;;del civico n.;59;;Investimento di pedone;Rettilineo;Due carreggiate;Asciutto;Asfaltata;Verticale ed orizzontale;Sereno;Normale;Buona;;1;0;0;1;12.5497;41.9442;-1;1;Autovettura privata;In marcia / fermata / arresto;Conducente;F;Illeso;0;;Non accertato;
5901406;8;05/04/2022 08:30:00;Strada Urbana;VIA CALTAVUTURO;all'intersezione con;VIA CONTESSA ENTELLINA;VIA CONTESSA ENTELLINA;;;Investimento di pedone;Intersezione stradale segnalata;Una carreggiata a doppio senso;Asciutto;Con buche;Verticale;Sereno;Normale;Buona;;1;0;0;1;12.671;41.8681;-1;;;;Pedone;F;Rimandato;0;NON DECEDUTO;;
5901406;8;05/04/2022 08:30:00;Strada Urbana;VIA CALTAVUTURO;all'intersezione con;VIA CONTESSA ENTELLINA;VIA CONTESSA ENTELLINA;;;Investimento di pedone;Intersezione stradale segnalata;Una carreggiata a doppio senso;Asciutto;Con buche;Verticale;Sereno;Normale;Buona;;1;0;0;1;12.671;41.8681;-1;1;Autovettura privata;In marcia / fermata / arresto;Conducente;F;Illeso;0;;Non accertato;Inesploso
5901409;20;05/04/2022 10:00:00;Strada Urbana;CORSO DI FRANCIA;in prossimit�;;del civico n.;228;;Veicolo in marcia che urta buche nella carreggiata;Rettilineo;Pi� di due carreggiate;Asciutto;Con buche;Verticale ed orizzontale;Sereno;Normale;Buona;;0;0;0;1;12.4696;41.946;-1;1;Autovettura privata;In marcia / fermata / arresto;Conducente;M;Illeso;0;;Non accertato;Inesploso
5901410;8;05/04/2022 08:30:00;Strada Urbana;VIA DI TOR BELLA MONACA;in prossimit�;;del palo luce n.;10;;Tamponamento Multiplo;Curva senza visuale libera;Una carreggiata a senso unico di marcia;Asciutto;Asfaltata;Orizzontale;Sereno;Intenso;Sufficiente;;1;0;0;3;12.6281;41.8764;-1;1;Autovettura privata;In marcia / fermata / arresto;Conducente;M;Illeso;0;;;
5901410;8;05/04/2022 08:30:00;Strada Urbana;VIA DI TOR BELLA MONACA;in prossimit�;;del palo luce n.;10;;Tamponamento Multiplo;Curva senza visuale libera;Una carreggiata a senso unico di marcia;Asciutto;Asfaltata;Orizzontale;Sereno;Intenso;Sufficiente;;1;0;0;3;12.6281;41.8764;-1;2;Autovettura privata;In marcia / fermata / arresto;Conducente;M;Illeso;0;;;
5901410;8;05/04/2022 08:30:00;Strada Urbana;VIA DI TOR BELLA MONACA;in prossimit�;;del palo luce n.;10;;Tamponamento Multiplo;Curva senza visuale libera;Una carreggiata a senso unico di marcia;Asciutto;Asfaltata;Orizzontale;Sereno;Intenso;Sufficiente;;1;0;0;3;12.6281;41.8764;-1;2;Autovettura privata;In marcia / fermata / arresto;Passeggero;M;Rimandato;0;NON DECEDUTO;;
5901410;8;05/04/2022 08:30:00;Strada Urbana;VIA DI TOR BELLA MONACA;in prossimit�;;del palo luce n.;10;;Tamponamento Multiplo;Curva senza visuale libera;Una carreggiata a senso unico di marcia;Asciutto;Asfaltata;Orizzontale;Sereno;Intenso;Sufficiente;;1;0;0;3;12.6281;41.8764;-1;3;Autovettura privata;In marcia / fermata / arresto;Conducente;M;Illeso;0;;;
5901413;4;05/04/2022 19:50:00;Strada Urbana;VIA DELLA BUFALOTTA;in corrispondenza;;del civico n.;290;;Investimento di pedone;Rettilineo;Una carreggiata a doppio senso;Asciutto;Asfaltata;Verticale ed orizzontale;Sereno;Intenso;Buona;;1;0;0;1;12.5433;41.9522;-1;;;;Pedone;F;Rimandato;0;NON DECEDUTO;;
5901413;4;05/04/2022 19:50:00;Strada Urbana;VIA DELLA BUFALOTTA;in corrispondenza;;del civico n.;290;;Investimento di pedone;Rettilineo;Una carreggiata a doppio senso;Asciutto;Asfaltata;Verticale ed orizzontale;Sereno;Intenso;Buona;;1;0;0;1;12.5433;41.9522;-1;1;Autovettura privata;In marcia / fermata / arresto;Conducente;M;Illeso;0;;Non accertato;Inesploso
5901415;11;05/04/2022 08:40:00;Strada Urbana;VIA CRISTOFORO COLOMBO;all'intersezione semaforizzata con;VIA CESARE FEDERICI;VIA CESARE FEDERICI;;;Infortunio per caduta del veicolo;Intersezione semaforizzata;Una carreggiata a doppio senso;Asciutto;Asfaltata;Verticale ed orizzontale;Sereno;Normale;Buona;;1;0;0;0;12.4977;41.8638;-1;1;Motociclo a solo;In marcia / fermata / arresto;Conducente;M;Rimandato;0;NON DECEDUTO;;
5901416;8;05/04/2022 15:10:00;Strada Urbana;VIA DEL FOSSO DELL'OSA;da specificare;;;;100 mt circa intersezione VIA CARPINONE;Scontro frontale fra veicoli in marcia;Rettilineo;Una carreggiata a doppio senso;Asciutto;Asfaltata;Verticale ed orizzontale;Sereno;Normale;Buona;;2;0;0;0;12.6842;41.9059;-1;1;Autovettura privata;In marcia / fermata / arresto;Conducente;M;Rimandato;0;NON DECEDUTO;;
5901416;8;05/04/2022 15:10:00;Strada Urbana;VIA DEL FOSSO DELL'OSA;da specificare;;;;100 mt circa intersezione VIA CARPINONE;Scontro frontale fra veicoli in marcia;Rettilineo;Una carreggiata a doppio senso;Asciutto;Asfaltata;Verticale ed orizzontale;Sereno;Normale;Buona;;2;0;0;0;12.6842;41.9059;-1;2;Autovettura privata;In marcia / fermata / arresto;Conducente;M;Rimandato;0;NON DECEDUTO;;
5901425;8;05/04/2022 16:10:00;Strada Urbana;VIA COLLATINA;all'intersezione con;VIA ENRICO FORLANINI;VIA ENRICO FORLANINI;;;Scontro frontale/laterale SX fra veicoli in marcia;Rotatoria;Una carreggiata a doppio senso;Asciutto;Asfaltata;Verticale ed orizzontale;Sereno;Normale;Buona;;0;0;0;1;12.6111;41.9056;-1;1;Autovettura privata;In marcia / fermata / arresto;Conducente;M;Illeso;0;;Non accertato;Inesploso
5901425;8;05/04/2022 16:10:00;Strada Urbana;VIA COLLATINA;all'intersezione con;VIA ENRICO FORLANINI;VIA ENRICO FORLANINI;;;Scontro frontale/laterale SX fra veicoli in marcia;Rotatoria;Una carreggiata a doppio senso;Asciutto;Asfaltata;Verticale ed orizzontale;Sereno;Normale;Buona;;0;0;0;1;12.6111;41.9056;-1;2;Autovettura privata;In marcia / fermata / arresto;;;;;;;
5901426;20;05/04/2022 16:05:00;Strada Urbana;CORSO DI FRANCIA;in prossimit�;;del civico n.;171;;Scontro laterale fra veicoli in marcia;Rettilineo;Pi� di due carreggiate;Asciutto;Asfaltata;Verticale ed orizzontale;Sereno;Normale;Buona;;0;0;0;1;12.4697;41.9434;-1;1;Autovettura privata;In marcia / fermata / arresto;Conducente;M;Illeso;0;;Non accertato;Inesploso
5901430;10;05/04/2022 18:50:00;Strada Urbana;VIALE OPITA OPPIO;da specificare;;;;fronte civico 71;Investimento di pedone;Curva a visuale libera;Una carreggiata a doppio senso;Asciutto;Asfaltata;Verticale ed orizzontale;Sereno;Normale;Buona;;1;0;0;0;12.5484;41.8616;-1;;;;Pedone;F;Ricoverato;0;NON DECEDUTO;;
5901430;10;05/04/2022 18:50:00;Strada Urbana;VIALE OPITA OPPIO;da specificare;;;;fronte civico 71;Investimento di pedone;Curva a visuale libera;Una carreggiata a doppio senso;Asciutto;Asfaltata;Verticale ed orizzontale;Sereno;Normale;Buona;;1;0;0;0;12.5484;41.8616;-1;1;Autovettura privata;Allontanatosi;;;;;;;
5901435;8;05/04/2022 21:20:00;Strada Urbana;VIA CASILINA;all'intersezione con;VIA BORGHESIANA;VIA BORGHESIANA;;;Scontro laterale fra veicoli in marcia;Intersezione stradale segnalata;Una carreggiata a doppio senso;Asciutto;Asfaltata;Verticale ed orizzontale;Sereno;Normale;Sufficiente;;0;0;0;2;12.6212;41.8626;-1;1;Autovettura privata;In marcia / fermata / arresto;Conducente;M;Illeso;0;;Non accertato;Inesploso
5901435;8;05/04/2022 21:20:00;Strada Urbana;VIA CASILINA;all'intersezione con;VIA BORGHESIANA;VIA BORGHESIANA;;;Scontro laterale fra veicoli in marcia;Intersezione stradale segnalata;Una carreggiata a doppio senso;Asciutto;Asfaltata;Verticale ed orizzontale;Sereno;Normale;Sufficiente;;0;0;0;2;12.6212;41.8626;-1;1;Autovettura privata;In marcia / fermata / arresto;Passeggero;F;Illeso;0;;Non accertato;Inesploso
5901435;8;05/04/2022 21:20:00;Strada Urbana;VIA CASILINA;all'intersezione con;VIA BORGHESIANA;VIA BORGHESIANA;;;Scontro laterale fra veicoli in marcia;Intersezione stradale segnalata;Una carreggiata a doppio senso;Asciutto;Asfaltata;Verticale ed orizzontale;Sereno;Normale;Sufficiente;;0;0;0;2;12.6212;41.8626;-1;2;Autovettura privata;Allontanatosi;;;;;;;
5901449;11;05/04/2022 09:03:00;Strada Urbana;VIA CAPITAN BAVASTRO;in prossimit�;;del civico n.;69;;Veicolo in marcia contro veicolo in sosta;Rettilineo;Una carreggiata a senso unico di marcia;Asciutto;Asfaltata;Verticale ed orizzontale;Sereno;Scarso;Buona;;0;0;0;1;12.4933;41.869;-1;1;Autovettura privata;In marcia / fermata / arresto;Conducente;M;Illeso;0;;Non accertato;
5901449;11;05/04/2022 09:03:00;Strada Urbana;VIA CAPITAN BAVASTRO;in prossimit�;;del civico n.;69;;Veicolo in marcia contro veicolo in sosta;Rettilineo;Una carreggiata a senso unico di marcia;Asciutto;Asfaltata;Verticale ed orizzontale;Sereno;Scarso;Buona;;0;0;0;1;12.4933;41.869;-1;2;Autovettura privata;Sosta;;;;;;;
5901457;9;06/04/2022 02:00:00;Strada Urbana;PIAZZA EPIRO;da specificare;;;;fronte VIA PANDOSIA;Veicolo in marcia contro veicoli in sosta;Rettilineo;Due carreggiate;Asciutto;Asfaltata;Verticale ed orizzontale;Sereno;Scarso;Sufficiente;;0;0;0;1;12.5042;41.8788;-1;1;Autovettura privata;In marcia / fermata / arresto;Conducente;M;Illeso;0;;Non accertato;Inesploso
5901457;9;06/04/2022 02:00:00;Strada Urbana;PIAZZA EPIRO;da specificare;;;;fronte VIA PANDOSIA;Veicolo in marcia contro veicoli in sosta;Rettilineo;Due carreggiate;Asciutto;Asfaltata;Verticale ed orizzontale;Sereno;Scarso;Sufficiente;;0;0;0;1;12.5042;41.8788;-1;2;Autovettura privata;Sosta;;;;;;;
5901457;9;06/04/2022 02:00:00;Strada Urbana;PIAZZA EPIRO;da specificare;;;;fronte VIA PANDOSIA;Veicolo in marcia contro veicoli in sosta;Rettilineo;Due carreggiate;Asciutto;Asfaltata;Verticale ed orizzontale;Sereno;Scarso;Sufficiente;;0;0;0;1;12.5042;41.8788;-1;3;Autovettura privata;Sosta;;;;;;;
5901460;8;05/04/2022 23:00:00;Strada Urbana;VIA DI TOR BELLA MONACA;all'intersezione semaforizzata con;VIALE PAOLO FERDINANDO QUAGLIA;VIALE PAOLO FERDINANDO QUAGLIA;;;Scontro frontale/laterale DX fra veicoli in marcia;Intersezione semaforizzata;Due carreggiate;Asciutto;Asfaltata;Verticale ed orizzontale;Sereno;Scarso;Buona;;2;0;0;0;12.6281;41.8764;-1;1;Autovettura privata;In marcia / fermata / arresto;Conducente;F;Rimandato;0;NON DECEDUTO;;
5901460;8;05/04/2022 23:00:00;Strada Urbana;VIA DI TOR BELLA MONACA;all'intersezione semaforizzata con;VIALE PAOLO FERDINANDO QUAGLIA;VIALE PAOLO FERDINANDO QUAGLIA;;;Scontro frontale/laterale DX fra veicoli in marcia;Intersezione semaforizzata;Due carreggiate;Asciutto;Asfaltata;Verticale ed orizzontale;Sereno;Scarso;Buona;;2;0;0;0;12.6281;41.8764;-1;2;Autocarro inferiore 35 q.;In marcia / fermata / arresto;Conducente;M;Rifiuta cure immediate;0;NON DECEDUTO;;
5901462;17;05/04/2022 20:40:00;Strada Urbana;VIA AURELIA;in prossimit�;;del civico n.;393/B;;Scontro laterale fra veicoli in marcia;Rettilineo;Una carreggiata a doppio senso;Asciutto;Asfaltata;Verticale ed orizzontale;Sereno;Normale;Buona;;1;0;0;1;12.4321;41.8973;-1;1;Motociclo a solo;In marcia / fermata / arresto;Conducente;M;Rimandato;0;NON DECEDUTO;;
5901462;17;05/04/2022 20:40:00;Strada Urbana;VIA AURELIA;in prossimit�;;del civico n.;393/B;;Scontro laterale fra veicoli in marcia;Rettilineo;Una carreggiata a doppio senso;Asciutto;Asfaltata;Verticale ed orizzontale;Sereno;Normale;Buona;;1;0;0;1;12.4321;41.8973;-1;2;Autovettura privata;In marcia / fermata / arresto;Conducente;M;Illeso;0;;;
5901462;17;05/04/2022 20:40:00;Strada Urbana;VIA AURELIA;in prossimit�;;del civico n.;393/B;;Scontro laterale fra veicoli in marcia;Rettilineo;Una carreggiata a doppio senso;Asciutto;Asfaltata;Verticale ed orizzontale;Sereno;Normale;Buona;;1;0;0;1;12.4321;41.8973;-1;3;Autovettura privata;In marcia / fermata / arresto;;;;;;;
5901465;6;05/04/2022 21:30:00;Strada Urbana;VIALE PALMIRO TOGLIATTI;in prossimit�;;del civico n.;851;;Scontro laterale fra veicoli in marcia;Rettilineo;Due carreggiate;Asciutto;Asfaltata;Verticale ed orizzontale;Sereno;Scarso;Buona;;0;1;0;4;12.5732;41.8869;-1;1;Autovettura privata;In marcia / fermata / arresto;Conducente;M;Illeso;0;;;
5901465;6;05/04/2022 21:30:00;Strada Urbana;VIALE PALMIRO TOGLIATTI;in prossimit�;;del civico n.;851;;Scontro laterale fra veicoli in marcia;Rettilineo;Due carreggiate;Asciutto;Asfaltata;Verticale ed orizzontale;Sereno;Scarso;Buona;;0;1;0;4;12.5732;41.8869;-1;1;Autovettura privata;In marcia / fermata / arresto;Passeggero;F;Illeso;0;;;
5901465;6;05/04/2022 21:30:00;Strada Urbana;VIALE PALMIRO TOGLIATTI;in prossimit�;;del civico n.;851;;Scontro laterale fra veicoli in marcia;Rettilineo;Due carreggiate;Asciutto;Asfaltata;Verticale ed orizzontale;Sereno;Scarso;Buona;;0;1;0;4;12.5732;41.8869;-1;1;Autovettura privata;In marcia / fermata / arresto;Passeggero;M;Illeso;0;;;
5901465;6;05/04/2022 21:30:00;Strada Urbana;VIALE PALMIRO TOGLIATTI;in prossimit�;;del civico n.;851;;Scontro laterale fra veicoli in marcia;Rettilineo;Due carreggiate;Asciutto;Asfaltata;Verticale ed orizzontale;Sereno;Scarso;Buona;;0;1;0;4;12.5732;41.8869;-1;1;Autovettura privata;In marcia / fermata / arresto;Passeggero;M;Illeso;0;;Non accertato;Inesploso
5901465;6;05/04/2022 21:30:00;Strada Urbana;VIALE PALMIRO TOGLIATTI;in prossimit�;;del civico n.;851;;Scontro laterale fra veicoli in marcia;Rettilineo;Due carreggiate;Asciutto;Asfaltata;Verticale ed orizzontale;Sereno;Scarso;Buona;;0;1;0;4;12.5732;41.8869;-1;2;Autovettura privata;In marcia / fermata / arresto;Conducente;M;Prognosi riservata;0;NON DECEDUTO;Non accertato;Esploso
5901471;8;05/04/2022 13:00:00;Strada Urbana;VIALE DELL'ARCHIGINNASIO;all'intersezione con;VIA SALAMANCA;VIA SALAMANCA;;;Scontro laterale fra veicoli in marcia;Rotatoria;Una carreggiata a senso unico di marcia;Asciutto;Asfaltata;Verticale ed orizzontale;Sereno;Normale;Buona;;2;0;0;0;12.6393;41.8494;-1;1;Autovettura privata;In marcia / fermata / arresto;Conducente;F;Rifiuta cure immediate;0;NON DECEDUTO;Non accertato;Inesploso
5901471;8;05/04/2022 13:00:00;Strada Urbana;VIALE DELL'ARCHIGINNASIO;all'intersezione con;VIA SALAMANCA;VIA SALAMANCA;;;Scontro laterale fra veicoli in marcia;Rotatoria;Una carreggiata a senso unico di marcia;Asciutto;Asfaltata;Verticale ed orizzontale;Sereno;Normale;Buona;;2;0;0;0;12.6393;41.8494;-1;2;Autovettura privata;In marcia / fermata / arresto;Conducente;F;Rifiuta cure immediate;0;NON DECEDUTO;Non accertato;Inesploso
5901478;2;05/04/2022 22:50:00;Strada Urbana;VIA DELLE VALLI;in prossimit�;;del civico n.;120;;Tamponamento;Rettilineo;Due carreggiate;Asciutto;Asfaltata;Verticale ed orizzontale;Sereno;Scarso;Sufficiente;;2;0;0;1;12.5244;41.9361;-1;1;Motociclo con passeggero;In marcia / fermata / arresto;Conducente;M;Rimandato;0;NON DECEDUTO;Utilizzato;
5901478;2;05/04/2022 22:50:00;Strada Urbana;VIA DELLE VALLI;in prossimit�;;del civico n.;120;;Tamponamento;Rettilineo;Due carreggiate;Asciutto;Asfaltata;Verticale ed orizzontale;Sereno;Scarso;Sufficiente;;2;0;0;1;12.5244;41.9361;-1;1;Motociclo con passeggero;In marcia / fermata / arresto;Passeggero;M;Rimandato;0;NON DECEDUTO;;
5901478;2;05/04/2022 22:50:00;Strada Urbana;VIA DELLE VALLI;in prossimit�;;del civico n.;120;;Tamponamento;Rettilineo;Due carreggiate;Asciutto;Asfaltata;Verticale ed orizzontale;Sereno;Scarso;Sufficiente;;2;0;0;1;12.5244;41.9361;-1;2;Autovettura privata;In marcia / fermata / arresto;Conducente;M;Illeso;0;;;
5901482;19;05/04/2022 08:00:00;Strada Urbana;VIALE DELLE MEDAGLIE D'ORO;in corrispondenza;;del civico n.;105;;Scontro laterale fra veicoli in marcia;Rettilineo;Una carreggiata a doppio senso;Asciutto;Asfaltata;Verticale ed orizzontale;Sereno;Normale;Buona;;0;0;0;1;12.4438;41.9117;-1;1;Autocarro inferiore 35 q.;In marcia / fermata / arresto;Conducente;M;Illeso;0;;;
5901482;19;05/04/2022 08:00:00;Strada Urbana;VIALE DELLE MEDAGLIE D'ORO;in corrispondenza;;del civico n.;105;;Scontro laterale fra veicoli in marcia;Rettilineo;Una carreggiata a doppio senso;Asciutto;Asfaltata;Verticale ed orizzontale;Sereno;Normale;Buona;;0;0;0;1;12.4438;41.9117;-1;2;Autovettura privata;Allontanatosi;;;;;;;
5901483;20;05/04/2022 16:15:00;Statale entro l'abitato;VIA FLAMINIA;in prossimit�;;del civico n.;830;;Tamponamento Multiplo;Rettilineo;Una carreggiata a senso unico di marcia;Asciutto;Asfaltata;Verticale ed orizzontale;Sereno;Intenso;Buona;;1;0;0;4;12.4849;41.9523;-1;1;Autovettura privata;In marcia / fermata / arresto;Conducente;F;Illeso;0;;Non accertato;Inesploso
5901483;20;05/04/2022 16:15:00;Statale entro l'abitato;VIA FLAMINIA;in prossimit�;;del civico n.;830;;Tamponamento Multiplo;Rettilineo;Una carreggiata a senso unico di marcia;Asciutto;Asfaltata;Verticale ed orizzontale;Sereno;Intenso;Buona;;1;0;0;4;12.4849;41.9523;-1;2;Autovettura privata;In marcia / fermata / arresto;Conducente;M;Illeso;0;;Non accertato;Inesploso