Protocollo;Gruppo;DataOraIncidente;Localizzazione1;STRADA1;Localizzazione2;STRADA2;Strada02;Chilometrica;DaSpecificare;NaturaIncidente;particolaritastrade;TipoStrada;FondoStradale;Pavimentazione;Segnaletica;CondizioneAtmosferica;Traffico;Visibilita;Illuminazione;NUM_FERITI;NUM_RISERVATA;NUM_MORTI;NUM_ILLESI;Longitude;Latitude;Confermato;Progressivo;TipoVeicolo;StatoVeicolo;TipoPersona;Sesso;Tipolesione;Deceduto;DecedutoDopo;CinturaCascoUtilizzato;Airbag;
5901606;5;05/04/2022 10:00:00;Strada Urbana;VIA TIBURTINA;all'intersezione semaforizzata con;VIA DIEGO ANGELI;VIA DIEGO ANGELI;;;Scontro frontale/laterale SX fra veicoli in marcia;Incrocio;Due carreggiate;Asciutto;Asfaltata;Verticale ed orizzontale;Sereno;Normale;Buona;;2;0;0;1;12.5493;41.9106;-1;2;Motociclo con passeggero;In marcia / fermata / arresto;Passeggero;F;Rimandato;0;NON DECEDUTO;Non accertato;
5901608;18;04/04/2022 20:00:00;Strada Urbana;VIA DEI FAGGELLA;all'intersezione con;VIA AURELIA;VIA AURELIA;;;Scontro laterale fra veicoli in marcia;Intersezione non regolata/non segnalata;Una carreggiata a senso unico di marcia;Asciutto;Asfaltata;Verticale ed orizzontale;Sereno;Normale;Sufficiente;;0;0;0;4;12.4087;41.8907;-1;1;Autovettura privata;In marcia / fermata / arresto;Conducente;M;Illeso;0;;Non accertato;Inesploso
5901608;18;04/04/2022 20:00:00;Strada Urbana;VIA DEI FAGGELLA;all'intersezione con;VIA AURELIA;VIA AURELIA;;;Scontro laterale fra veicoli in marcia;Intersezione non regolata/non segnalata;Una carreggiata a senso unico di marcia;Asciutto;Asfaltata;Verticale ed orizzontale;Sereno;Normale;Sufficiente;;0;0;0;4;12.4087;41.8907;-1;1;Autovettura privata;In marcia / fermata / arresto;Passeggero;F;Illeso;0;;Non accertato;Inesploso
5901608;18;04/04/2022 20:00:00;Strada Urbana;VIA DEI FAGGELLA;all'intersezione con;VIA AURELIA;VIA AURELIA;;;Scontro laterale fra veicoli in marcia;Intersezione non regolata/non segnalata;Una carreggiata a senso unico di marcia;Asciutto;Asfaltata;Verticale ed orizzontale;Sereno;Normale;Sufficiente;;0;0;0;4;12.4087;41.8907;-1;2;Autovettura privata;In marcia / fermata / arresto;Conducente;F;Illeso;0;;Non accertato;Inesploso
5901608;18;04/04/2022 20:00:00;Strada Urbana;VIA DEI FAGGELLA;all'intersezione con;VIA AURELIA;VIA AURELIA;;;Scontro laterale fra veicoli in marcia;Intersezione non regolata/non segnalata;Una carreggiata a senso unico di marcia;Asciutto;Asfaltata;Verticale ed orizzontale;Sereno;Normale;Sufficiente;;0;0;0;4;12.4087;41.8907;-1;2;Autovettura privata;In marcia / fermata / arresto;Passeggero;F;Illeso;0;;Non accertato;Inesploso
5901622;5;05/04/2022 14:00:00;Comunale extraurbana;VIALE DEL TECNOPOLO;da specificare;;;;Galleria Spezzaferro direzione Roma;Tamponamento;Galleria illuminata;Due carreggiate;Asciutto;Asfaltata;Verticale ed orizzontale;Sereno;Normale;Buona;;1;0;0;1;12.6489;41.9276;-1;1;Autovettura privata;In marcia / fermata / arresto;Conducente;M;Illeso;0;;Non accertato;
5901622;5;05/04/2022 14:00:00;Comunale extraurbana;VIALE DEL TECNOPOLO;da specificare;;;;Galleria Spezzaferro direzione Roma;Tamponamento;Galleria illuminata;Due carreggiate;Asciutto;Asfaltata;Verticale ed orizzontale;Sereno;Normale;Buona;;1;0;0;1;12.6489;41.9276;-1;2;Autovettura privata;In marcia / fermata / arresto;Conducente;M;Rimandato;0;NON DECEDUTO;Non accertato;
5901632;2;05/04/2022 08:30:00;Strada Urbana;VIA APPENNINI;all'intersezione con;VIALE GORIZIA;VIALE GORIZIA;;;Veicolo in marcia contro veicolo in sosta;Incrocio;Una carreggiata a senso unico di marcia;Asciutto;Asfaltata;Verticale ed orizzontale;Sereno;Normale;Buona;;0;0;0;0;12.5092;41.9179;-1;1;Autovettura privata;Sosta;;;;;;;
5901636;5;05/04/2022 17:15:00;Strada Urbana;VIA DI SALONE;all'intersezione con;VIA ROCCASECCA;VIA ROCCASECCA;;;Veicolo in marcia che urta buche nella carreggiata;Incrocio;Una carreggiata a doppio senso;Asciutto;Asfaltata;Orizzontale;Sereno;Normale;Buona;;0;0;0;1;12.6278;41.9296;-1;1;Autovettura privata;In marcia / fermata / arresto;Conducente;M;Illeso;0;;Non accertato;
5901641;18;05/04/2022 17:25:00;Statale entro l'abitato;VIA AURELIA;in prossimit�;;del civico n.;778;;Tamponamento;Rettilineo;Due carreggiate;Asciutto;Asfaltata;Verticale ed orizzontale;Sereno;Normale;Buona;;0;0;0;2;12.411;41.8898;-1;1;Autovettura privata;In marcia / fermata / arresto;Conducente;M;Illeso;0;;Non accertato;Inesistente
5901641;18;05/04/2022 17:25:00;Statale entro l'abitato;VIA AURELIA;in prossimit�;;del civico n.;778;;Tamponamento;Rettilineo;Due carreggiate;Asciutto;Asfaltata;Verticale ed orizzontale;Sereno;Normale;Buona;;0;0;0;2;12.411;41.8898;-1;2;Autovettura privata;In marcia / fermata / arresto;Conducente;M;Illeso;0;;Non accertato;Inesploso
5901651;5;05/04/2022 17:55:00;Strada Urbana;VIA CASSINO;all'intersezione con;VIA TIBURTINA;VIA TIBURTINA;;;Tamponamento;Intersezione stradale segnalata;Una carreggiata a doppio senso;Asciutto;Asfaltata;Verticale ed orizzontale;Sereno;Normale;Buona;;0;0;0;3;12.5639;41.9211;-1;1;Autovettura privata;In marcia / fermata / arresto;Conducente;F;Illeso;0;;Non accertato;
5901651;5;05/04/2022 17:55:00;Strada Urbana;VIA CASSINO;all'intersezione con;VIA TIBURTINA;VIA TIBURTINA;;;Tamponamento;Intersezione stradale segnalata;Una carreggiata a doppio senso;Asciutto;Asfaltata;Verticale ed orizzontale;Sereno;Normale;Buona;;0;0;0;3;12.5639;41.9211;-1;1;Autovettura privata;In marcia / fermata / arresto;Passeggero;F;Illeso;0;;Non accertato;
5901651;5;05/04/2022 17:55:00;Strada Urbana;VIA CASSINO;all'intersezione con;VIA TIBURTINA;VIA TIBURTINA;;;Tamponamento;Intersezione stradale segnalata;Una carreggiata a doppio senso;Asciutto;Asfaltata;Verticale ed orizzontale;Sereno;Normale;Buona;;0;0;0;3;12.5639;41.9211;-1;2;Autovettura privata;In marcia / fermata / arresto;Conducente;F;Illeso;0;;Non accertato;
5901666;5;05/04/2022 18:15:00;Strada Urbana;VIA TIBURTINA;in corrispondenza;;del civico n.;820;;Investimento di pedone;Rettilineo;Una carreggiata a doppio senso;Asciutto;Asfaltata;Orizzontale;Sereno;Normale;Buona;;2;0;0;0;12.5607;41.915;-1;;;;Pedone;M;Rimandato;0;NON DECEDUTO;;
5901666;5;05/04/2022 18:15:00;Strada Urbana;VIA TIBURTINA;in corrispondenza;;del civico n.;820;;Investimento di pedone;Rettilineo;Una carreggiata a doppio senso;Asciutto;Asfaltata;Orizzontale;Sereno;Normale;Buona;;2;0;0;0;12.5607;41.915;-1;1;Motociclo a solo;In marcia / fermata / arresto;Conducente;M;Rimandato;0;NON DECEDUTO;Non accertato;
5901677;6;06/04/2022 08:15:00;Strada Urbana;VIA CAMESENA;in prossimit�;;del civico n.;6;;Veicolo in marcia contro veicolo in sosta;Rettilineo;Una carreggiata a senso unico di marcia;Asciutto;Asfaltata;Verticale ed orizzontale;Sereno;Normale;Buona;;0;0;0;2;12.5344;41.9084;-1;1;Autovettura pubblica;In marcia / fermata / arresto;Conducente;M;Illeso;0;;Non accertato;Inesploso
5901677;6;06/04/2022 08:15:00;Strada Urbana;VIA CAMESENA;in prossimit�;;del civico n.;6;;Veicolo in marcia contro veicolo in sosta;Rettilineo;Una carreggiata a senso unico di marcia;Asciutto;Asfaltata;Verticale ed orizzontale;Sereno;Normale;Buona;;0;0;0;2;12.5344;41.9084;-1;2;Autovettura di polizia;Sosta;Passeggero;F;Illeso;0;;Non accertato;Inesistente
5901679;13;05/04/2022 15:50:00;Provinciale entro l'abitato;VIA OSTIENSE;in corrispondenza;;del civico n.;1551;;Tamponamento Multiplo;Rettilineo;Una carreggiata a doppio senso;Asciutto;Asfaltata;Verticale ed orizzontale;Sereno;Intenso;Buona;;0;0;0;4;12.3856;41.7921;-1;1;Autovettura privata;In marcia / fermata / arresto;Conducente;M;Illeso;0;;Non accertato;Inesploso
5901679;13;05/04/2022 15:50:00;Provinciale entro l'abitato;VIA OSTIENSE;in corrispondenza;;del civico n.;1551;;Tamponamento Multiplo;Rettilineo;Una carreggiata a doppio senso;Asciutto;Asfaltata;Verticale ed orizzontale;Sereno;Intenso;Buona;;0;0;0;4;12.3856;41.7921;-1;2;Autovettura privata;In marcia / fermata / arresto;Conducente;F;Illeso;0;;Non accertato;Inesploso
5901679;13;05/04/2022 15:50:00;Provinciale entro l'abitato;VIA OSTIENSE;in corrispondenza;;del civico n.;1551;;Tamponamento Multiplo;Rettilineo;Una carreggiata a doppio senso;Asciutto;Asfaltata;Verticale ed orizzontale;Sereno;Intenso;Buona;;0;0;0;4;12.3856;41.7921;-1;2;Autovettura privata;In marcia / fermata / arresto;Passeggero;M;Illeso;0;;Non accertato;Inesploso
5901679;13;05/04/2022 15:50:00;Provinciale entro l'abitato;VIA OSTIENSE;in corrispondenza;;del civico n.;1551;;Tamponamento Multiplo;Rettilineo;Una carreggiata a doppio senso;Asciutto;Asfaltata;Verticale ed orizzontale;Sereno;Intenso;Buona;;0;0;0;4;12.3856;41.7921;-1;3;Autovettura privata;In marcia / fermata / arresto;Conducente;M;Illeso;0;;Non accertato;Esploso
5901679;13;05/04/2022 15:50:00;Provinciale entro l'abitato;VIA OSTIENSE;in corrispondenza;;del civico n.;1551;;Tamponamento Multiplo;Rettilineo;Una carreggiata a doppio senso;Asciutto;Asfaltata;Verticale ed orizzontale;Sereno;Intenso;Buona;;0;0;0;4;12.3856;41.7921;-1;4;Autovettura privata;Allontanatosi;;;;;;;
5901689;2;05/04/2022 17:00:00;Strada Urbana;CIRCONVALLAZIONE SALARIA;da specificare;;;;direzione San Giovanni alt. uscita Salaria/GRA;Tamponamento;Rettilineo;Pi� di due carreggiate;Asciutto;Asfaltata;Verticale ed orizzontale;Sereno;Intenso;Buona;;3;0;0;1;12.5207;41.9347;-1;1;Autovettura privata;In marcia / fermata / arresto;Conducente;M;Rifiuta cure immediate;0;NON DECEDUTO;Non accertato;Inesploso
5901689;2;05/04/2022 17:00:00;Strada Urbana;CIRCONVALLAZIONE SALARIA;da specificare;;;;direzione San Giovanni alt. uscita Salaria/GRA;Tamponamento;Rettilineo;Pi� di due carreggiate;Asciutto;Asfaltata;Verticale ed orizzontale;Sereno;Intenso;Buona;;3;0;0;1;12.5207;41.9347;-1;1;Autovettura privata;In marcia / fermata / arresto;Passeggero;M;Rifiuta cure immediate;0;NON DECEDUTO;Non accertato;Inesploso
5901689;2;05/04/2022 17:00:00;Strada Urbana;CIRCONVALLAZIONE SALARIA;da specificare;;;;direzione San Giovanni alt. uscita Salaria/GRA;Tamponamento;Rettilineo;Pi� di due carreggiate;Asciutto;Asfaltata;Verticale ed orizzontale;Sereno;Intenso;Buona;;3;0;0;1;12.5207;41.9347;-1;1;Autovettura privata;In marcia / fermata / arresto;Passeggero;M;Illeso;0;;Non accertato;Inesploso
5901689;2;05/04/2022 17:00:00;Strada Urbana;CIRCONVALLAZIONE SALARIA;da specificare;;;;direzione San Giovanni alt. uscita Salaria/GRA;Tamponamento;Rettilineo;Pi� di due carreggiate;Asciutto;Asfaltata;Verticale ed orizzontale;Sereno;Intenso;Buona;;3;0;0;1;12.5207;41.9347;-1;2;Autovettura privata;In marcia / fermata / arresto;Conducente;M;Rimandato;0;NON DECEDUTO;Non accertato;Inesploso
5901705;5;05/04/2022 20:30:00;Strada Urbana;VIA CARLO CANEVA;da specificare;;;;fronte civico 44;Veicolo in marcia contro veicolo in sosta;Rettilineo;Una carreggiata a senso unico di marcia;Asciutto;Asfaltata;Verticale ed orizzontale;Sereno;Normale;Buona;;0;0;0;1;12.5367;41.907;-1;1;Autovettura privata;Sosta;;;;;;;
5901705;5;05/04/2022 20:30:00;Strada Urbana;VIA CARLO CANEVA;da specificare;;;;fronte civico 44;Veicolo in marcia contro veicolo in sosta;Rettilineo;Una carreggiata a senso unico di marcia;Asciutto;Asfaltata;Verticale ed orizzontale;Sereno;Normale;Buona;;0;0;0;1;12.5367;41.907;-1;2;Autovettura privata;In marcia / fermata / arresto;Conducente;F;Illeso;0;;Non accertato;
5901716;1;05/04/2022 16:40:00;Strada Urbana;CORSO VITTORIO EMANUELE II;in corrispondenza;;del civico n.;164;;Scontro laterale fra veicoli in marcia;Rettilineo;Una carreggiata a doppio senso;Asciutto;Asfaltata;Verticale ed orizzontale;Sereno;Normale;Buona;;0;0;0;2;12.4731;41.8967;-1;1;Autocarro inferiore 35 q.;In marcia / fermata / arresto;Conducente;M;Illeso;0;;;
5901716;1;05/04/2022 16:40:00;Strada Urbana;CORSO VITTORIO EMANUELE II;in corrispondenza;;del civico n.;164;;Scontro laterale fra veicoli in marcia;Rettilineo;Una carreggiata a doppio senso;Asciutto;Asfaltata;Verticale ed orizzontale;Sereno;Normale;Buona;;0;0;0;2;12.4731;41.8967;-1;2;Autoveicolo trasp.promisc.;In marcia / fermata / arresto;Conducente;M;Illeso;0;;;
5901739;5;05/04/2022 21:05:00;Strada Urbana;VIA FABRIANO;all'intersezione con;VIA MUCCIA;VIA MUCCIA;;;Scontro frontale/laterale SX fra veicoli in marcia;Incrocio;Una carreggiata a doppio senso;Asciutto;Asfaltata;Assente;Sereno;Normale;Sufficiente;;0;0;0;2;12.5856;41.9418;-1;1;Autovettura privata;In marcia / fermata / arresto;Conducente;M;Illeso;0;;Non accertato;
5901739;5;05/04/2022 21:05:00;Strada Urbana;VIA FABRIANO;all'intersezione con;VIA MUCCIA;VIA MUCCIA;;;Scontro frontale/laterale SX fra veicoli in marcia;Incrocio;Una carreggiata a doppio senso;Asciutto;Asfaltata;Assente;Sereno;Normale;Sufficiente;;0;0;0;2;12.5856;41.9418;-1;1;Autovettura privata;In marcia / fermata / arresto;Passeggero;F;Illeso;0;;Non accertato;
5901739;5;05/04/2022 21:05:00;Strada Urbana;VIA FABRIANO;all'intersezione con;VIA MUCCIA;VIA MUCCIA;;;Scontro frontale/laterale SX fra veicoli in marcia;Incrocio;Una carreggiata a doppio senso;Asciutto;Asfaltata;Assente;Sereno;Normale;Sufficiente;;0;0;0;2;12.5856;41.9418;-1;2;Autovettura privata;Allontanatosi;;;;;;;
5901756;1;05/04/2022 11:25:00;Strada Urbana;VIA VITTORIO VENETO;all'intersezione con;VIA LIGURIA;VIA LIGURIA;;;Scontro frontale fra veicoli in marcia;Intersezione non regolata/non segnalata;Una carreggiata a doppio senso;Asciutto;Asfaltata;Orizzontale;Sereno;Normale;Buona;;1;0;0;2;12.4895;41.9061;-1;1;Motociclo a solo;In marcia / fermata / arresto;Conducente;M;Rifiuta cure immediate;0;NON DECEDUTO;;
5901756;1;05/04/2022 11:25:00;Strada Urbana;VIA VITTORIO VENETO;all'intersezione con;VIA LIGURIA;VIA LIGURIA;;;Scontro frontale fra veicoli in marcia;Intersezione non regolata/non segnalata;Una carreggiata a doppio senso;Asciutto;Asfaltata;Orizzontale;Sereno;Normale;Buona;;1;0;0;2;12.4895;41.9061;-1;2;Autovettura privata;In marcia / fermata / arresto;Conducente;M;Illeso;0;;;
5901756;1;05/04/2022 11:25:00;Strada Urbana;VIA VITTORIO VENETO;all'intersezione con;VIA LIGURIA;VIA LIGURIA;;;Scontro frontale fra veicoli in marcia;Intersezione non regolata/non segnalata;Una carreggiata a doppio senso;Asciutto;Asfaltata;Orizzontale;Sereno;Normale;Buona;;1;0;0;2;12.4895;41.9061;-1;2;Autovettura privata;In marcia / fermata / arresto;Passeggero;F;Illeso;0;;;
5901774;13;05/04/2022 16:00:00;;VIA MAR DEI SARGASSI;in prossimit�;;del civico n.;60;;Veicolo in marcia contro veicolo in sosta;;;;;;;;;;0;0;0;3;;;0;1;Autovettura privata;Sosta;Passeggero;M;Illeso;0;;;
5901774;13;05/04/2022 16:00:00;;VIA MAR DEI SARGASSI;in prossimit�;;del civico n.;60;;Veicolo in marcia contro veicolo in sosta;;;;;;;;;;0;0;0;3;;;0;2;Autovettura privata;In marcia / fermata / arresto;Conducente;F;Illeso;0;;;
5901774;13;05/04/2022 16:00:00;;VIA MAR DEI SARGASSI;in prossimit�;;del civico n.;60;;Veicolo in marcia contro veicolo in sosta;;;;;;;;;;0;0;0;3;;;0;2;Autovettura privata;In marcia / fermata / arresto;Passeggero;F;Illeso;0;;;
5901782;17;04/04/2022 11:00:00;Strada Urbana;VIA DI PORTA CASTELLO;all'intersezione con;VIA SFORZA PALLAVICINI;VIA SFORZA PALLAVICINI;;;Scontro laterale fra veicoli in marcia;Incrocio;Una carreggiata a senso unico di marcia;Asciutto;Asfaltata;Verticale ed orizzontale;Sereno;Normale;Buona;;0;0;0;2;12.4632;41.9042;0;1;Autocarro inferiore 35 q.;In marcia / fermata / arresto;Conducente;M;Illeso;0;;;
5901782;17;04/04/2022 11:00:00;Strada Urbana;VIA DI PORTA CASTELLO;all'intersezione con;VIA SFORZA PALLAVICINI;VIA SFORZA PALLAVICINI;;;Scontro laterale fra veicoli in marcia;Incrocio;Una carreggiata a senso unico di marcia;Asciutto;Asfaltata;Verticale ed orizzontale;Sereno;Normale;Buona;;0;0;0;2;12.4632;41.9042;0;2;Autovettura privata;In marcia / fermata / arresto;Conducente;M;Illeso;0;;;
5901818;1;05/04/2022 14:00:00;Strada Urbana;VIA SOLFERINO;in prossimit�;;del civico n.;14;;Veicolo in marcia contro veicolo fermo;Rettilineo;Una carreggiata a doppio senso;Asciutto;Asfaltata;Verticale ed orizzontale;Sereno;Normale;Buona;;0;0;0;2;12.5013;41.9038;-1;1;Autovettura privata;In marcia / fermata / arresto;Conducente;F;Illeso;0;;;
5901818;1;05/04/2022 14:00:00;Strada Urbana;VIA SOLFERINO;in prossimit�;;del civico n.;14;;Veicolo in marcia contro veicolo fermo;Rettilineo;Una carreggiata a doppio senso;Asciutto;Asfaltata;Verticale ed orizzontale;Sereno;Normale;Buona;;0;0;0;2;12.5013;41.9038;-1;2;Autovettura privata;In marcia / fermata / arresto;Conducente;M;Illeso;0;;;
5901832;17;04/04/2022 22:47:00;Strada Urbana;VIA ATTILIO REGOLO;all'intersezione con;VIA COLA DI RIENZO;VIA COLA DI RIENZO;;;Scontro laterale fra veicoli in marcia;Incrocio;Una carreggiata a senso unico di marcia;Asciutto;Asfaltata;Verticale ed orizzontale;Sereno;Scarso;Buona;;1;0;0;3;12.4651;41.908;-1;1;Autovettura privata;In marcia / fermata / arresto;Conducente;M;Illeso;0;;;
5901832;17;04/04/2022 22:47:00;Strada Urbana;VIA ATTILIO REGOLO;all'intersezione con;VIA COLA DI RIENZO;VIA COLA DI RIENZO;;;Scontro laterale fra veicoli in marcia;Incrocio;Una carreggiata a senso unico di marcia;Asciutto;Asfaltata;Verticale ed orizzontale;Sereno;Scarso;Buona;;1;0;0;3;12.4651;41.908;-1;1;Autovettura privata;In marcia / fermata / arresto;Passeggero;F;Illeso;0;;;
5901832;17;04/04/2022 22:47:00;Strada Urbana;VIA ATTILIO REGOLO;all'intersezione con;VIA COLA DI RIENZO;VIA COLA DI RIENZO;;;Scontro laterale fra veicoli in marcia;Incrocio;Una carreggiata a senso unico di marcia;Asciutto;Asfaltata;Verticale ed orizzontale;Sereno;Scarso;Buona;;1;0;0;3;12.4651;41.908;-1;2;Motociclo a solo;In marcia / fermata / arresto;Conducente;M;Rifiuta cure immediate;0;NON DECEDUTO;;
5901832;17;04/04/2022 22:47:00;Strada Urbana;VIA ATTILIO REGOLO;all'intersezione con;VIA COLA DI RIENZO;VIA COLA DI RIENZO;;;Scontro laterale fra veicoli in marcia;Incrocio;Una carreggiata a senso unico di marcia;Asciutto;Asfaltata;Verticale ed orizzontale;Sereno;Scarso;Buona;;1;0;0;3;12.4651;41.908;-1;2;Motociclo a solo;In marcia / fermata / arresto;Passeggero;M;Illeso;0;;;
5901856;17;05/04/2022 14:00:00;Strada Urbana;VIALE GIULIO CESARE;in corrispondenza;;del civico n.;193;;Scontro frontale fra veicoli in marcia;Rettilineo;Due carreggiate;Asciutto;Asfaltata;Verticale ed orizzontale;Sereno;Normale;Buona;;0;0;0;2;12.4571;41.9089;-1;1;Quadriciclo leggero;In marcia / fermata / arresto;Conducente;F;Illeso;0;;;
5901856;17;05/04/2022 14:00:00;Strada Urbana;VIALE GIULIO CESARE;in corrispondenza;;del civico n.;193;;Scontro frontale fra veicoli in marcia;Rettilineo;Due carreggiate;Asciutto;Asfaltata;Verticale ed orizzontale;Sereno;Normale;Buona;;0;0;0;2;12.4571;41.9089;-1;2;Autovettura privata;In marcia / fermata / arresto;Conducente;M;Illeso;0;;;
5901861;3;05/04/2022 07:55:00;Strada Urbana;VIALE DELL'UNIVERSITA';in prossimit�;;del civico n.;30;;Scontro frontale/laterale DX fra veicoli in marcia;Rettilineo;Una carreggiata a doppio senso;Asciutto;Asfaltata;Verticale ed orizzontale;Sereno;Normale;Buona;;1;0;0;3;12.513;41.9046;-1;1;Autovettura privata;In marcia / fermata / arresto;Conducente;F;Illeso;0;;Non accertato;Inesploso
5901861;3;05/04/2022 07:55:00;Strada Urbana;VIALE DELL'UNIVERSITA';in prossimit�;;del civico n.;30;;Scontro frontale/laterale DX fra veicoli in marcia;Rettilineo;Una carreggiata a doppio senso;Asciutto;Asfaltata;Verticale ed orizzontale;Sereno;Normale;Buona;;1;0;0;3;12.513;41.9046;-1;1;Autovettura privata;In marcia / fermata / arresto;Passeggero;F;Illeso;0;;Non accertato;Inesploso
5901861;3;05/04/2022 07:55:00;Strada Urbana;VIALE DELL'UNIVERSITA';in prossimit�;;del civico n.;30;;Scontro frontale/laterale DX fra veicoli in marcia;Rettilineo;Una carreggiata a doppio senso;Asciutto;Asfaltata;Verticale ed orizzontale;Sereno;Normale;Buona;;1;0;0;3;12.513;41.9046;-1;2;Motociclo a solo;In marcia / fermata / arresto;Conducente;M;Rimandato;0;NON DECEDUTO;Non accertato;
5901861;3;05/04/2022 07:55:00;Strada Urbana;VIALE DELL'UNIVERSITA';in prossimit�;;del civico n.;30;;Scontro frontale/laterale DX fra veicoli in marcia;Rettilineo;Una carreggiata a doppio senso;Asciutto;Asfaltata;Verticale ed orizzontale;Sereno;Normale;Buona;;1;0;0;3;12.513;41.9046;-1;2;Motociclo a solo;In marcia / fermata / arresto;Passeggero;M;Illeso;0;;Non accertato;
5901876;1;06/04/2022 07:50:00;Strada Urbana;VIA DI PORTA PINCIANA;all'intersezione con;VIA LAZIO;VIA LAZIO;;;Veicolo in marcia contro veicolo fermo;Incrocio;Una carreggiata a senso unico di marcia;Asciutto;Asfaltata;Verticale ed orizzontale;Nuvoloso;Normale;Buona;;0;0;0;2;12.4872;41.9084;-1;1;Autovettura privata;In marcia / fermata / arresto;Conducente;M;Illeso;0;;Non accertato;Inesploso
5901876;1;06/04/2022 07:50:00;Strada Urbana;VIA DI PORTA PINCIANA;all'intersezione con;VIA LAZIO;VIA LAZIO;;;Veicolo in marcia contro veicolo fermo;Incrocio;Una carreggiata a senso unico di marcia;Asciutto;Asfaltata;Verticale ed orizzontale;Nuvoloso;Normale;Buona;;0;0;0;2;12.4872;41.9084;-1;2;Autovettura privata;In marcia / fermata / arresto;Conducente;M;Illeso;0;;Non accertato;Inesploso
5901885;17;05/04/2022 08:30:00;Strada Urbana;VIA TRIONFALE;all'intersezione semaforizzata con;PIAZZALE DELLE MEDAGLIE D'ORO;PIAZZALE DELLE MEDAGLIE D'ORO;;;Tamponamento Multiplo;Intersezione semaforizzata;Una carreggiata a doppio senso;Asciutto;Asfaltata;Verticale ed orizzontale;Sereno;Intenso;Buona;;0;0;0;3;12.4229;41.9409;-1;1;Autovettura privata;In marcia / fermata / arresto;Conducente;M;Illeso;0;;;
5901885;17;05/04/2022 08:30:00;Strada Urbana;VIA TRIONFALE;all'intersezione semaforizzata con;PIAZZALE DELLE MEDAGLIE D'ORO;PIAZZALE DELLE MEDAGLIE D'ORO;;;Tamponamento Multiplo;Intersezione semaforizzata;Una carreggiata a doppio senso;Asciutto;Asfaltata;Verticale ed orizzontale;Sereno;Intenso;Buona;;0;0;0;3;12.4229;41.9409;-1;2;Autovettura privata;In marcia / fermata / arresto;Conducente;M;Illeso;0;;;
5901885;17;05/04/2022 08:30:00;Strada Urbana;VIA TRIONFALE;all'intersezione semaforizzata con;PIAZZALE DELLE MEDAGLIE D'ORO;PIAZZALE DELLE MEDAGLIE D'ORO;;;Tamponamento Multiplo;Intersezione semaforizzata;Una carreggiata a doppio senso;Asciutto;Asfaltata;Verticale ed orizzontale;Sereno;Intenso;Buona;;0;0;0;3;12.4229;41.9409;-1;3;Motociclo a solo;In marcia / fermata / arresto;Conducente;M;Illeso;0;;;
5901932;13;05/04/2022 20:20:00;Strada Urbana;VIALE CHARLES LENORMANT;da specificare;;;;prossimit� viale dei Romagnoli;Veicolo in marcia contro ostacolo fisso;Rettilineo;Una carreggiata a doppio senso;Asciutto;Asfaltata;Orizzontale;Sereno;Scarso;Sufficiente;;1;0;0;0;12.3225;41.7694;-1;1;Motociclo con passeggero;In marcia / fermata / arresto;Conducente;M;Rimandato;0;NON DECEDUTO;Non accertato;
5901978;17;05/04/2022 12:30:00;Strada Urbana;VIA MARCANTONIO COLONNA;all'intersezione con;VIA DEI GRACCHI;VIA DEI GRACCHI;;;Scontro laterale fra veicoli in marcia;Incrocio;Una carreggiata a doppio senso;Asciutto;Asfaltata;Verticale ed orizzontale;Sereno;Normale;Buona;;0;0;0;3;12.467;41.91;-1;1;Autobus di linea;In marcia / fermata / arresto;Conducente;M;Illeso;0;;;
5901978;17;05/04/2022 12:30:00;Strada Urbana;VIA MARCANTONIO COLONNA;all'intersezione con;VIA DEI GRACCHI;VIA DEI GRACCHI;;;Scontro laterale fra veicoli in marcia;Incrocio;Una carreggiata a doppio senso;Asciutto;Asfaltata;Verticale ed orizzontale;Sereno;Normale;Buona;;0;0;0;3;12.467;41.91;-1;2;Autovettura privata;In marcia / fermata / arresto;Conducente;F;Illeso;0;;;
5901978;17;05/04/2022 12:30:00;Strada Urbana;VIA MARCANTONIO COLONNA;all'intersezione con;VIA DEI GRACCHI;VIA DEI GRACCHI;;;Scontro laterale fra veicoli in marcia;Incrocio;Una carreggiata a doppio senso;Asciutto;Asfaltata;Verticale ed orizzontale;Sereno;Normale;Buona;;0;0;0;3;12.467;41.91;-1;2;Autovettura privata;In marcia / fermata / arresto;Passeggero;F;Illeso;0;;;
5901979;18;05/04/2022 21:00:00;Strada Urbana;CIRCONVALLAZIONE AURELIA;da specificare;;;;fronte civico 62;Tamponamento;Rettilineo;Due carreggiate;Asciutto;Asfaltata;Verticale ed orizzontale;Sereno;Normale;Buona;;1;0;0;2;12.4282;41.8971;-1;1;Autovettura privata;In marcia / fermata / arresto;Conducente;M;Illeso;0;;Non accertato;Inesploso
5901979;18;05/04/2022 21:00:00;Strada Urbana;CIRCONVALLAZIONE AURELIA;da specificare;;;;fronte civico 62;Tamponamento;Rettilineo;Due carreggiate;Asciutto;Asfaltata;Verticale ed orizzontale;Sereno;Normale;Buona;;1;0;0;2;12.4282;41.8971;-1;1;Autovettura privata;In marcia / fermata / arresto;Passeggero;M;Illeso;0;;Non accertato;Inesploso
5901979;18;05/04/2022 21:00:00;Strada Urbana;CIRCONVALLAZIONE AURELIA;da specificare;;;;fronte civico 62;Tamponamento;Rettilineo;Due carreggiate;Asciutto;Asfaltata;Verticale ed orizzontale;Sereno;Normale;Buona;;1;0;0;2;12.4282;41.8971;-1;2;Motociclo a solo;In marcia / fermata / arresto;Conducente;M;Rimandato;0;NON DECEDUTO;Non accertato;