Protocollo;Gruppo;DataOraIncidente;Localizzazione1;STRADA1;Localizzazione2;STRADA2;Strada02;Chilometrica;DaSpecificare;NaturaIncidente;particolaritastrade;TipoStrada;FondoStradale;Pavimentazione;Segnaletica;CondizioneAtmosferica;Traffico;Visibilita;Illuminazione;NUM_FERITI;NUM_RISERVATA;NUM_MORTI;NUM_ILLESI;Longitude;Latitude;Confermato;Progressivo;TipoVeicolo;StatoVeicolo;TipoPersona;Sesso;Tipolesione;Deceduto;DecedutoDopo;CinturaCascoUtilizzato;Airbag;
5902699;10;06/04/2022 15:47:00;Strada Urbana;PIAZZA DI CINECITTA';all'intersezione semaforizzata con;CIRCONVALLAZIONE TUSCOLANA;CIRCONVALLAZIONE TUSCOLANA;;;Scontro frontale/laterale DX fra veicoli in marcia;Incrocio;Due carreggiate;Bagnato (pioggia);Asfaltata;Verticale ed orizzontale;Nuvoloso;Intenso;Buona;;0;0;0;4;12.5685;41.8529;-1;1;Autovettura privata;In marcia / fermata / arresto;Conducente;M;Illeso;0;;;
5902699;10;06/04/2022 15:47:00;Strada Urbana;PIAZZA DI CINECITTA';all'intersezione semaforizzata con;CIRCONVALLAZIONE TUSCOLANA;CIRCONVALLAZIONE TUSCOLANA;;;Scontro frontale/laterale DX fra veicoli in marcia;Incrocio;Due carreggiate;Bagnato (pioggia);Asfaltata;Verticale ed orizzontale;Nuvoloso;Intenso;Buona;;0;0;0;4;12.5685;41.8529;-1;1;Autovettura privata;In marcia / fermata / arresto;Passeggero;M;Illeso;0;;;
5902699;10;06/04/2022 15:47:00;Strada Urbana;PIAZZA DI CINECITTA';all'intersezione semaforizzata con;CIRCONVALLAZIONE TUSCOLANA;CIRCONVALLAZIONE TUSCOLANA;;;Scontro frontale/laterale DX fra veicoli in marcia;Incrocio;Due carreggiate;Bagnato (pioggia);Asfaltata;Verticale ed orizzontale;Nuvoloso;Intenso;Buona;;0;0;0;4;12.5685;41.8529;-1;2;Autovettura privata;In marcia / fermata / arresto;Conducente;M;Illeso;0;;;
5902699;10;06/04/2022 15:47:00;Strada Urbana;PIAZZA DI CINECITTA';all'intersezione semaforizzata con;CIRCONVALLAZIONE TUSCOLANA;CIRCONVALLAZIONE TUSCOLANA;;;Scontro frontale/laterale DX fra veicoli in marcia;Incrocio;Due carreggiate;Bagnato (pioggia);Asfaltata;Verticale ed orizzontale;Nuvoloso;Intenso;Buona;;0;0;0;4;12.5685;41.8529;-1;2;Autovettura privata;In marcia / fermata / arresto;Passeggero;M;Illeso;0;;;
5902718;10;06/04/2022 13:15:00;Strada Urbana;VIALE ANICIO GALLO;all'intersezione con;VIA LUCIO PAPIRIO;VIA LUCIO PAPIRIO;;;Scontro laterale fra veicoli in marcia;Incrocio;Una carreggiata a doppio senso;Asciutto;Asfaltata;Verticale ed orizzontale;Sereno;Scarso;Buona;;2;0;0;4;12.5616;41.8543;-1;1;Autovettura privata;In marcia / fermata / arresto;Conducente;M;Illeso;0;;;
5902718;10;06/04/2022 13:15:00;Strada Urbana;VIALE ANICIO GALLO;all'intersezione con;VIA LUCIO PAPIRIO;VIA LUCIO PAPIRIO;;;Scontro laterale fra veicoli in marcia;Incrocio;Una carreggiata a doppio senso;Asciutto;Asfaltata;Verticale ed orizzontale;Sereno;Scarso;Buona;;2;0;0;4;12.5616;41.8543;-1;2;Autovettura privata;In marcia / fermata / arresto;Conducente;F;Rimandato;0;NON DECEDUTO;;
5902718;10;06/04/2022 13:15:00;Strada Urbana;VIALE ANICIO GALLO;all'intersezione con;VIA LUCIO PAPIRIO;VIA LUCIO PAPIRIO;;;Scontro laterale fra veicoli in marcia;Incrocio;Una carreggiata a doppio senso;Asciutto;Asfaltata;Verticale ed orizzontale;Sereno;Scarso;Buona;;2;0;0;4;12.5616;41.8543;-1;2;Autovettura privata;In marcia / fermata / arresto;Passeggero;F;Illeso;0;;;
5902718;10;06/04/2022 13:15:00;Strada Urbana;VIALE ANICIO GALLO;all'intersezione con;VIA LUCIO PAPIRIO;VIA LUCIO PAPIRIO;;;Scontro laterale fra veicoli in marcia;Incrocio;Una carreggiata a doppio senso;Asciutto;Asfaltata;Verticale ed orizzontale;Sereno;Scarso;Buona;;2;0;0;4;12.5616;41.8543;-1;2;Autovettura privata;In marcia / fermata / arresto;Passeggero;F;Illeso;0;;;
5902718;10;06/04/2022 13:15:00;Strada Urbana;VIALE ANICIO GALLO;all'intersezione con;VIA LUCIO PAPIRIO;VIA LUCIO PAPIRIO;;;Scontro laterale fra veicoli in marcia;Incrocio;Una carreggiata a doppio senso;Asciutto;Asfaltata;Verticale ed orizzontale;Sereno;Scarso;Buona;;2;0;0;4;12.5616;41.8543;-1;2;Autovettura privata;In marcia / fermata / arresto;Passeggero;F;Rimandato;0;NON DECEDUTO;;
5902718;10;06/04/2022 13:15:00;Strada Urbana;VIALE ANICIO GALLO;all'intersezione con;VIA LUCIO PAPIRIO;VIA LUCIO PAPIRIO;;;Scontro laterale fra veicoli in marcia;Incrocio;Una carreggiata a doppio senso;Asciutto;Asfaltata;Verticale ed orizzontale;Sereno;Scarso;Buona;;2;0;0;4;12.5616;41.8543;-1;2;Autovettura privata;In marcia / fermata / arresto;Passeggero;M;Illeso;0;;;
5902722;10;06/04/2022 15:50:00;Strada Urbana;VIA TUSCOLANA;all'intersezione con;CIRCONVALLAZIONE TUSCOLANA;CIRCONVALLAZIONE TUSCOLANA;;;Scontro frontale/laterale SX fra veicoli in marcia;Incrocio;Due carreggiate;Bagnato (pioggia);Asfaltata;Verticale ed orizzontale;Nuvoloso;Intenso;Buona;;0;0;0;2;12.5699;41.8524;-1;1;Autovettura privata;In marcia / fermata / arresto;Conducente;M;Illeso;0;;Non accertato;Inesploso
5902722;10;06/04/2022 15:50:00;Strada Urbana;VIA TUSCOLANA;all'intersezione con;CIRCONVALLAZIONE TUSCOLANA;CIRCONVALLAZIONE TUSCOLANA;;;Scontro frontale/laterale SX fra veicoli in marcia;Incrocio;Due carreggiate;Bagnato (pioggia);Asfaltata;Verticale ed orizzontale;Nuvoloso;Intenso;Buona;;0;0;0;2;12.5699;41.8524;-1;2;Autovettura privata;In marcia / fermata / arresto;Conducente;M;Illeso;0;;Non accertato;Inesploso
5902756;12;06/04/2022 14:30:00;Strada Urbana;VIALE DEI CADUTI NELLA GUERRA DI LIBERAZIONE;da specificare;;;;prossimit� Via Aversa;Investimento di pedone;Rettilineo;Una carreggiata a senso unico di marcia;Bagnato (pioggia);Asfaltata;Verticale ed orizzontale;Sereno;Normale;Buona;;1;0;0;1;12.4456;41.7875;-1;;;;Pedone;F;Rimandato;0;NON DECEDUTO;;
5902756;12;06/04/2022 14:30:00;Strada Urbana;VIALE DEI CADUTI NELLA GUERRA DI LIBERAZIONE;da specificare;;;;prossimit� Via Aversa;Investimento di pedone;Rettilineo;Una carreggiata a senso unico di marcia;Bagnato (pioggia);Asfaltata;Verticale ed orizzontale;Sereno;Normale;Buona;;1;0;0;1;12.4456;41.7875;-1;1;Autovettura privata;In marcia / fermata / arresto;Conducente;M;Illeso;0;;Non accertato;Inesploso
5902762;16;05/04/2022 18:25:00;Strada Urbana;VIALE DEI QUATTRO VENTI;in corrispondenza;;del civico n.;FC. 162/D;;Tamponamento;Rettilineo;Una carreggiata a doppio senso;Asciutto;Asfaltata;Verticale ed orizzontale;Sereno;Normale;Buona;;1;0;0;1;12.4585;41.8796;-1;1;Motociclo a solo;In marcia / fermata / arresto;Conducente;M;Rimandato;0;NON DECEDUTO;Non accertato;
5902762;16;05/04/2022 18:25:00;Strada Urbana;VIALE DEI QUATTRO VENTI;in corrispondenza;;del civico n.;FC. 162/D;;Tamponamento;Rettilineo;Una carreggiata a doppio senso;Asciutto;Asfaltata;Verticale ed orizzontale;Sereno;Normale;Buona;;1;0;0;1;12.4585;41.8796;-1;2;Autovettura privata;In marcia / fermata / arresto;Conducente;F;Illeso;0;;Non accertato;Inesploso
5902763;12;06/04/2022 13:20:00;Provinciale entro l'abitato;VIA LAURENTINA;all'intersezione semaforizzata con;VIA DEI LANCIERI;VIA DEI LANCIERI;;;Veicolo in marcia contro veicolo arresto;Intersezione semaforizzata;Pi� di due carreggiate;Bagnato (pioggia);Asfaltata;Verticale ed orizzontale;Pioggia in atto;Normale;Buona;;0;0;0;3;12.4856;41.8103;-1;1;Autovettura privata;In marcia / fermata / arresto;Conducente;M;Illeso;0;;Non accertato;Inesploso
5902763;12;06/04/2022 13:20:00;Provinciale entro l'abitato;VIA LAURENTINA;all'intersezione semaforizzata con;VIA DEI LANCIERI;VIA DEI LANCIERI;;;Veicolo in marcia contro veicolo arresto;Intersezione semaforizzata;Pi� di due carreggiate;Bagnato (pioggia);Asfaltata;Verticale ed orizzontale;Pioggia in atto;Normale;Buona;;0;0;0;3;12.4856;41.8103;-1;2;Altro;In marcia / fermata / arresto;Conducente;M;Illeso;0;;Non accertato;Inesploso
5902763;12;06/04/2022 13:20:00;Provinciale entro l'abitato;VIA LAURENTINA;all'intersezione semaforizzata con;VIA DEI LANCIERI;VIA DEI LANCIERI;;;Veicolo in marcia contro veicolo arresto;Intersezione semaforizzata;Pi� di due carreggiate;Bagnato (pioggia);Asfaltata;Verticale ed orizzontale;Pioggia in atto;Normale;Buona;;0;0;0;3;12.4856;41.8103;-1;2;Altro;In marcia / fermata / arresto;Passeggero;M;Illeso;0;;Non accertato;Inesploso
5902780;12;06/04/2022 16:10:00;Strada Urbana;VIA DI TRIGORIA;da specificare;;;;dir.Laurentina Palo ACEA 148;Tamponamento Multiplo;Rettilineo;Una carreggiata a doppio senso;Bagnato (pioggia);Asfaltata;Verticale;Pioggia in atto;Normale;Buona;;1;0;0;3;12.4613;41.7369;-1;1;Autocarro inferiore 35 q.;In marcia / fermata / arresto;Conducente;M;Illeso;0;;Non accertato;Inesploso
5902780;12;06/04/2022 16:10:00;Strada Urbana;VIA DI TRIGORIA;da specificare;;;;dir.Laurentina Palo ACEA 148;Tamponamento Multiplo;Rettilineo;Una carreggiata a doppio senso;Bagnato (pioggia);Asfaltata;Verticale;Pioggia in atto;Normale;Buona;;1;0;0;3;12.4613;41.7369;-1;2;Autovettura privata;In marcia / fermata / arresto;Conducente;M;Illeso;0;;Non accertato;Inesploso
5902780;12;06/04/2022 16:10:00;Strada Urbana;VIA DI TRIGORIA;da specificare;;;;dir.Laurentina Palo ACEA 148;Tamponamento Multiplo;Rettilineo;Una carreggiata a doppio senso;Bagnato (pioggia);Asfaltata;Verticale;Pioggia in atto;Normale;Buona;;1;0;0;3;12.4613;41.7369;-1;2;Autovettura privata;In marcia / fermata / arresto;Passeggero;F;Rimandato;0;NON DECEDUTO;Utilizzato;Inesploso
5902780;12;06/04/2022 16:10:00;Strada Urbana;VIA DI TRIGORIA;da specificare;;;;dir.Laurentina Palo ACEA 148;Tamponamento Multiplo;Rettilineo;Una carreggiata a doppio senso;Bagnato (pioggia);Asfaltata;Verticale;Pioggia in atto;Normale;Buona;;1;0;0;3;12.4613;41.7369;-1;3;Autovettura privata;In marcia / fermata / arresto;Conducente;F;Illeso;0;;Utilizzato;Inesploso
5902933;8;06/04/2022 12:00:00;Strada Urbana;VIA GIORGIO FOSSATI;all'intersezione con;VIA LAZZERO TALDI;VIA LAZZERO TALDI;;;Scontro frontale/laterale DX fra veicoli in marcia;Incrocio;Una carreggiata a senso unico di marcia;Asciutto;Asfaltata;Verticale;Nuvoloso;Scarso;Buona;;0;0;0;3;12.6272;41.8683;-1;1;Autovettura privata;In marcia / fermata / arresto;Conducente;M;Illeso;0;;Non accertato;Inesploso
5902933;8;06/04/2022 12:00:00;Strada Urbana;VIA GIORGIO FOSSATI;all'intersezione con;VIA LAZZERO TALDI;VIA LAZZERO TALDI;;;Scontro frontale/laterale DX fra veicoli in marcia;Incrocio;Una carreggiata a senso unico di marcia;Asciutto;Asfaltata;Verticale;Nuvoloso;Scarso;Buona;;0;0;0;3;12.6272;41.8683;-1;1;Autovettura privata;In marcia / fermata / arresto;Passeggero;M;Illeso;0;;Non accertato;Inesploso
5902933;8;06/04/2022 12:00:00;Strada Urbana;VIA GIORGIO FOSSATI;all'intersezione con;VIA LAZZERO TALDI;VIA LAZZERO TALDI;;;Scontro frontale/laterale DX fra veicoli in marcia;Incrocio;Una carreggiata a senso unico di marcia;Asciutto;Asfaltata;Verticale;Nuvoloso;Scarso;Buona;;0;0;0;3;12.6272;41.8683;-1;2;Autovettura privata;In marcia / fermata / arresto;Conducente;M;Illeso;0;;Non accertato;Inesploso
5902935;8;06/04/2022 13:50:00;Strada Urbana;VIA POLENSE;in prossimit�;;della chilometrica;22.4;;Scontro frontale/laterale SX fra veicoli in marcia;Rettilineo;Una carreggiata a doppio senso;Bagnato (umidit� in atto);Asfaltata;Orizzontale;Nuvoloso;Normale;Sufficiente;;1;0;0;2;12.7087;41.9031;-1;1;Autovettura privata;In marcia / fermata / arresto;Conducente;M;Illeso;0;;;
5902935;8;06/04/2022 13:50:00;Strada Urbana;VIA POLENSE;in prossimit�;;della chilometrica;22.4;;Scontro frontale/laterale SX fra veicoli in marcia;Rettilineo;Una carreggiata a doppio senso;Bagnato (umidit� in atto);Asfaltata;Orizzontale;Nuvoloso;Normale;Sufficiente;;1;0;0;2;12.7087;41.9031;-1;1;Autovettura privata;In marcia / fermata / arresto;Passeggero;M;Illeso;0;;;
5902935;8;06/04/2022 13:50:00;Strada Urbana;VIA POLENSE;in prossimit�;;della chilometrica;22.4;;Scontro frontale/laterale SX fra veicoli in marcia;Rettilineo;Una carreggiata a doppio senso;Bagnato (umidit� in atto);Asfaltata;Orizzontale;Nuvoloso;Normale;Sufficiente;;1;0;0;2;12.7087;41.9031;-1;2;Autovettura privata;In marcia / fermata / arresto;Conducente;M;Rimandato;0;NON DECEDUTO;;
5902936;8;06/04/2022 17:50:00;Strada Urbana;VIA TURINO DI SANO;in corrispondenza;;del civico n.;99;;Scontro frontale/laterale DX fra veicoli in marcia;Rettilineo;Una carreggiata a doppio senso;Bagnato (umidit� in atto);Asfaltata;Verticale ed orizzontale;Nuvoloso;Normale;Buona;;0;0;0;3;12.6082;41.8607;-1;1;Autovettura privata;In marcia / fermata / arresto;Conducente;M;Illeso;0;;;
5902936;8;06/04/2022 17:50:00;Strada Urbana;VIA TURINO DI SANO;in corrispondenza;;del civico n.;99;;Scontro frontale/laterale DX fra veicoli in marcia;Rettilineo;Una carreggiata a doppio senso;Bagnato (umidit� in atto);Asfaltata;Verticale ed orizzontale;Nuvoloso;Normale;Buona;;0;0;0;3;12.6082;41.8607;-1;2;Autovettura privata;In marcia / fermata / arresto;Conducente;M;Illeso;0;;;
5902936;8;06/04/2022 17:50:00;Strada Urbana;VIA TURINO DI SANO;in corrispondenza;;del civico n.;99;;Scontro frontale/laterale DX fra veicoli in marcia;Rettilineo;Una carreggiata a doppio senso;Bagnato (umidit� in atto);Asfaltata;Verticale ed orizzontale;Nuvoloso;Normale;Buona;;0;0;0;3;12.6082;41.8607;-1;2;Autovettura privata;In marcia / fermata / arresto;Passeggero;F;Illeso;0;;;
5902995;11;06/04/2022 18:45:00;Strada Urbana;VIA CRISTOFORO COLOMBO;all'intersezione semaforizzata con;VIA DI GROTTA PERFETTA;VIA DI GROTTA PERFETTA;;;Tamponamento;Intersezione semaforizzata;Pi� di due carreggiate;Asciutto;Asfaltata;Verticale ed orizzontale;Sereno;Intenso;Buona;;1;0;0;1;12.4843;41.85;-1;1;Autovettura privata;In marcia / fermata / arresto;Conducente;M;Illeso;0;;Non accertato;
5902995;11;06/04/2022 18:45:00;Strada Urbana;VIA CRISTOFORO COLOMBO;all'intersezione semaforizzata con;VIA DI GROTTA PERFETTA;VIA DI GROTTA PERFETTA;;;Tamponamento;Intersezione semaforizzata;Pi� di due carreggiate;Asciutto;Asfaltata;Verticale ed orizzontale;Sereno;Intenso;Buona;;1;0;0;1;12.4843;41.85;-1;2;Motociclo a solo;In marcia / fermata / arresto;Conducente;M;Rimandato;0;NON DECEDUTO;Non accertato;
5903004;11;06/04/2022 23:40:00;Strada Urbana;VIALE DEL CARAVAGGIO;all'intersezione con;VIALE DI TOR MARANCIA;VIALE DI TOR MARANCIA;;;Scontro laterale fra veicoli in marcia;Incrocio;Due carreggiate;Bagnato (umidit� in atto);Asfaltata;Verticale ed orizzontale;Pioggia in atto;Scarso;Sufficiente;;0;0;0;3;12.4982;41.8517;-1;1;Autovettura privata;In marcia / fermata / arresto;Conducente;M;Illeso;0;;Non accertato;
5903004;11;06/04/2022 23:40:00;Strada Urbana;VIALE DEL CARAVAGGIO;all'intersezione con;VIALE DI TOR MARANCIA;VIALE DI TOR MARANCIA;;;Scontro laterale fra veicoli in marcia;Incrocio;Due carreggiate;Bagnato (umidit� in atto);Asfaltata;Verticale ed orizzontale;Pioggia in atto;Scarso;Sufficiente;;0;0;0;3;12.4982;41.8517;-1;2;Autovettura di polizia;In marcia / fermata / arresto;Conducente;F;Illeso;0;;Non accertato;
5903004;11;06/04/2022 23:40:00;Strada Urbana;VIALE DEL CARAVAGGIO;all'intersezione con;VIALE DI TOR MARANCIA;VIALE DI TOR MARANCIA;;;Scontro laterale fra veicoli in marcia;Incrocio;Due carreggiate;Bagnato (umidit� in atto);Asfaltata;Verticale ed orizzontale;Pioggia in atto;Scarso;Sufficiente;;0;0;0;3;12.4982;41.8517;-1;2;Autovettura di polizia;In marcia / fermata / arresto;Passeggero;M;Illeso;0;;Non accertato;
5903055;5;06/04/2022 09:50:00;Strada Urbana;VIALE GIUSEPPE CAPPI;all'intersezione con;VIA BELMONTE IN SABINA;VIA BELMONTE IN SABINA;;;Scontro frontale/laterale SX fra veicoli in marcia;Incrocio;Due carreggiate;Asciutto;Asfaltata;Verticale ed orizzontale;Sereno;Normale;Buona;;0;0;0;2;12.5885;41.9453;-1;1;Motociclo a solo;In marcia / fermata / arresto;Conducente;M;Illeso;0;;Non accertato;
5903055;5;06/04/2022 09:50:00;Strada Urbana;VIALE GIUSEPPE CAPPI;all'intersezione con;VIA BELMONTE IN SABINA;VIA BELMONTE IN SABINA;;;Scontro frontale/laterale SX fra veicoli in marcia;Incrocio;Due carreggiate;Asciutto;Asfaltata;Verticale ed orizzontale;Sereno;Normale;Buona;;0;0;0;2;12.5885;41.9453;-1;2;Autovettura privata;In marcia / fermata / arresto;Conducente;M;Illeso;0;;Non accertato;
5903066;15;06/04/2022 21:20:00;Strada Urbana;VIA DEGLI IRLANDESI;in corrispondenza;;del civico n.;9;;Veicolo in marcia contro veicoli in sosta;Rettilineo;Una carreggiata a senso unico di marcia;Bagnato (pioggia);Asfaltata;Verticale;Nuvoloso;Normale;Sufficiente;;0;0;0;1;12.4504;41.8581;-1;1;Autovettura privata;Sosta;;;;;;;
5903066;15;06/04/2022 21:20:00;Strada Urbana;VIA DEGLI IRLANDESI;in corrispondenza;;del civico n.;9;;Veicolo in marcia contro veicoli in sosta;Rettilineo;Una carreggiata a senso unico di marcia;Bagnato (pioggia);Asfaltata;Verticale;Nuvoloso;Normale;Sufficiente;;0;0;0;1;12.4504;41.8581;-1;2;Autovettura privata;Sosta;;;;;;;
5903066;15;06/04/2022 21:20:00;Strada Urbana;VIA DEGLI IRLANDESI;in corrispondenza;;del civico n.;9;;Veicolo in marcia contro veicoli in sosta;Rettilineo;Una carreggiata a senso unico di marcia;Bagnato (pioggia);Asfaltata;Verticale;Nuvoloso;Normale;Sufficiente;;0;0;0;1;12.4504;41.8581;-1;3;Autovettura privata;In marcia / fermata / arresto;Conducente;M;Illeso;0;;;
5903077;20;06/04/2022 18:00:00;Strada Urbana;VIA RIANO;in corrispondenza;;del civico n.;38;;Veicolo in marcia contro veicolo in sosta;Rettilineo;Una carreggiata a senso unico di marcia;Asciutto;Asfaltata;Orizzontale;Sereno;Normale;Buona;;0;0;0;1;12.4697;41.9378;-1;1;Autovettura privata;In marcia / fermata / arresto;Conducente;M;Illeso;0;;;
5903077;20;06/04/2022 18:00:00;Strada Urbana;VIA RIANO;in corrispondenza;;del civico n.;38;;Veicolo in marcia contro veicolo in sosta;Rettilineo;Una carreggiata a senso unico di marcia;Asciutto;Asfaltata;Orizzontale;Sereno;Normale;Buona;;0;0;0;1;12.4697;41.9378;-1;2;Autovettura privata;Sosta;;;;;;;
5903106;18;06/04/2022 13:20:00;Strada Urbana;CIRCONVALLAZIONE CORNELIA;in prossimit�;;del civico n.;25;;Veicolo in marcia contro ostacolo accidentale;Rettilineo;Due carreggiate;Bagnato (pioggia);Asfaltata;Verticale ed orizzontale;Pioggia in atto;Normale;Buona;;1;0;0;0;12.4265;41.8997;-1;1;Motociclo a solo;In marcia / fermata / arresto;Conducente;M;Rimandato;0;NON DECEDUTO;Non accertato;
5903119;1;06/04/2022 16:00:00;Strada Urbana;PIAZZA DI S. CLEMENTE;in prossimit�;;del civico n.;10;;Scontro laterale fra veicoli in marcia;Rettilineo;Una carreggiata a senso unico di marcia;Asciutto;In cubetti di porfido;Verticale ed orizzontale;Nuvoloso;Normale;Buona;;0;0;0;2;12.4982;41.8891;-1;1;Autovettura privata;In marcia / fermata / arresto;Conducente;F;Illeso;0;;Non accertato;Inesploso
5903119;1;06/04/2022 16:00:00;Strada Urbana;PIAZZA DI S. CLEMENTE;in prossimit�;;del civico n.;10;;Scontro laterale fra veicoli in marcia;Rettilineo;Una carreggiata a senso unico di marcia;Asciutto;In cubetti di porfido;Verticale ed orizzontale;Nuvoloso;Normale;Buona;;0;0;0;2;12.4982;41.8891;-1;2;Autocarro inferiore 35 q.;In marcia / fermata / arresto;Conducente;M;Illeso;0;;Non accertato;Inesploso
5903125;20;06/04/2022 20:15:00;Strada Urbana;VIA CASSIA;in corrispondenza;;del civico n.;472;;Tamponamento;Rettilineo;Una carreggiata a doppio senso;Asciutto;Asfaltata;Orizzontale;Nuvoloso;Normale;Insufficiente;;1;0;0;1;12.4556;41.9578;-1;1;Motociclo a solo;In marcia / fermata / arresto;Conducente;M;Rimandato;0;NON DECEDUTO;;
5903125;20;06/04/2022 20:15:00;Strada Urbana;VIA CASSIA;in corrispondenza;;del civico n.;472;;Tamponamento;Rettilineo;Una carreggiata a doppio senso;Asciutto;Asfaltata;Orizzontale;Nuvoloso;Normale;Insufficiente;;1;0;0;1;12.4556;41.9578;-1;2;Autovettura privata;In marcia / fermata / arresto;Conducente;M;Illeso;0;;;
5903136;6;07/04/2022 02:45:00;Strada Urbana;VIA CASILINA;in prossimit�;;del civico n.;229;;Veicolo in marcia contro ostacolo fisso;Rettilineo;Due carreggiate;Bagnato (pioggia);Asfaltata;Verticale ed orizzontale;Pioggia in atto;Scarso;Sufficiente;;0;0;0;1;12.5278;41.8863;-1;1;Autovettura privata;In marcia / fermata / arresto;Conducente;F;Illeso;0;;Non accertato;Esploso
5903152;19;06/04/2022 13:50:00;Strada Urbana;VIA DEL MONTE DELLA CAPANNA;in prossimit�;;del civico n.;147;;Scontro laterale fra veicoli in marcia;Rettilineo;Una carreggiata a doppio senso;Bagnato (pioggia);Asfaltata;Orizzontale;Pioggia in atto;Normale;Buona;;1;0;0;1;12.3984;41.923;-1;1;Autovettura privata;In marcia / fermata / arresto;Conducente;F;Illeso;0;;Non accertato;Inesploso
5903152;19;06/04/2022 13:50:00;Strada Urbana;VIA DEL MONTE DELLA CAPANNA;in prossimit�;;del civico n.;147;;Scontro laterale fra veicoli in marcia;Rettilineo;Una carreggiata a doppio senso;Bagnato (pioggia);Asfaltata;Orizzontale;Pioggia in atto;Normale;Buona;;1;0;0;1;12.3984;41.923;-1;2;Motociclo a solo;In marcia / fermata / arresto;Conducente;M;Rimandato;0;NON DECEDUTO;Non accertato;
5903170;5;06/04/2022 12:40:00;Strada Urbana;VIALE DELLA SERENISSIMA;da specificare;;;;dir. Andriulli pross. A24;Tamponamento;Rettilineo;Due carreggiate;Bagnato (pioggia);Asfaltata;Orizzontale;Nuvoloso;Normale;Buona;;2;0;0;0;12.5578;41.9026;-1;1;Motociclo a solo;In marcia / fermata / arresto;Conducente;M;Rimandato;0;NON DECEDUTO;Non accertato;
5903170;5;06/04/2022 12:40:00;Strada Urbana;VIALE DELLA SERENISSIMA;da specificare;;;;dir. Andriulli pross. A24;Tamponamento;Rettilineo;Due carreggiate;Bagnato (pioggia);Asfaltata;Orizzontale;Nuvoloso;Normale;Buona;;2;0;0;0;12.5578;41.9026;-1;2;Autovettura privata;In marcia / fermata / arresto;Conducente;M;Rimandato;0;NON DECEDUTO;Non accertato;Inesploso
5903181;20;07/04/2022 02:30:00;Strada Urbana;CORSO DI FRANCIA;all'intersezione semaforizzata con;VIA FLAMINIA NUOVA;VIA FLAMINIA NUOVA;;;Tamponamento;Intersezione semaforizzata;Due carreggiate;Bagnato (pioggia);Asfaltata;Verticale ed orizzontale;Pioggia in atto;Scarso;Sufficiente;;2;0;0;0;12.4717;41.9367;-1;1;Autovettura privata;In marcia / fermata / arresto;Conducente;F;Rimandato;0;NON DECEDUTO;;
5903181;20;07/04/2022 02:30:00;Strada Urbana;CORSO DI FRANCIA;all'intersezione semaforizzata con;VIA FLAMINIA NUOVA;VIA FLAMINIA NUOVA;;;Tamponamento;Intersezione semaforizzata;Due carreggiate;Bagnato (pioggia);Asfaltata;Verticale ed orizzontale;Pioggia in atto;Scarso;Sufficiente;;2;0;0;0;12.4717;41.9367;-1;2;Autovettura privata;In marcia / fermata / arresto;Conducente;M;Rimandato;0;NON DECEDUTO;;
5903191;19;06/04/2022 17:20:00;Strada Urbana;VIA TORRESINA;all'intersezione con;VIA VILLA SAN SECONDO;VIA VILLA SAN SECONDO;;;Scontro laterale fra veicoli in marcia;Intersezione non regolata/non segnalata;Una carreggiata a doppio senso;Bagnato (umidit� in atto);Asfaltata;Verticale ed orizzontale;Nuvoloso;Normale;Buona;;1;0;0;1;12.4043;41.927;-1;1;Autovettura privata;In marcia / fermata / arresto;Conducente;F;Illeso;0;;Non accertato;Inesploso
5903191;19;06/04/2022 17:20:00;Strada Urbana;VIA TORRESINA;all'intersezione con;VIA VILLA SAN SECONDO;VIA VILLA SAN SECONDO;;;Scontro laterale fra veicoli in marcia;Intersezione non regolata/non segnalata;Una carreggiata a doppio senso;Bagnato (umidit� in atto);Asfaltata;Verticale ed orizzontale;Nuvoloso;Normale;Buona;;1;0;0;1;12.4043;41.927;-1;2;Motociclo a solo;In marcia / fermata / arresto;Conducente;M;Rimandato;0;NON DECEDUTO;Non accertato;
5903208;12;06/04/2022 18:45:00;Strada Urbana;VIA MARIO RIGAMONTI;in prossimit�;;del civico n.;100;;Veicolo in marcia contro veicolo in sosta;Rettilineo;Una carreggiata a doppio senso;Asciutto;Asfaltata;Verticale ed orizzontale;Sereno;Scarso;Buona;;0;0;0;4;12.5036;41.8369;-1;1;Autovettura di polizia;Sosta;Passeggero;M;Illeso;0;;Utilizzato;
5903208;12;06/04/2022 18:45:00;Strada Urbana;VIA MARIO RIGAMONTI;in prossimit�;;del civico n.;100;;Veicolo in marcia contro veicolo in sosta;Rettilineo;Una carreggiata a doppio senso;Asciutto;Asfaltata;Verticale ed orizzontale;Sereno;Scarso;Buona;;0;0;0;4;12.5036;41.8369;-1;2;Autovettura privata;In marcia / fermata / arresto;Conducente;M;Illeso;0;;Non accertato;Inesploso
5903208;12;06/04/2022 18:45:00;Strada Urbana;VIA MARIO RIGAMONTI;in prossimit�;;del civico n.;100;;Veicolo in marcia contro veicolo in sosta;Rettilineo;Una carreggiata a doppio senso;Asciutto;Asfaltata;Verticale ed orizzontale;Sereno;Scarso;Buona;;0;0;0;4;12.5036;41.8369;-1;2;Autovettura privata;In marcia / fermata / arresto;Passeggero;F;Illeso;0;;Utilizzato;
5903208;12;06/04/2022 18:45:00;Strada Urbana;VIA MARIO RIGAMONTI;in prossimit�;;del civico n.;100;;Veicolo in marcia contro veicolo in sosta;Rettilineo;Una carreggiata a doppio senso;Asciutto;Asfaltata;Verticale ed orizzontale;Sereno;Scarso;Buona;;0;0;0;4;12.5036;41.8369;-1;2;Autovettura privata;In marcia / fermata / arresto;Passeggero;F;Illeso;0;;Non accertato;