Protocollo;Gruppo;DataOraIncidente;Localizzazione1;STRADA1;Localizzazione2;STRADA2;Strada02;Chilometrica;DaSpecificare;NaturaIncidente;particolaritastrade;TipoStrada;FondoStradale;Pavimentazione;Segnaletica;CondizioneAtmosferica;Traffico;Visibilita;Illuminazione;NUM_FERITI;NUM_RISERVATA;NUM_MORTI;NUM_ILLESI;Longitude;Latitude;Confermato;Progressivo;TipoVeicolo;StatoVeicolo;TipoPersona;Sesso;Tipolesione;Deceduto;DecedutoDopo;CinturaCascoUtilizzato;Airbag;
5903485;2;06/04/2022 16:30:00;Strada Urbana;VIA TAGLIAMENTO;in corrispondenza;;del civico n.;43;;Scontro laterale fra veicoli in marcia;Rettilineo;Una carreggiata a doppio senso;Asciutto;Asfaltata;Verticale ed orizzontale;Nuvoloso;Normale;Buona;;0;0;0;3;12.5034;41.9203;-1;2;Autovettura privata;In marcia / fermata / arresto;Passeggero;F;Illeso;0;;;
5903492;2;06/04/2022 09:45:00;Strada Urbana;VIALE GIOACCHINO ROSSINI;da specificare;;;;fronte civico 12;Scontro laterale fra veicoli in marcia;Rettilineo;Una carreggiata a doppio senso;Asciutto;Asfaltata;Verticale ed orizzontale;Nuvoloso;Normale;Buona;;1;0;0;1;12.4917;41.9207;-1;1;Autocarro superiore 35 q.;In marcia / fermata / arresto;Conducente;M;Illeso;0;;Non accertato;Inesploso
5903492;2;06/04/2022 09:45:00;Strada Urbana;VIALE GIOACCHINO ROSSINI;da specificare;;;;fronte civico 12;Scontro laterale fra veicoli in marcia;Rettilineo;Una carreggiata a doppio senso;Asciutto;Asfaltata;Verticale ed orizzontale;Nuvoloso;Normale;Buona;;1;0;0;1;12.4917;41.9207;-1;2;Motociclo a solo;In marcia / fermata / arresto;Conducente;M;Ricoverato;0;NON DECEDUTO;;
5903499;2;06/04/2022 09:00:00;Strada Urbana;VIALE GORIZIA;all'intersezione con;VIA AQUILEIA;VIA AQUILEIA;;;Ribaltamento senza urto contro ostacolo fisso;Incrocio;Due carreggiate;Asciutto;Asfaltata;Verticale ed orizzontale;Nuvoloso;Normale;Buona;;1;0;0;3;12.5129;41.9193;-1;1;Motociclo a solo;In marcia / fermata / arresto;Conducente;M;Rimandato;0;NON DECEDUTO;;
5903499;2;06/04/2022 09:00:00;Strada Urbana;VIALE GORIZIA;all'intersezione con;VIA AQUILEIA;VIA AQUILEIA;;;Ribaltamento senza urto contro ostacolo fisso;Incrocio;Due carreggiate;Asciutto;Asfaltata;Verticale ed orizzontale;Nuvoloso;Normale;Buona;;1;0;0;3;12.5129;41.9193;-1;2;Autovettura privata;In marcia / fermata / arresto;Conducente;F;Illeso;0;;;
5903499;2;06/04/2022 09:00:00;Strada Urbana;VIALE GORIZIA;all'intersezione con;VIA AQUILEIA;VIA AQUILEIA;;;Ribaltamento senza urto contro ostacolo fisso;Incrocio;Due carreggiate;Asciutto;Asfaltata;Verticale ed orizzontale;Nuvoloso;Normale;Buona;;1;0;0;3;12.5129;41.9193;-1;2;Autovettura privata;In marcia / fermata / arresto;Passeggero;M;Illeso;0;;;
5903499;2;06/04/2022 09:00:00;Strada Urbana;VIALE GORIZIA;all'intersezione con;VIA AQUILEIA;VIA AQUILEIA;;;Ribaltamento senza urto contro ostacolo fisso;Incrocio;Due carreggiate;Asciutto;Asfaltata;Verticale ed orizzontale;Nuvoloso;Normale;Buona;;1;0;0;3;12.5129;41.9193;-1;2;Autovettura privata;In marcia / fermata / arresto;Passeggero;F;Illeso;0;;;
5903506;2;07/04/2022 00:30:00;Strada Urbana;VIALE ETIOPIA;all'intersezione con;VIA ADUA;VIA ADUA;;;Scontro frontale/laterale DX fra veicoli in marcia;Incrocio;Due carreggiate;Bagnato (pioggia);Asfaltata;Verticale ed orizzontale;Nebbia;Scarso;Buona;;0;0;0;1;12.5235;41.9315;-1;1;Autovettura privata;In marcia / fermata / arresto;Conducente;M;Illeso;0;;;
5903506;2;07/04/2022 00:30:00;Strada Urbana;VIALE ETIOPIA;all'intersezione con;VIA ADUA;VIA ADUA;;;Scontro frontale/laterale DX fra veicoli in marcia;Incrocio;Due carreggiate;Bagnato (pioggia);Asfaltata;Verticale ed orizzontale;Nebbia;Scarso;Buona;;0;0;0;1;12.5235;41.9315;-1;2;Autovettura privata;In marcia / fermata / arresto;;;;;;;
5903511;2;06/04/2022 19:05:00;Strada Urbana;VIA FILIPPO MARCHETTI;all'intersezione con;VIALE ARRIGO BOITO;VIALE ARRIGO BOITO;;;Scontro frontale/laterale SX fra veicoli in marcia;Incrocio;Una carreggiata a senso unico di marcia;Asciutto;Asfaltata;Verticale ed orizzontale;Nuvoloso;Normale;Buona;;1;0;0;2;12.5163;41.9368;-1;1;Autovettura privata;In marcia / fermata / arresto;Conducente;M;Illeso;0;;;
5903511;2;06/04/2022 19:05:00;Strada Urbana;VIA FILIPPO MARCHETTI;all'intersezione con;VIALE ARRIGO BOITO;VIALE ARRIGO BOITO;;;Scontro frontale/laterale SX fra veicoli in marcia;Incrocio;Una carreggiata a senso unico di marcia;Asciutto;Asfaltata;Verticale ed orizzontale;Nuvoloso;Normale;Buona;;1;0;0;2;12.5163;41.9368;-1;1;Autovettura privata;In marcia / fermata / arresto;Passeggero;M;Illeso;0;;;
5903511;2;06/04/2022 19:05:00;Strada Urbana;VIA FILIPPO MARCHETTI;all'intersezione con;VIALE ARRIGO BOITO;VIALE ARRIGO BOITO;;;Scontro frontale/laterale SX fra veicoli in marcia;Incrocio;Una carreggiata a senso unico di marcia;Asciutto;Asfaltata;Verticale ed orizzontale;Nuvoloso;Normale;Buona;;1;0;0;2;12.5163;41.9368;-1;2;Autovettura privata;In marcia / fermata / arresto;Conducente;M;Rimandato;0;NON DECEDUTO;;
5903515;4;06/04/2022 09:10:00;Provinciale entro l'abitato;VIA NOMENTANA;all'intersezione con;VIALE SORA LELLA;VIALE SORA LELLA;;;Scontro laterale fra veicoli in marcia;Intersezione semaforizzata;Due carreggiate;Asciutto;Asfaltata;Verticale ed orizzontale;Sereno;Normale;Buona;;0;0;0;2;12.5737;41.959;-1;1;Autoarticolato;In marcia / fermata / arresto;Conducente;M;Illeso;0;;;
5903515;4;06/04/2022 09:10:00;Provinciale entro l'abitato;VIA NOMENTANA;all'intersezione con;VIALE SORA LELLA;VIALE SORA LELLA;;;Scontro laterale fra veicoli in marcia;Intersezione semaforizzata;Due carreggiate;Asciutto;Asfaltata;Verticale ed orizzontale;Sereno;Normale;Buona;;0;0;0;2;12.5737;41.959;-1;2;Autovettura privata;In marcia / fermata / arresto;Conducente;M;Illeso;0;;;
5903518;4;06/04/2022 20:09:00;Strada Urbana;VIA DI TOR S. GIOVANNI;all'intersezione con;VIA NATALINO SAPEGNO;VIA NATALINO SAPEGNO;;;Scontro frontale/laterale DX fra veicoli in marcia;Incrocio;Una carreggiata a doppio senso;Bagnato (pioggia);Asfaltata;Verticale ed orizzontale;Pioggia in atto;Scarso;Sufficiente;;0;0;0;3;12.5718;41.9866;-1;1;Autovettura privata;In marcia / fermata / arresto;Conducente;M;Illeso;0;;;
5903518;4;06/04/2022 20:09:00;Strada Urbana;VIA DI TOR S. GIOVANNI;all'intersezione con;VIA NATALINO SAPEGNO;VIA NATALINO SAPEGNO;;;Scontro frontale/laterale DX fra veicoli in marcia;Incrocio;Una carreggiata a doppio senso;Bagnato (pioggia);Asfaltata;Verticale ed orizzontale;Pioggia in atto;Scarso;Sufficiente;;0;0;0;3;12.5718;41.9866;-1;1;Autovettura privata;In marcia / fermata / arresto;Passeggero;F;Illeso;0;;;
5903518;4;06/04/2022 20:09:00;Strada Urbana;VIA DI TOR S. GIOVANNI;all'intersezione con;VIA NATALINO SAPEGNO;VIA NATALINO SAPEGNO;;;Scontro frontale/laterale DX fra veicoli in marcia;Incrocio;Una carreggiata a doppio senso;Bagnato (pioggia);Asfaltata;Verticale ed orizzontale;Pioggia in atto;Scarso;Sufficiente;;0;0;0;3;12.5718;41.9866;-1;2;Autovettura privata;In marcia / fermata / arresto;Conducente;M;Illeso;0;;;
5903552;4;06/04/2022 12:45:00;Strada Urbana;VIA ADOLFO ALBERTAZZI;in corrispondenza;;del civico n.;5-5/A;;Scontro laterale fra veicoli in marcia;Rettilineo;Una carreggiata a senso unico di marcia;Bagnato (pioggia);Asfaltata;Verticale ed orizzontale;Pioggia in atto;Normale;Buona;;1;0;0;1;12.5423;41.9507;-1;1;Autocarro inferiore 35 q.;In marcia / fermata / arresto;Conducente;M;Illeso;0;;Non accertato;Inesploso
5903552;4;06/04/2022 12:45:00;Strada Urbana;VIA ADOLFO ALBERTAZZI;in corrispondenza;;del civico n.;5-5/A;;Scontro laterale fra veicoli in marcia;Rettilineo;Una carreggiata a senso unico di marcia;Bagnato (pioggia);Asfaltata;Verticale ed orizzontale;Pioggia in atto;Normale;Buona;;1;0;0;1;12.5423;41.9507;-1;2;Motociclo a solo;In marcia / fermata / arresto;Conducente;M;Rimandato;0;NON DECEDUTO;Non accertato;
5903613;6;06/04/2022 16:20:00;Strada Urbana;VIA L'AQUILA;da specificare;;;;f.c. 38;Scontro frontale fra veicoli in marcia;Rettilineo;Una carreggiata a doppio senso;Bagnato (pioggia);Asfaltata;Orizzontale;Nuvoloso;Intenso;Buona;;1;0;0;1;12.5246;41.8904;-1;1;Motociclo a solo;In marcia / fermata / arresto;Conducente;M;Illeso;0;;Non accertato;
5903613;6;06/04/2022 16:20:00;Strada Urbana;VIA L'AQUILA;da specificare;;;;f.c. 38;Scontro frontale fra veicoli in marcia;Rettilineo;Una carreggiata a doppio senso;Bagnato (pioggia);Asfaltata;Orizzontale;Nuvoloso;Intenso;Buona;;1;0;0;1;12.5246;41.8904;-1;2;Motociclo a solo;In marcia / fermata / arresto;Conducente;M;Rimandato;0;NON DECEDUTO;Non accertato;
5903630;17;06/04/2022 18:30:00;Strada Urbana;VIA MARCANTONIO BRAGADIN;in corrispondenza;;del civico n.;72;;Infortunio per sola frenata improvvisa;Rettilineo;Una carreggiata a senso unico alternato;Bagnato (pioggia);Asfaltata;Verticale ed orizzontale;Nuvoloso;Normale;Buona;;1;0;0;0;12.4458;41.9065;-1;1;Motociclo a solo;In marcia / fermata / arresto;Conducente;M;Rimandato;0;NON DECEDUTO;;
5903656;4;06/04/2022 09:40:00;Provinciale;VIA NOMENTANA;all'intersezione semaforizzata con;VIA DANTE DA MAIANO;VIA DANTE DA MAIANO;;;Scontro frontale/laterale SX fra veicoli in marcia;Intersezione semaforizzata;Una carreggiata a doppio senso;Asciutto;Asfaltata;Verticale ed orizzontale;Nuvoloso;Normale;Buona;;2;0;0;1;12.5737;41.959;-1;1;Autocarro inferiore 35 q.;In marcia / fermata / arresto;Conducente;M;Rimandato;0;NON DECEDUTO;Non accertato;Inesploso
5903656;4;06/04/2022 09:40:00;Provinciale;VIA NOMENTANA;all'intersezione semaforizzata con;VIA DANTE DA MAIANO;VIA DANTE DA MAIANO;;;Scontro frontale/laterale SX fra veicoli in marcia;Intersezione semaforizzata;Una carreggiata a doppio senso;Asciutto;Asfaltata;Verticale ed orizzontale;Nuvoloso;Normale;Buona;;2;0;0;1;12.5737;41.959;-1;1;Autocarro inferiore 35 q.;In marcia / fermata / arresto;Passeggero;M;Illeso;0;;Non accertato;
5903656;4;06/04/2022 09:40:00;Provinciale;VIA NOMENTANA;all'intersezione semaforizzata con;VIA DANTE DA MAIANO;VIA DANTE DA MAIANO;;;Scontro frontale/laterale SX fra veicoli in marcia;Intersezione semaforizzata;Una carreggiata a doppio senso;Asciutto;Asfaltata;Verticale ed orizzontale;Nuvoloso;Normale;Buona;;2;0;0;1;12.5737;41.959;-1;2;Motociclo a solo;In marcia / fermata / arresto;Conducente;M;Rimandato;0;NON DECEDUTO;Non accertato;
5903696;1;07/04/2022 07:50:00;Strada Urbana;PIAZZA DI S. GIOVANNI IN LATERANO;in corrispondenza;;del civico n.;68;;Tamponamento;Rettilineo;Una carreggiata a doppio senso;Bagnato (umidit� in atto);Asfaltata;Verticale ed orizzontale;Sereno;Normale;Buona;;0;0;0;4;12.5042;41.8872;-1;1;Autovettura privata;In marcia / fermata / arresto;Conducente;F;Illeso;0;;;
5903696;1;07/04/2022 07:50:00;Strada Urbana;PIAZZA DI S. GIOVANNI IN LATERANO;in corrispondenza;;del civico n.;68;;Tamponamento;Rettilineo;Una carreggiata a doppio senso;Bagnato (umidit� in atto);Asfaltata;Verticale ed orizzontale;Sereno;Normale;Buona;;0;0;0;4;12.5042;41.8872;-1;1;Autovettura privata;In marcia / fermata / arresto;Passeggero;M;Illeso;0;;;
5903696;1;07/04/2022 07:50:00;Strada Urbana;PIAZZA DI S. GIOVANNI IN LATERANO;in corrispondenza;;del civico n.;68;;Tamponamento;Rettilineo;Una carreggiata a doppio senso;Bagnato (umidit� in atto);Asfaltata;Verticale ed orizzontale;Sereno;Normale;Buona;;0;0;0;4;12.5042;41.8872;-1;1;Autovettura privata;In marcia / fermata / arresto;Passeggero;M;Illeso;0;;Non accertato;Inesploso
5903696;1;07/04/2022 07:50:00;Strada Urbana;PIAZZA DI S. GIOVANNI IN LATERANO;in corrispondenza;;del civico n.;68;;Tamponamento;Rettilineo;Una carreggiata a doppio senso;Bagnato (umidit� in atto);Asfaltata;Verticale ed orizzontale;Sereno;Normale;Buona;;0;0;0;4;12.5042;41.8872;-1;2;Autovettura privata;In marcia / fermata / arresto;Conducente;M;Illeso;0;;Non accertato;Inesploso
5903714;12;07/04/2022 08:50:00;Strada Urbana;VIALE CITTA' D'EUROPA;all'intersezione con;VIA OSLO;VIA OSLO;;;Scontro frontale/laterale SX fra veicoli in marcia;Incrocio;Due carreggiate;Asciutto;Asfaltata;Verticale ed orizzontale;Nuvoloso;Normale;Buona;;0;0;0;3;12.4506;41.8224;-1;1;Autovettura privata;In marcia / fermata / arresto;Conducente;M;Illeso;0;;;
5903714;12;07/04/2022 08:50:00;Strada Urbana;VIALE CITTA' D'EUROPA;all'intersezione con;VIA OSLO;VIA OSLO;;;Scontro frontale/laterale SX fra veicoli in marcia;Incrocio;Due carreggiate;Asciutto;Asfaltata;Verticale ed orizzontale;Nuvoloso;Normale;Buona;;0;0;0;3;12.4506;41.8224;-1;2;Autovettura privata;In marcia / fermata / arresto;Conducente;M;Illeso;0;;;
5903714;12;07/04/2022 08:50:00;Strada Urbana;VIALE CITTA' D'EUROPA;all'intersezione con;VIA OSLO;VIA OSLO;;;Scontro frontale/laterale SX fra veicoli in marcia;Incrocio;Due carreggiate;Asciutto;Asfaltata;Verticale ed orizzontale;Nuvoloso;Normale;Buona;;0;0;0;3;12.4506;41.8224;-1;2;Autovettura privata;In marcia / fermata / arresto;Passeggero;F;Illeso;0;;;
5903740;9;07/04/2022 09:50:00;Strada Urbana;VIA LICIA;da specificare;;;;fronte civico 3;Scontro frontale/laterale SX fra veicoli in marcia;Rettilineo;Una carreggiata a doppio senso;Asciutto;Asfaltata;Verticale ed orizzontale;Nuvoloso;Normale;Buona;;0;0;0;2;12.5031;41.88;-1;1;Autovettura privata;In marcia / fermata / arresto;Conducente;M;Illeso;0;;Non accertato;Inesploso
5903740;9;07/04/2022 09:50:00;Strada Urbana;VIA LICIA;da specificare;;;;fronte civico 3;Scontro frontale/laterale SX fra veicoli in marcia;Rettilineo;Una carreggiata a doppio senso;Asciutto;Asfaltata;Verticale ed orizzontale;Nuvoloso;Normale;Buona;;0;0;0;2;12.5031;41.88;-1;2;Autovettura privata;In marcia / fermata / arresto;Conducente;F;Illeso;0;;Non accertato;Inesploso
5903742;6;07/04/2022 10:00:00;Strada Urbana;VIA GALEAZZO ALESSI;all'intersezione con;VIA DI VILLA CERTOSA;VIA DI VILLA CERTOSA;;;Investimento di pedone;Incrocio;Una carreggiata a senso unico di marcia;Asciutto;Asfaltata;Verticale ed orizzontale;Sereno;Scarso;Buona;;1;0;0;1;12.5365;41.8796;-1;;;;Pedone;M;Rimandato;0;NON DECEDUTO;;
5903742;6;07/04/2022 10:00:00;Strada Urbana;VIA GALEAZZO ALESSI;all'intersezione con;VIA DI VILLA CERTOSA;VIA DI VILLA CERTOSA;;;Investimento di pedone;Incrocio;Una carreggiata a senso unico di marcia;Asciutto;Asfaltata;Verticale ed orizzontale;Sereno;Scarso;Buona;;1;0;0;1;12.5365;41.8796;-1;1;Autovettura privata;In marcia / fermata / arresto;Conducente;M;Illeso;0;;;
5903743;3;06/04/2022 10:00:00;Strada Urbana;VIALE REGINA MARGHERITA;in corrispondenza;;del civico n.;286;;Scontro frontale/laterale DX fra veicoli in marcia;Rettilineo;Pi� di due carreggiate;Asciutto;Asfaltata;Verticale ed orizzontale;Nuvoloso;Normale;Buona;;1;0;0;1;12.5093;41.9104;-1;1;Autovettura privata;In marcia / fermata / arresto;Conducente;F;Illeso;0;;;
5903743;3;06/04/2022 10:00:00;Strada Urbana;VIALE REGINA MARGHERITA;in corrispondenza;;del civico n.;286;;Scontro frontale/laterale DX fra veicoli in marcia;Rettilineo;Pi� di due carreggiate;Asciutto;Asfaltata;Verticale ed orizzontale;Nuvoloso;Normale;Buona;;1;0;0;1;12.5093;41.9104;-1;2;Motociclo a solo;In marcia / fermata / arresto;Conducente;M;Ricoverato;0;NON DECEDUTO;;
5903743;3;06/04/2022 10:00:00;Strada Urbana;VIALE REGINA MARGHERITA;in corrispondenza;;del civico n.;286;;Scontro frontale/laterale DX fra veicoli in marcia;Rettilineo;Pi� di due carreggiate;Asciutto;Asfaltata;Verticale ed orizzontale;Nuvoloso;Normale;Buona;;1;0;0;1;12.5093;41.9104;-1;3;Autovettura privata;Sosta;;;;;;;
5903761;4;05/04/2022 18:45:00;Provinciale entro l'abitato;VIA NOMENTANA;all'intersezione con;VIA VAL D'AOSTA;VIA VAL D'AOSTA;;;Infortunio per caduta del veicolo;Intersezione semaforizzata;Pi� di due carreggiate;Asciutto;Asfaltata;Verticale ed orizzontale;Sereno;Normale;Buona;;0;0;0;1;12.5737;41.959;-1;1;Motociclo a solo;In marcia / fermata / arresto;Conducente;M;Illeso;0;;;
5903766;12;06/04/2022 16:00:00;Strada Urbana;VIALE EUROPA;all'intersezione con;VIALE UMBERTO TUPINI;VIALE UMBERTO TUPINI;;;Scontro laterale fra veicoli in marcia;Intersezione stradale segnalata;Una carreggiata a doppio senso;Asciutto;Asfaltata;Verticale ed orizzontale;Sereno;Normale;Sufficiente;;0;0;0;2;12.4685;41.831;-1;1;Autobus di linea;In marcia / fermata / arresto;Conducente;M;Illeso;0;;;
5903766;12;06/04/2022 16:00:00;Strada Urbana;VIALE EUROPA;all'intersezione con;VIALE UMBERTO TUPINI;VIALE UMBERTO TUPINI;;;Scontro laterale fra veicoli in marcia;Intersezione stradale segnalata;Una carreggiata a doppio senso;Asciutto;Asfaltata;Verticale ed orizzontale;Sereno;Normale;Sufficiente;;0;0;0;2;12.4685;41.831;-1;2;Autovettura privata;In marcia / fermata / arresto;Conducente;F;Illeso;0;;;
5903872;12;07/04/2022 06:40:00;Strada Urbana;VIA OSTIENSE;in prossimit�;;del civico n.;801;;Veicolo in marcia contro ostacolo fisso;Rettilineo;Una carreggiata a doppio senso;Asciutto;Asfaltata;Verticale ed orizzontale;Sereno;Normale;Buona;;0;0;0;1;12.4634;41.8402;-1;1;Autovettura privata;In marcia / fermata / arresto;Conducente;F;Illeso;0;;;
5903876;16;06/04/2022 08:00:00;;VIA DI DONNA OLIMPIA;in prossimit�;;del civico n.;218;;Veicolo in marcia contro veicolo fermo;;;;;;;;;;0;0;0;1;12.4553;41.8745;0;1;Autovettura privata;In marcia / fermata / arresto;Conducente;M;Illeso;0;;;
5903876;16;06/04/2022 08:00:00;;VIA DI DONNA OLIMPIA;in prossimit�;;del civico n.;218;;Veicolo in marcia contro veicolo fermo;;;;;;;;;;0;0;0;1;12.4553;41.8745;0;2;Monopattino elettrico;In marcia / fermata / arresto;;;;;;;
5903911;1;07/04/2022 10:40:00;Strada Urbana;VIA DELL'ARCO DI S. CALISTO;in prossimit�;;del civico n.;48;;Veicolo in marcia contro ostacolo accidentale;Rettilineo;Una carreggiata a senso unico di marcia;Viscido da liquidi oleosi;In cubetti di porfido;Verticale ed orizzontale;Sereno;Normale;Buona;;1;0;0;0;12.4709;41.8891;-1;1;Motociclo a solo;In marcia / fermata / arresto;Conducente;M;Rifiuta cure immediate;0;NON DECEDUTO;;
5903953;1;07/04/2022 10:15:00;Strada Urbana;VIA DEL CORSO;in corrispondenza;;del civico n.;276;;Infortunio per sola frenata improvvisa;Rettilineo;Una carreggiata a doppio senso;Asciutto;Asfaltata;Verticale ed orizzontale;Sereno;Normale;Buona;;1;0;0;0;;;0;1;Motociclo a solo;In marcia / fermata / arresto;Conducente;M;Rimandato;0;NON DECEDUTO;;
5903990;6;07/04/2022 12:55:00;Strada Urbana;VIA DI TOR PIGNATTARA;in prossimit�;;del civico n.;221;;Scontro laterale fra veicoli in marcia;Rettilineo;Una carreggiata a doppio senso;Asciutto;Asfaltata;Verticale ed orizzontale;Nuvoloso;Normale;Buona;;1;0;0;1;12.5412;41.8743;-1;1;Motociclo a solo;In marcia / fermata / arresto;Conducente;M;Rifiuta cure immediate;0;NON DECEDUTO;Non accertato;
5903990;6;07/04/2022 12:55:00;Strada Urbana;VIA DI TOR PIGNATTARA;in prossimit�;;del civico n.;221;;Scontro laterale fra veicoli in marcia;Rettilineo;Una carreggiata a doppio senso;Asciutto;Asfaltata;Verticale ed orizzontale;Nuvoloso;Normale;Buona;;1;0;0;1;12.5412;41.8743;-1;2;Velocipede;In marcia / fermata / arresto;Conducente;M;Illeso;0;;Esente;
5904026;6;07/04/2022 10:00:00;Strada Urbana;VIA DEI GORDIANI;in corrispondenza;;del civico n.;6;;Tamponamento;Rettilineo;Una carreggiata a doppio senso;Asciutto;Asfaltata;Verticale ed orizzontale;Sereno;Scarso;Buona;;1;0;0;1;12.5531;41.8913;-1;1;Autovettura privata;In marcia / fermata / arresto;Conducente;F;Rifiuta cure immediate;0;NON DECEDUTO;;
5904026;6;07/04/2022 10:00:00;Strada Urbana;VIA DEI GORDIANI;in corrispondenza;;del civico n.;6;;Tamponamento;Rettilineo;Una carreggiata a doppio senso;Asciutto;Asfaltata;Verticale ed orizzontale;Sereno;Scarso;Buona;;1;0;0;1;12.5531;41.8913;-1;2;Autovettura privata;In marcia / fermata / arresto;Conducente;M;Illeso;0;;;
5904054;1;07/04/2022 14:25:00;Strada Urbana;VIA LUIGI PETROSELLI;in prossimit�;;del civico n.;47;;Tamponamento;Rettilineo;Una carreggiata a doppio senso;Asciutto;In cubetti di porfido;Verticale ed orizzontale;Sereno;Normale;Buona;;0;0;0;2;12.4811;41.8897;-1;1;Autovettura privata;In marcia / fermata / arresto;Conducente;M;Illeso;0;;;
5904054;1;07/04/2022 14:25:00;Strada Urbana;VIA LUIGI PETROSELLI;in prossimit�;;del civico n.;47;;Tamponamento;Rettilineo;Una carreggiata a doppio senso;Asciutto;In cubetti di porfido;Verticale ed orizzontale;Sereno;Normale;Buona;;0;0;0;2;12.4811;41.8897;-1;2;Autovettura privata;In marcia / fermata / arresto;Conducente;M;Illeso;0;;;
5904143;1;07/04/2022 14:14:00;Strada Urbana;VIA DI S. GIOVANNI IN LATERANO;da specificare;;;;fronte civico 77;Tamponamento;Rettilineo;Una carreggiata a senso unico di marcia;Asciutto;In cubetti di porfido;Verticale ed orizzontale;Nuvoloso;Normale;Buona;;1;0;0;0;12.4988;41.8887;-1;1;Autovettura privata;In marcia / fermata / arresto;Conducente;F;Rifiuta cure immediate;0;NON DECEDUTO;;
5904143;1;07/04/2022 14:14:00;Strada Urbana;VIA DI S. GIOVANNI IN LATERANO;da specificare;;;;fronte civico 77;Tamponamento;Rettilineo;Una carreggiata a senso unico di marcia;Asciutto;In cubetti di porfido;Verticale ed orizzontale;Nuvoloso;Normale;Buona;;1;0;0;0;12.4988;41.8887;-1;2;Autovettura privata;In marcia / fermata / arresto;;;;;;;
5904166;12;07/04/2022 14:30:00;Altra strada;VIA ARDEATINA;in prossimit�;;del civico n.;1432/c;;Scontro frontale/laterale DX fra veicoli in marcia;Rettilineo;Una carreggiata a doppio senso;Asciutto;Asfaltata;Assente;Sereno;Scarso;Buona;;0;0;0;2;12.5583;41.7646;-1;1;Autovettura privata;In marcia / fermata / arresto;Conducente;M;Illeso;0;;;
5904166;12;07/04/2022 14:30:00;Altra strada;VIA ARDEATINA;in prossimit�;;del civico n.;1432/c;;Scontro frontale/laterale DX fra veicoli in marcia;Rettilineo;Una carreggiata a doppio senso;Asciutto;Asfaltata;Assente;Sereno;Scarso;Buona;;0;0;0;2;12.5583;41.7646;-1;2;Autovettura privata;In marcia / fermata / arresto;Conducente;M;Illeso;0;;;
5904213;6;07/04/2022 14:30:00;Strada Urbana;VIA DI ACQUA BULLICANTE;all'intersezione con;LARGO PRENESTE;LARGO PRENESTE;;;Scontro laterale fra veicoli in marcia;Incrocio;Due carreggiate;Asciutto;Asfaltata;Verticale ed orizzontale;Nuvoloso;Normale;Buona;;0;0;0;2;12.5419;41.8927;-1;1;Autovettura privata;In marcia / fermata / arresto;Conducente;F;Illeso;0;;Non accertato;Inesploso
5904213;6;07/04/2022 14:30:00;Strada Urbana;VIA DI ACQUA BULLICANTE;all'intersezione con;LARGO PRENESTE;LARGO PRENESTE;;;Scontro laterale fra veicoli in marcia;Incrocio;Due carreggiate;Asciutto;Asfaltata;Verticale ed orizzontale;Nuvoloso;Normale;Buona;;0;0;0;2;12.5419;41.8927;-1;2;Motociclo a solo;In marcia / fermata / arresto;Conducente;M;Illeso;0;;Non accertato;
5904239;3;07/04/2022 08:30:00;Strada Urbana;VIALE REGINA ELENA;in prossimit�;;del civico n.;295;;Scontro laterale fra veicoli in marcia;Rettilineo;Una carreggiata a doppio senso;Asciutto;Asfaltata;Verticale ed orizzontale;Sereno;Normale;Buona;;0;0;0;2;12.5177;41.9051;-1;1;Autovettura privata;In marcia / fermata / arresto;Conducente;F;Illeso;0;;;
5904239;3;07/04/2022 08:30:00;Strada Urbana;VIALE REGINA ELENA;in prossimit�;;del civico n.;295;;Scontro laterale fra veicoli in marcia;Rettilineo;Una carreggiata a doppio senso;Asciutto;Asfaltata;Verticale ed orizzontale;Sereno;Normale;Buona;;0;0;0;2;12.5177;41.9051;-1;2;Motociclo a solo;In marcia / fermata / arresto;Conducente;M;Illeso;0;;;
5904252;3;05/04/2022 14:45:00;Strada Urbana;VIALE VENTUNO APRILE;all'intersezione con;VIA RIDOLFINO VENUTI;VIA RIDOLFINO VENUTI;;;Scontro frontale/laterale DX fra veicoli in marcia;Intersezione non regolata/non segnalata;Una carreggiata a doppio senso;Asciutto;Asfaltata;Verticale ed orizzontale;Sereno;Normale;Buona;;0;0;0;2;12.52;41.9177;-1;1;Autovettura privata;In marcia / fermata / arresto;Conducente;F;Illeso;0;;Non accertato;Inesploso
5904252;3;05/04/2022 14:45:00;Strada Urbana;VIALE VENTUNO APRILE;all'intersezione con;VIA RIDOLFINO VENUTI;VIA RIDOLFINO VENUTI;;;Scontro frontale/laterale DX fra veicoli in marcia;Intersezione non regolata/non segnalata;Una carreggiata a doppio senso;Asciutto;Asfaltata;Verticale ed orizzontale;Sereno;Normale;Buona;;0;0;0;2;12.52;41.9177;-1;2;Autobus di linea;In marcia / fermata / arresto;Conducente;M;Illeso;0;;Non accertato;Inesploso
5904356;7;07/04/2022 16:50:00;Strada Urbana;VIA DEI CICLAMINI;all'intersezione con;VIA FEDERICO DELPINO;VIA FEDERICO DELPINO;;;Scontro frontale/laterale DX fra veicoli in marcia;Incrocio;Una carreggiata a doppio senso;Asciutto;Asfaltata;Verticale ed orizzontale;Sereno;Normale;Buona;;1;0;0;2;12.5662;41.8917;-1;1;Autovettura privata;In marcia / fermata / arresto;Conducente;F;Illeso;0;;Non accertato;Inesploso