Protocollo;Gruppo;DataOraIncidente;Localizzazione1;STRADA1;Localizzazione2;STRADA2;Strada02;Chilometrica;DaSpecificare;NaturaIncidente;particolaritastrade;TipoStrada;FondoStradale;Pavimentazione;Segnaletica;CondizioneAtmosferica;Traffico;Visibilita;Illuminazione;NUM_FERITI;NUM_RISERVATA;NUM_MORTI;NUM_ILLESI;Longitude;Latitude;Confermato;Progressivo;TipoVeicolo;StatoVeicolo;TipoPersona;Sesso;Tipolesione;Deceduto;DecedutoDopo;CinturaCascoUtilizzato;Airbag;
5904356;7;07/04/2022 16:50:00;Strada Urbana;VIA DEI CICLAMINI;all'intersezione con;VIA FEDERICO DELPINO;VIA FEDERICO DELPINO;;;Scontro frontale/laterale DX fra veicoli in marcia;Incrocio;Una carreggiata a doppio senso;Asciutto;Asfaltata;Verticale ed orizzontale;Sereno;Normale;Buona;;1;0;0;2;12.5662;41.8917;-1;1;Autovettura privata;In marcia / fermata / arresto;Passeggero;M;Illeso;0;;Non accertato;Inesploso
5904356;7;07/04/2022 16:50:00;Strada Urbana;VIA DEI CICLAMINI;all'intersezione con;VIA FEDERICO DELPINO;VIA FEDERICO DELPINO;;;Scontro frontale/laterale DX fra veicoli in marcia;Incrocio;Una carreggiata a doppio senso;Asciutto;Asfaltata;Verticale ed orizzontale;Sereno;Normale;Buona;;1;0;0;2;12.5662;41.8917;-1;2;Motociclo a solo;In marcia / fermata / arresto;Conducente;M;Rimandato;0;NON DECEDUTO;Non accertato;
5904368;20;07/04/2022 17:30:00;Strada Urbana;CORSO DI FRANCIA;in corrispondenza;;del civico n.;147;;Veicolo in marcia contro ostacolo fisso;Rettilineo;Due carreggiate;Asciutto;Asfaltata;Orizzontale;Sereno;Normale;Buona;;0;0;1;0;12.4703;41.9422;-1;1;Motociclo a solo;In marcia / fermata / arresto;Conducente;M;Deceduto sul posto;-1;;Non accertato;
5904390;15;07/04/2022 13:20:00;Strada Urbana;VIA DELLA MAGLIANA NUOVA;da specificare;;;;fronte civico 310;Investimento di pedone;Rettilineo;Una carreggiata a doppio senso;Asciutto;Asfaltata;Verticale ed orizzontale;Sereno;Normale;Buona;;2;0;0;0;12.4567;41.8494;-1;;;;Pedone;F;Ricoverato;0;NON DECEDUTO;;
5904390;15;07/04/2022 13:20:00;Strada Urbana;VIA DELLA MAGLIANA NUOVA;da specificare;;;;fronte civico 310;Investimento di pedone;Rettilineo;Una carreggiata a doppio senso;Asciutto;Asfaltata;Verticale ed orizzontale;Sereno;Normale;Buona;;2;0;0;0;12.4567;41.8494;-1;1;Autovettura privata;In marcia / fermata / arresto;Conducente;F;Rimandato;0;NON DECEDUTO;Non accertato;Inesploso
5904390;15;07/04/2022 13:20:00;Strada Urbana;VIA DELLA MAGLIANA NUOVA;da specificare;;;;fronte civico 310;Investimento di pedone;Rettilineo;Una carreggiata a doppio senso;Asciutto;Asfaltata;Verticale ed orizzontale;Sereno;Normale;Buona;;2;0;0;0;12.4567;41.8494;-1;2;Autovettura privata;Sosta;;;;;;;
5904390;15;07/04/2022 13:20:00;Strada Urbana;VIA DELLA MAGLIANA NUOVA;da specificare;;;;fronte civico 310;Investimento di pedone;Rettilineo;Una carreggiata a doppio senso;Asciutto;Asfaltata;Verticale ed orizzontale;Sereno;Normale;Buona;;2;0;0;0;12.4567;41.8494;-1;3;Autovettura privata;Sosta;;;;;;;
5904399;9;07/04/2022 15:40:00;Strada Urbana;PIAZZA ARMENIA;da specificare;;;;fronte civico 12;Scontro laterale fra veicoli in marcia;Rettilineo;Due carreggiate;Asciutto;Asfaltata;Verticale ed orizzontale;Sereno;Normale;Buona;;0;0;0;3;12.5085;41.8784;-1;1;Trattore stradale;In marcia / fermata / arresto;Conducente;M;Illeso;0;;Non accertato;Inesploso
5904399;9;07/04/2022 15:40:00;Strada Urbana;PIAZZA ARMENIA;da specificare;;;;fronte civico 12;Scontro laterale fra veicoli in marcia;Rettilineo;Due carreggiate;Asciutto;Asfaltata;Verticale ed orizzontale;Sereno;Normale;Buona;;0;0;0;3;12.5085;41.8784;-1;1;Trattore stradale;In marcia / fermata / arresto;Passeggero;M;Illeso;0;;Non accertato;Inesploso
5904399;9;07/04/2022 15:40:00;Strada Urbana;PIAZZA ARMENIA;da specificare;;;;fronte civico 12;Scontro laterale fra veicoli in marcia;Rettilineo;Due carreggiate;Asciutto;Asfaltata;Verticale ed orizzontale;Sereno;Normale;Buona;;0;0;0;3;12.5085;41.8784;-1;2;Autovettura privata;In marcia / fermata / arresto;Conducente;M;Illeso;0;;Non accertato;Inesploso
5904431;9;07/04/2022 17:10:00;Strada Urbana;PIAZZA DEI RE DI ROMA;in prossimit�;;del civico n.;45;;Investimento di pedone;Rotatoria;Una carreggiata a senso unico di marcia;Asciutto;Asfaltata;Verticale ed orizzontale;Sereno;Intenso;Sufficiente;;1;0;0;2;12.5137;41.8825;-1;;;;Pedone;M;Rimandato;0;NON DECEDUTO;;
5904431;9;07/04/2022 17:10:00;Strada Urbana;PIAZZA DEI RE DI ROMA;in prossimit�;;del civico n.;45;;Investimento di pedone;Rotatoria;Una carreggiata a senso unico di marcia;Asciutto;Asfaltata;Verticale ed orizzontale;Sereno;Intenso;Sufficiente;;1;0;0;2;12.5137;41.8825;-1;1;Autovettura privata;In marcia / fermata / arresto;Conducente;M;Illeso;0;;Non accertato;Inesploso
5904431;9;07/04/2022 17:10:00;Strada Urbana;PIAZZA DEI RE DI ROMA;in prossimit�;;del civico n.;45;;Investimento di pedone;Rotatoria;Una carreggiata a senso unico di marcia;Asciutto;Asfaltata;Verticale ed orizzontale;Sereno;Intenso;Sufficiente;;1;0;0;2;12.5137;41.8825;-1;1;Autovettura privata;In marcia / fermata / arresto;Passeggero;F;Illeso;0;;Non accertato;Inesploso
5904677;11;07/04/2022 08:05:00;Strada Urbana;VIA DEL PORTO FLUVIALE;da specificare;;;;prossimit� Riva Ostiense;Tamponamento;Rettilineo;Una carreggiata a doppio senso;Bagnato (umidit� in atto);Asfaltata;Verticale ed orizzontale;Sereno;Intenso;Buona;;0;0;0;5;12.4736;41.8722;-1;1;Autovettura privata;In marcia / fermata / arresto;Conducente;M;Illeso;0;;;
5904677;11;07/04/2022 08:05:00;Strada Urbana;VIA DEL PORTO FLUVIALE;da specificare;;;;prossimit� Riva Ostiense;Tamponamento;Rettilineo;Una carreggiata a doppio senso;Bagnato (umidit� in atto);Asfaltata;Verticale ed orizzontale;Sereno;Intenso;Buona;;0;0;0;5;12.4736;41.8722;-1;2;Autovettura privata;In marcia / fermata / arresto;Conducente;F;Illeso;0;;;
5904677;11;07/04/2022 08:05:00;Strada Urbana;VIA DEL PORTO FLUVIALE;da specificare;;;;prossimit� Riva Ostiense;Tamponamento;Rettilineo;Una carreggiata a doppio senso;Bagnato (umidit� in atto);Asfaltata;Verticale ed orizzontale;Sereno;Intenso;Buona;;0;0;0;5;12.4736;41.8722;-1;2;Autovettura privata;In marcia / fermata / arresto;Passeggero;M;Illeso;0;;;
5904677;11;07/04/2022 08:05:00;Strada Urbana;VIA DEL PORTO FLUVIALE;da specificare;;;;prossimit� Riva Ostiense;Tamponamento;Rettilineo;Una carreggiata a doppio senso;Bagnato (umidit� in atto);Asfaltata;Verticale ed orizzontale;Sereno;Intenso;Buona;;0;0;0;5;12.4736;41.8722;-1;2;Autovettura privata;In marcia / fermata / arresto;Passeggero;F;Illeso;0;;;
5904677;11;07/04/2022 08:05:00;Strada Urbana;VIA DEL PORTO FLUVIALE;da specificare;;;;prossimit� Riva Ostiense;Tamponamento;Rettilineo;Una carreggiata a doppio senso;Bagnato (umidit� in atto);Asfaltata;Verticale ed orizzontale;Sereno;Intenso;Buona;;0;0;0;5;12.4736;41.8722;-1;2;Autovettura privata;In marcia / fermata / arresto;Passeggero;F;Illeso;0;;;
5904685;12;07/04/2022 17:50:00;Strada Urbana;VIALE DELL'AGRICOLTURA;all'intersezione semaforizzata con;VIA DELLE TRE FONTANE;VIA DELLE TRE FONTANE;;;Scontro frontale/laterale SX fra veicoli in marcia;Intersezione semaforizzata;Una carreggiata a doppio senso;Asciutto;Asfaltata;Verticale ed orizzontale;Sereno;Normale;Buona;;1;0;0;1;12.4719;41.8385;-1;1;Autovettura privata;In marcia / fermata / arresto;Conducente;F;Illeso;0;;;
5904685;12;07/04/2022 17:50:00;Strada Urbana;VIALE DELL'AGRICOLTURA;all'intersezione semaforizzata con;VIA DELLE TRE FONTANE;VIA DELLE TRE FONTANE;;;Scontro frontale/laterale SX fra veicoli in marcia;Intersezione semaforizzata;Una carreggiata a doppio senso;Asciutto;Asfaltata;Verticale ed orizzontale;Sereno;Normale;Buona;;1;0;0;1;12.4719;41.8385;-1;2;Motociclo a solo;In marcia / fermata / arresto;Conducente;M;Rimandato;0;NON DECEDUTO;;
5904695;12;07/04/2022 21:10:00;Strada Urbana;VIA CRISTOFORO COLOMBO;all'intersezione con;VIA GIOVANNI GENOCCHI;VIA GIOVANNI GENOCCHI;;;Scontro laterale fra veicoli in marcia;Intersezione semaforizzata;Pi� di due carreggiate;Asciutto;Asfaltata;Verticale ed orizzontale;Sereno;Normale;Buona;;1;0;0;3;12.4965;41.8587;-1;1;Autovettura pubblica;In marcia / fermata / arresto;Conducente;M;Illeso;0;;;
5904695;12;07/04/2022 21:10:00;Strada Urbana;VIA CRISTOFORO COLOMBO;all'intersezione con;VIA GIOVANNI GENOCCHI;VIA GIOVANNI GENOCCHI;;;Scontro laterale fra veicoli in marcia;Intersezione semaforizzata;Pi� di due carreggiate;Asciutto;Asfaltata;Verticale ed orizzontale;Sereno;Normale;Buona;;1;0;0;3;12.4965;41.8587;-1;2;Autoambulanza;In marcia / fermata / arresto;Conducente;M;Illeso;0;;;
5904695;12;07/04/2022 21:10:00;Strada Urbana;VIA CRISTOFORO COLOMBO;all'intersezione con;VIA GIOVANNI GENOCCHI;VIA GIOVANNI GENOCCHI;;;Scontro laterale fra veicoli in marcia;Intersezione semaforizzata;Pi� di due carreggiate;Asciutto;Asfaltata;Verticale ed orizzontale;Sereno;Normale;Buona;;1;0;0;3;12.4965;41.8587;-1;2;Autoambulanza;In marcia / fermata / arresto;Passeggero;M;Rimandato;0;NON DECEDUTO;;
5904695;12;07/04/2022 21:10:00;Strada Urbana;VIA CRISTOFORO COLOMBO;all'intersezione con;VIA GIOVANNI GENOCCHI;VIA GIOVANNI GENOCCHI;;;Scontro laterale fra veicoli in marcia;Intersezione semaforizzata;Pi� di due carreggiate;Asciutto;Asfaltata;Verticale ed orizzontale;Sereno;Normale;Buona;;1;0;0;3;12.4965;41.8587;-1;2;Autoambulanza;In marcia / fermata / arresto;Passeggero;M;Illeso;0;;;
5904715;10;07/04/2022 08:00:00;Strada Urbana;VIA APPIA NUOVA;da specificare;;;;ALTEZZA SOTTOPASSAGGIO AEROPORTO CIAMPINO;Tamponamento Multiplo;Rettilineo;Due carreggiate;Asciutto;Asfaltata;Verticale ed orizzontale;Sereno;Intenso;Buona;;2;0;0;1;12.5843;41.8001;-1;1;Autovettura privata;In marcia / fermata / arresto;Conducente;F;Rimandato;0;NON DECEDUTO;;
5904715;10;07/04/2022 08:00:00;Strada Urbana;VIA APPIA NUOVA;da specificare;;;;ALTEZZA SOTTOPASSAGGIO AEROPORTO CIAMPINO;Tamponamento Multiplo;Rettilineo;Due carreggiate;Asciutto;Asfaltata;Verticale ed orizzontale;Sereno;Intenso;Buona;;2;0;0;1;12.5843;41.8001;-1;2;Autovettura privata;In marcia / fermata / arresto;Conducente;M;Rimandato;0;NON DECEDUTO;;
5904715;10;07/04/2022 08:00:00;Strada Urbana;VIA APPIA NUOVA;da specificare;;;;ALTEZZA SOTTOPASSAGGIO AEROPORTO CIAMPINO;Tamponamento Multiplo;Rettilineo;Due carreggiate;Asciutto;Asfaltata;Verticale ed orizzontale;Sereno;Intenso;Buona;;2;0;0;1;12.5843;41.8001;-1;3;Autovettura privata;In marcia / fermata / arresto;Conducente;M;Illeso;0;;;
5904725;20;07/04/2022 06:10:00;Statale entro l'abitato;VIA CASSIA;all'intersezione con;VIA DI VILLA LAUCHLI;VIA DI VILLA LAUCHLI;;;Scontro frontale/laterale DX fra veicoli in marcia;Intersezione stradale segnalata;Una carreggiata a doppio senso;Bagnato (pioggia);Asfaltata;Verticale ed orizzontale;Nuvoloso;Normale;Buona;;0;0;0;2;12.4628;41.9553;-1;1;Autocarro inferiore 35 q.;In marcia / fermata / arresto;Conducente;M;Illeso;0;;;
5904725;20;07/04/2022 06:10:00;Statale entro l'abitato;VIA CASSIA;all'intersezione con;VIA DI VILLA LAUCHLI;VIA DI VILLA LAUCHLI;;;Scontro frontale/laterale DX fra veicoli in marcia;Intersezione stradale segnalata;Una carreggiata a doppio senso;Bagnato (pioggia);Asfaltata;Verticale ed orizzontale;Nuvoloso;Normale;Buona;;0;0;0;2;12.4628;41.9553;-1;2;Motociclo a solo;In marcia / fermata / arresto;Conducente;M;Illeso;0;;;
5904727;10;07/04/2022 16:15:00;Strada Urbana;VIA TUSCOLANA;all'intersezione con;VIA SERVILIO PRISCO;VIA SERVILIO PRISCO;;;Scontro laterale fra veicoli in marcia;Incrocio;Due carreggiate;Asciutto;Asfaltata;Verticale ed orizzontale;Sereno;Normale;Buona;;0;0;0;3;12.5646;41.8556;-1;1;Autovettura privata;In marcia / fermata / arresto;Conducente;F;Illeso;0;;Non accertato;Inesploso
5904727;10;07/04/2022 16:15:00;Strada Urbana;VIA TUSCOLANA;all'intersezione con;VIA SERVILIO PRISCO;VIA SERVILIO PRISCO;;;Scontro laterale fra veicoli in marcia;Incrocio;Due carreggiate;Asciutto;Asfaltata;Verticale ed orizzontale;Sereno;Normale;Buona;;0;0;0;3;12.5646;41.8556;-1;1;Autovettura privata;In marcia / fermata / arresto;Passeggero;F;Illeso;0;;Utilizzato;Inesploso
5904727;10;07/04/2022 16:15:00;Strada Urbana;VIA TUSCOLANA;all'intersezione con;VIA SERVILIO PRISCO;VIA SERVILIO PRISCO;;;Scontro laterale fra veicoli in marcia;Incrocio;Due carreggiate;Asciutto;Asfaltata;Verticale ed orizzontale;Sereno;Normale;Buona;;0;0;0;3;12.5646;41.8556;-1;2;Autovettura privata;In marcia / fermata / arresto;Conducente;F;Illeso;0;;Non accertato;Inesploso
5904737;12;07/04/2022 18:20:00;Strada Urbana; VIA CRISTOFORO COLOMBO LATERALE DIR ROMA;all'intersezione con;VIALE DELL'UMANESIMO;VIALE DELL'UMANESIMO;;;Scontro laterale fra veicoli in marcia;Intersezione semaforizzata;Due carreggiate;Asciutto;Asfaltata;Verticale ed orizzontale;Sereno;Normale;Buona;;0;0;0;3;12.4536;41.8089;-1;1;Autovettura privata;In marcia / fermata / arresto;Conducente;F;Illeso;0;;;
5904737;12;07/04/2022 18:20:00;Strada Urbana; VIA CRISTOFORO COLOMBO LATERALE DIR ROMA;all'intersezione con;VIALE DELL'UMANESIMO;VIALE DELL'UMANESIMO;;;Scontro laterale fra veicoli in marcia;Intersezione semaforizzata;Due carreggiate;Asciutto;Asfaltata;Verticale ed orizzontale;Sereno;Normale;Buona;;0;0;0;3;12.4536;41.8089;-1;2;Autovettura privata;In marcia / fermata / arresto;Conducente;M;Illeso;0;;;
5904737;12;07/04/2022 18:20:00;Strada Urbana; VIA CRISTOFORO COLOMBO LATERALE DIR ROMA;all'intersezione con;VIALE DELL'UMANESIMO;VIALE DELL'UMANESIMO;;;Scontro laterale fra veicoli in marcia;Intersezione semaforizzata;Due carreggiate;Asciutto;Asfaltata;Verticale ed orizzontale;Sereno;Normale;Buona;;0;0;0;3;12.4536;41.8089;-1;2;Autovettura privata;In marcia / fermata / arresto;Passeggero;M;Illeso;0;;;
5904738;1;07/04/2022 16:25:00;Strada Urbana;PIAZZA DI S. CLAUDIO;all'intersezione con;PIAZZA DI S. CLAUDIO;PIAZZA DI S. CLAUDIO;;;Investimento di pedone;Incrocio;Una carreggiata a senso unico di marcia;Asciutto;Asfaltata;Verticale ed orizzontale;Sereno;Normale;Buona;;1;0;0;1;;;0;;;;Pedone;M;Rimandato;0;NON DECEDUTO;;
5904738;1;07/04/2022 16:25:00;Strada Urbana;PIAZZA DI S. CLAUDIO;all'intersezione con;PIAZZA DI S. CLAUDIO;PIAZZA DI S. CLAUDIO;;;Investimento di pedone;Incrocio;Una carreggiata a senso unico di marcia;Asciutto;Asfaltata;Verticale ed orizzontale;Sereno;Normale;Buona;;1;0;0;1;;;0;1;Autovettura pubblica;In marcia / fermata / arresto;Conducente;M;Illeso;0;;;
5904745;11;07/04/2022 11:00:00;Strada Urbana;VIA GIULIO ARISTIDE SARTORIO;da specificare;;;;prossimit� fronte civico 61;Investimento di pedone;Rettilineo;Una carreggiata a senso unico di marcia;Asciutto;Asfaltata;Verticale ed orizzontale;Sereno;Normale;Buona;;1;0;0;1;12.5061;41.8533;-1;;;;Pedone;F;Rimandato;0;NON DECEDUTO;;
5904745;11;07/04/2022 11:00:00;Strada Urbana;VIA GIULIO ARISTIDE SARTORIO;da specificare;;;;prossimit� fronte civico 61;Investimento di pedone;Rettilineo;Una carreggiata a senso unico di marcia;Asciutto;Asfaltata;Verticale ed orizzontale;Sereno;Normale;Buona;;1;0;0;1;12.5061;41.8533;-1;1;Autovettura privata;In marcia / fermata / arresto;Conducente;F;Illeso;0;;;
5904758;11;07/04/2022 13:15:00;Strada Urbana;CLIVO DELLA MONTAGNOLA;da specificare;;;;in prossimit� di via Laurentina;Scontro laterale fra veicoli in marcia;Curva senza visuale libera;Una carreggiata a senso unico di marcia;Asciutto;Asfaltata;Verticale ed orizzontale;Sereno;Scarso;Buona;;0;0;0;2;12.4771;41.8501;-1;1;Autovettura privata;In marcia / fermata / arresto;Conducente;M;Illeso;0;;Non accertato;
5904758;11;07/04/2022 13:15:00;Strada Urbana;CLIVO DELLA MONTAGNOLA;da specificare;;;;in prossimit� di via Laurentina;Scontro laterale fra veicoli in marcia;Curva senza visuale libera;Una carreggiata a senso unico di marcia;Asciutto;Asfaltata;Verticale ed orizzontale;Sereno;Scarso;Buona;;0;0;0;2;12.4771;41.8501;-1;2;Autovettura privata;In marcia / fermata / arresto;Conducente;F;Illeso;0;;Non accertato;
5904763;20;07/04/2022 20:05:00;Statale entro l'abitato;VIA CASSIA;in prossimit�;;del civico n.;405;;Scontro frontale/laterale SX fra veicoli in marcia;Rettilineo;Una carreggiata a doppio senso;Asciutto;Asfaltata;Orizzontale;Sereno;Normale;Sufficiente;;1;0;0;1;12.4562;41.9545;-1;1;Motociclo a solo;In marcia / fermata / arresto;Conducente;M;Rifiuta cure immediate;0;NON DECEDUTO;;
5904763;20;07/04/2022 20:05:00;Statale entro l'abitato;VIA CASSIA;in prossimit�;;del civico n.;405;;Scontro frontale/laterale SX fra veicoli in marcia;Rettilineo;Una carreggiata a doppio senso;Asciutto;Asfaltata;Orizzontale;Sereno;Normale;Sufficiente;;1;0;0;1;12.4562;41.9545;-1;2;Autovettura privata;In marcia / fermata / arresto;Conducente;M;Illeso;0;;;
5904768;10;07/04/2022 17:15:00;Strada Urbana;VIA LUCREZIA ROMANA;all'intersezione con;VIA LUCIO MARIANI;VIA LUCIO MARIANI;;;Scontro frontale/laterale SX fra veicoli in marcia;Incrocio;Una carreggiata a doppio senso;Asciutto;Asfaltata;Verticale;Sereno;Scarso;Buona;;1;0;0;2;12.5865;41.824;-1;1;Autovettura privata;In marcia / fermata / arresto;Conducente;F;Illeso;0;;Non accertato;Inesploso
5904768;10;07/04/2022 17:15:00;Strada Urbana;VIA LUCREZIA ROMANA;all'intersezione con;VIA LUCIO MARIANI;VIA LUCIO MARIANI;;;Scontro frontale/laterale SX fra veicoli in marcia;Incrocio;Una carreggiata a doppio senso;Asciutto;Asfaltata;Verticale;Sereno;Scarso;Buona;;1;0;0;2;12.5865;41.824;-1;1;Autovettura privata;In marcia / fermata / arresto;Passeggero;F;Illeso;0;;Non accertato;Inesploso
5904768;10;07/04/2022 17:15:00;Strada Urbana;VIA LUCREZIA ROMANA;all'intersezione con;VIA LUCIO MARIANI;VIA LUCIO MARIANI;;;Scontro frontale/laterale SX fra veicoli in marcia;Incrocio;Una carreggiata a doppio senso;Asciutto;Asfaltata;Verticale;Sereno;Scarso;Buona;;1;0;0;2;12.5865;41.824;-1;2;Autovettura privata;In marcia / fermata / arresto;Conducente;M;Rimandato;0;NON DECEDUTO;Non accertato;Esploso
5904769;10;07/04/2022 08:56:00;Strada Urbana;VIA LUCREZIA ROMANA;all'intersezione con;VIA SALVADOR DALI';VIA SALVADOR DALI';;;Scontro frontale/laterale DX fra veicoli in marcia;Incrocio;Una carreggiata a doppio senso;Asciutto;Asfaltata;Verticale ed orizzontale;Nuvoloso;Normale;Buona;;0;0;0;2;12.5795;41.831;-1;1;Autovettura privata;In marcia / fermata / arresto;Conducente;F;Illeso;0;;Non accertato;Inesploso
5904769;10;07/04/2022 08:56:00;Strada Urbana;VIA LUCREZIA ROMANA;all'intersezione con;VIA SALVADOR DALI';VIA SALVADOR DALI';;;Scontro frontale/laterale DX fra veicoli in marcia;Incrocio;Una carreggiata a doppio senso;Asciutto;Asfaltata;Verticale ed orizzontale;Nuvoloso;Normale;Buona;;0;0;0;2;12.5795;41.831;-1;2;Autovettura privata;In marcia / fermata / arresto;Conducente;M;Illeso;0;;Non accertato;Inesploso
5904773;9;07/04/2022 19:10:00;Strada Urbana;VIA ACAIA;all'intersezione con;PIAZZA ARMENIA;PIAZZA ARMENIA;;;Tamponamento;Incrocio;Una carreggiata a doppio senso;Asciutto;Asfaltata;Verticale ed orizzontale;Sereno;Normale;Buona;;0;0;0;3;12.5083;41.8778;-1;1;Autovettura privata;In marcia / fermata / arresto;Conducente;M;Illeso;0;;Non accertato;Inesploso
5904773;9;07/04/2022 19:10:00;Strada Urbana;VIA ACAIA;all'intersezione con;PIAZZA ARMENIA;PIAZZA ARMENIA;;;Tamponamento;Incrocio;Una carreggiata a doppio senso;Asciutto;Asfaltata;Verticale ed orizzontale;Sereno;Normale;Buona;;0;0;0;3;12.5083;41.8778;-1;2;Motociclo con passeggero;In marcia / fermata / arresto;Conducente;M;Illeso;0;;Non accertato;
5904773;9;07/04/2022 19:10:00;Strada Urbana;VIA ACAIA;all'intersezione con;PIAZZA ARMENIA;PIAZZA ARMENIA;;;Tamponamento;Incrocio;Una carreggiata a doppio senso;Asciutto;Asfaltata;Verticale ed orizzontale;Sereno;Normale;Buona;;0;0;0;3;12.5083;41.8778;-1;2;Motociclo con passeggero;In marcia / fermata / arresto;Passeggero;F;Illeso;0;;Non accertato;
5904787;15;07/04/2022 19:45:00;Strada Urbana;LARGO GAETANO LA LOGGIA;da specificare;;;;fronte civico 27  (area parcheggio);Investimento di pedone;Pendenza;Due carreggiate;Asciutto;Asfaltata;Assente;Sereno;Scarso;Buona;;0;0;0;3;12.4464;41.8559;-1;;;;Pedone;M;Illeso;0;;;
5904787;15;07/04/2022 19:45:00;Strada Urbana;LARGO GAETANO LA LOGGIA;da specificare;;;;fronte civico 27  (area parcheggio);Investimento di pedone;Pendenza;Due carreggiate;Asciutto;Asfaltata;Assente;Sereno;Scarso;Buona;;0;0;0;3;12.4464;41.8559;-1;1;Autovettura privata;In marcia / fermata / arresto;Conducente;F;Illeso;0;;Non accertato;Inesploso
5904787;15;07/04/2022 19:45:00;Strada Urbana;LARGO GAETANO LA LOGGIA;da specificare;;;;fronte civico 27  (area parcheggio);Investimento di pedone;Pendenza;Due carreggiate;Asciutto;Asfaltata;Assente;Sereno;Scarso;Buona;;0;0;0;3;12.4464;41.8559;-1;1;Autovettura privata;In marcia / fermata / arresto;Passeggero;F;Illeso;0;;Non accertato;Inesploso
5904789;11;07/04/2022 21:55:00;Strada Urbana;PIAZZA AUGUSTO ALBINI;da specificare;;;;incrocio via Lorenzo da Pietrasanta;Scontro laterale fra veicoli in marcia;Rettilineo;Una carreggiata a senso unico di marcia;Asciutto;Asfaltata;Verticale ed orizzontale;Sereno;Scarso;Buona;;0;0;0;5;12.4843;41.8647;-1;1;Autovettura di polizia;In marcia / fermata / arresto;Conducente;M;Illeso;0;;;
5904789;11;07/04/2022 21:55:00;Strada Urbana;PIAZZA AUGUSTO ALBINI;da specificare;;;;incrocio via Lorenzo da Pietrasanta;Scontro laterale fra veicoli in marcia;Rettilineo;Una carreggiata a senso unico di marcia;Asciutto;Asfaltata;Verticale ed orizzontale;Sereno;Scarso;Buona;;0;0;0;5;12.4843;41.8647;-1;1;Autovettura di polizia;In marcia / fermata / arresto;Passeggero;M;Illeso;0;;;
5904789;11;07/04/2022 21:55:00;Strada Urbana;PIAZZA AUGUSTO ALBINI;da specificare;;;;incrocio via Lorenzo da Pietrasanta;Scontro laterale fra veicoli in marcia;Rettilineo;Una carreggiata a senso unico di marcia;Asciutto;Asfaltata;Verticale ed orizzontale;Sereno;Scarso;Buona;;0;0;0;5;12.4843;41.8647;-1;2;Motociclo con passeggero;In marcia / fermata / arresto;Conducente;M;Illeso;0;;;
5904789;11;07/04/2022 21:55:00;Strada Urbana;PIAZZA AUGUSTO ALBINI;da specificare;;;;incrocio via Lorenzo da Pietrasanta;Scontro laterale fra veicoli in marcia;Rettilineo;Una carreggiata a senso unico di marcia;Asciutto;Asfaltata;Verticale ed orizzontale;Sereno;Scarso;Buona;;0;0;0;5;12.4843;41.8647;-1;2;Motociclo con passeggero;In marcia / fermata / arresto;Passeggero;F;Illeso;0;;Non accertato;
5904789;11;07/04/2022 21:55:00;Strada Urbana;PIAZZA AUGUSTO ALBINI;da specificare;;;;incrocio via Lorenzo da Pietrasanta;Scontro laterale fra veicoli in marcia;Rettilineo;Una carreggiata a senso unico di marcia;Asciutto;Asfaltata;Verticale ed orizzontale;Sereno;Scarso;Buona;;0;0;0;5;12.4843;41.8647;-1;3;Autovettura privata;In marcia / fermata / arresto;Conducente;M;Illeso;0;;Non accertato;
5904793;1;07/04/2022 13:35:00;Strada Urbana;LUNGOTEVERE TESTACCIO;in prossimit�;;del civico n.;20;;Scontro frontale/laterale SX fra veicoli in marcia;Rettilineo;Una carreggiata a doppio senso;Asciutto;Asfaltata;Orizzontale;Sereno;Normale;Buona;;1;0;0;2;12.4733;41.8809;-1;1;Motociclo con passeggero;In marcia / fermata / arresto;Conducente;M;Illeso;0;;;
5904793;1;07/04/2022 13:35:00;Strada Urbana;LUNGOTEVERE TESTACCIO;in prossimit�;;del civico n.;20;;Scontro frontale/laterale SX fra veicoli in marcia;Rettilineo;Una carreggiata a doppio senso;Asciutto;Asfaltata;Orizzontale;Sereno;Normale;Buona;;1;0;0;2;12.4733;41.8809;-1;1;Motociclo con passeggero;In marcia / fermata / arresto;Passeggero;F;Illeso;0;;;
5904793;1;07/04/2022 13:35:00;Strada Urbana;LUNGOTEVERE TESTACCIO;in prossimit�;;del civico n.;20;;Scontro frontale/laterale SX fra veicoli in marcia;Rettilineo;Una carreggiata a doppio senso;Asciutto;Asfaltata;Orizzontale;Sereno;Normale;Buona;;1;0;0;2;12.4733;41.8809;-1;2;Velocipede;In marcia / fermata / arresto;Conducente;F;Rimandato;0;NON DECEDUTO;Esente;
5904796;10;07/04/2022 18:30:00;Strada Urbana;VIA ORAZIO RAIMONDO;in corrispondenza;;del civico n.;104;;Scontro frontale/laterale DX fra veicoli in marcia;Rettilineo;Una carreggiata a doppio senso;Asciutto;Asfaltata;Verticale;Sereno;Normale;Sufficiente;;1;0;0;4;12.5967;41.847;-1;1;Autovettura privata;In marcia / fermata / arresto;Conducente;M;Illeso;0;;Non accertato;Inesploso
5904796;10;07/04/2022 18:30:00;Strada Urbana;VIA ORAZIO RAIMONDO;in corrispondenza;;del civico n.;104;;Scontro frontale/laterale DX fra veicoli in marcia;Rettilineo;Una carreggiata a doppio senso;Asciutto;Asfaltata;Verticale;Sereno;Normale;Sufficiente;;1;0;0;4;12.5967;41.847;-1;1;Autovettura privata;In marcia / fermata / arresto;Passeggero;F;Illeso;0;;Non accertato;Inesploso