Protocollo;Gruppo;DataOraIncidente;Localizzazione1;STRADA1;Localizzazione2;STRADA2;Strada02;Chilometrica;DaSpecificare;NaturaIncidente;particolaritastrade;TipoStrada;FondoStradale;Pavimentazione;Segnaletica;CondizioneAtmosferica;Traffico;Visibilita;Illuminazione;NUM_FERITI;NUM_RISERVATA;NUM_MORTI;NUM_ILLESI;Longitude;Latitude;Confermato;Progressivo;TipoVeicolo;StatoVeicolo;TipoPersona;Sesso;Tipolesione;Deceduto;DecedutoDopo;CinturaCascoUtilizzato;Airbag;
5906753;11;08/04/2022 18:00:00;Strada Urbana;VIA ADELAIDE BONO CAIROLI;in prossimit�;;del civico n.;6;;Investimento di pedone;Rettilineo;Una carreggiata a senso unico di marcia;Asciutto;Asfaltata;Verticale ed orizzontale;Sereno;Normale;Buona;;1;0;0;1;12.4899;41.8593;-1;;;;Pedone;F;Rimandato;0;NON DECEDUTO;;
5906753;11;08/04/2022 18:00:00;Strada Urbana;VIA ADELAIDE BONO CAIROLI;in prossimit�;;del civico n.;6;;Investimento di pedone;Rettilineo;Una carreggiata a senso unico di marcia;Asciutto;Asfaltata;Verticale ed orizzontale;Sereno;Normale;Buona;;1;0;0;1;12.4899;41.8593;-1;1;Autovettura privata;In marcia / fermata / arresto;Conducente;M;Illeso;0;;Non accertato;Inesploso
5906776;13;08/04/2022 07:35:00;Strada Urbana;VIA FRANCESCO GESUALDI;in corrispondenza;;del civico n.;25;;Veicolo in marcia contro veicolo in sosta;Rettilineo;Una carreggiata a doppio senso;Asciutto;Asfaltata;Verticale;Nuvoloso;Normale;Buona;;0;0;0;1;12.3528;41.7687;-1;1;Autovettura privata;In marcia / fermata / arresto;Conducente;F;Illeso;0;;Non accertato;Inesploso
5906776;13;08/04/2022 07:35:00;Strada Urbana;VIA FRANCESCO GESUALDI;in corrispondenza;;del civico n.;25;;Veicolo in marcia contro veicolo in sosta;Rettilineo;Una carreggiata a doppio senso;Asciutto;Asfaltata;Verticale;Nuvoloso;Normale;Buona;;0;0;0;1;12.3528;41.7687;-1;2;Autovettura privata;Sosta;;;;;;;
5906798;1;07/04/2022 18:45:00;Strada Urbana;VIA ALESSANDRO VOLTA;all'intersezione con;VIA GINORI;VIA GINORI;;;Scontro frontale/laterale DX fra veicoli in marcia;Incrocio;Una carreggiata a senso unico di marcia;Asciutto;Asfaltata;Verticale ed orizzontale;Sereno;Scarso;Buona;;0;0;0;3;12.4764;41.8783;-1;1;Autovettura privata;In marcia / fermata / arresto;Conducente;M;Illeso;0;;Non accertato;
5906798;1;07/04/2022 18:45:00;Strada Urbana;VIA ALESSANDRO VOLTA;all'intersezione con;VIA GINORI;VIA GINORI;;;Scontro frontale/laterale DX fra veicoli in marcia;Incrocio;Una carreggiata a senso unico di marcia;Asciutto;Asfaltata;Verticale ed orizzontale;Sereno;Scarso;Buona;;0;0;0;3;12.4764;41.8783;-1;1;Autovettura privata;In marcia / fermata / arresto;Passeggero;M;Illeso;0;;Non accertato;
5906798;1;07/04/2022 18:45:00;Strada Urbana;VIA ALESSANDRO VOLTA;all'intersezione con;VIA GINORI;VIA GINORI;;;Scontro frontale/laterale DX fra veicoli in marcia;Incrocio;Una carreggiata a senso unico di marcia;Asciutto;Asfaltata;Verticale ed orizzontale;Sereno;Scarso;Buona;;0;0;0;3;12.4764;41.8783;-1;2;Autovettura privata;In marcia / fermata / arresto;Conducente;F;Illeso;0;;;
5906800;8;09/04/2022 06:00:00;Provinciale entro l'abitato;VIA PRENESTINA;in prossimit�;;del civico n.;1091;;Scontro frontale/laterale SX fra veicoli in marcia;Rettilineo;Una carreggiata a doppio senso;Asciutto;Asfaltata;Orizzontale;Nuvoloso;Normale;Buona;;0;0;0;3;12.6176;41.8933;-1;1;Autovettura privata;In marcia / fermata / arresto;Conducente;M;Illeso;0;;Non accertato;Inesploso
5906800;8;09/04/2022 06:00:00;Provinciale entro l'abitato;VIA PRENESTINA;in prossimit�;;del civico n.;1091;;Scontro frontale/laterale SX fra veicoli in marcia;Rettilineo;Una carreggiata a doppio senso;Asciutto;Asfaltata;Orizzontale;Nuvoloso;Normale;Buona;;0;0;0;3;12.6176;41.8933;-1;1;Autovettura privata;In marcia / fermata / arresto;Passeggero;M;Illeso;0;;Non accertato;Inesploso
5906800;8;09/04/2022 06:00:00;Provinciale entro l'abitato;VIA PRENESTINA;in prossimit�;;del civico n.;1091;;Scontro frontale/laterale SX fra veicoli in marcia;Rettilineo;Una carreggiata a doppio senso;Asciutto;Asfaltata;Orizzontale;Nuvoloso;Normale;Buona;;0;0;0;3;12.6176;41.8933;-1;2;Autovettura privata;In marcia / fermata / arresto;Conducente;M;Illeso;0;;Non accertato;Esploso
5906807;13;08/04/2022 09:10:00;Strada Urbana;VIA DELLA GENTE SALINATORIA;all'intersezione con;VIA DEL MARE;VIA DEL MARE;;;Tamponamento;Incrocio;Una carreggiata a senso unico di marcia;Asciutto;Asfaltata;Verticale ed orizzontale;Nuvoloso;Normale;Buona;;2;0;0;1;12.3035;41.7603;-1;1;Autovettura privata;In marcia / fermata / arresto;Conducente;F;Rimandato;0;NON DECEDUTO;;
5906807;13;08/04/2022 09:10:00;Strada Urbana;VIA DELLA GENTE SALINATORIA;all'intersezione con;VIA DEL MARE;VIA DEL MARE;;;Tamponamento;Incrocio;Una carreggiata a senso unico di marcia;Asciutto;Asfaltata;Verticale ed orizzontale;Nuvoloso;Normale;Buona;;2;0;0;1;12.3035;41.7603;-1;2;Autovettura privata;In marcia / fermata / arresto;Conducente;F;Rifiuta cure immediate;0;NON DECEDUTO;;
5906807;13;08/04/2022 09:10:00;Strada Urbana;VIA DELLA GENTE SALINATORIA;all'intersezione con;VIA DEL MARE;VIA DEL MARE;;;Tamponamento;Incrocio;Una carreggiata a senso unico di marcia;Asciutto;Asfaltata;Verticale ed orizzontale;Nuvoloso;Normale;Buona;;2;0;0;1;12.3035;41.7603;-1;2;Autovettura privata;In marcia / fermata / arresto;Passeggero;M;Illeso;0;;Non accertato;
5906821;1;09/04/2022 00:20:00;Strada Urbana;LUNGOTEVERE DEI TEBALDI;in prossimit�;;del civico n.;14;;Tamponamento;Curva a visuale libera;Una carreggiata a senso unico di marcia;Asciutto;Asfaltata;Verticale;Sole radente;Normale;Buona;;0;0;0;5;12.4691;41.8944;-1;1;Autovettura privata;In marcia / fermata / arresto;Conducente;F;Illeso;0;;;
5906821;1;09/04/2022 00:20:00;Strada Urbana;LUNGOTEVERE DEI TEBALDI;in prossimit�;;del civico n.;14;;Tamponamento;Curva a visuale libera;Una carreggiata a senso unico di marcia;Asciutto;Asfaltata;Verticale;Sole radente;Normale;Buona;;0;0;0;5;12.4691;41.8944;-1;1;Autovettura privata;In marcia / fermata / arresto;Passeggero;F;Illeso;0;;;
5906821;1;09/04/2022 00:20:00;Strada Urbana;LUNGOTEVERE DEI TEBALDI;in prossimit�;;del civico n.;14;;Tamponamento;Curva a visuale libera;Una carreggiata a senso unico di marcia;Asciutto;Asfaltata;Verticale;Sole radente;Normale;Buona;;0;0;0;5;12.4691;41.8944;-1;1;Autovettura privata;In marcia / fermata / arresto;Passeggero;F;Illeso;0;;;
5906821;1;09/04/2022 00:20:00;Strada Urbana;LUNGOTEVERE DEI TEBALDI;in prossimit�;;del civico n.;14;;Tamponamento;Curva a visuale libera;Una carreggiata a senso unico di marcia;Asciutto;Asfaltata;Verticale;Sole radente;Normale;Buona;;0;0;0;5;12.4691;41.8944;-1;1;Autovettura privata;In marcia / fermata / arresto;Passeggero;F;Illeso;0;;;
5906821;1;09/04/2022 00:20:00;Strada Urbana;LUNGOTEVERE DEI TEBALDI;in prossimit�;;del civico n.;14;;Tamponamento;Curva a visuale libera;Una carreggiata a senso unico di marcia;Asciutto;Asfaltata;Verticale;Sole radente;Normale;Buona;;0;0;0;5;12.4691;41.8944;-1;2;Autovettura pubblica;In marcia / fermata / arresto;Conducente;M;Illeso;0;;;
5906828;13;08/04/2022 12:00:00;Strada Urbana;PIAZZA ESCHILO;in corrispondenza;;del civico n.;60;;Scontro laterale fra veicoli in marcia;Rettilineo;Una carreggiata a senso unico di marcia;Asciutto;Asfaltata;Assente;Sereno;Normale;Buona;;0;0;0;2;12.3735;41.7691;-1;1;Autobus di linea;In marcia / fermata / arresto;Conducente;M;Illeso;0;;;
5906828;13;08/04/2022 12:00:00;Strada Urbana;PIAZZA ESCHILO;in corrispondenza;;del civico n.;60;;Scontro laterale fra veicoli in marcia;Rettilineo;Una carreggiata a senso unico di marcia;Asciutto;Asfaltata;Assente;Sereno;Normale;Buona;;0;0;0;2;12.3735;41.7691;-1;2;Autovettura privata;In marcia / fermata / arresto;Conducente;M;Illeso;0;;Non accertato;
5906831;13;08/04/2022 11:00:00;Provinciale;VIA LITORANEA;all'intersezione con;VIA DEL LIDO DI CASTELPORZIANO;VIA DEL LIDO DI CASTELPORZIANO;;;Scontro frontale/laterale DX fra veicoli in marcia;Rotatoria;Una carreggiata a doppio senso;Asciutto;Asfaltata;Verticale ed orizzontale;Sereno;Normale;Buona;;0;0;0;2;12.3474;41.7029;-1;1;Autocarro inferiore 35 q.;In marcia / fermata / arresto;Conducente;F;Illeso;0;;;
5906831;13;08/04/2022 11:00:00;Provinciale;VIA LITORANEA;all'intersezione con;VIA DEL LIDO DI CASTELPORZIANO;VIA DEL LIDO DI CASTELPORZIANO;;;Scontro frontale/laterale DX fra veicoli in marcia;Rotatoria;Una carreggiata a doppio senso;Asciutto;Asfaltata;Verticale ed orizzontale;Sereno;Normale;Buona;;0;0;0;2;12.3474;41.7029;-1;2;Velocipede;In marcia / fermata / arresto;Conducente;M;Illeso;0;;Esente;
5906832;17;07/04/2022 15:45:00;Strada Urbana;VIA VESPASIANO;all'intersezione con;VIA DEGLI SCIPIONI;VIA DEGLI SCIPIONI;;;Scontro frontale/laterale DX fra veicoli in marcia;Intersezione stradale segnalata;Una carreggiata a senso unico di marcia;Asciutto;In cubetti di porfido;Verticale ed orizzontale;Sereno;Normale;Buona;;1;0;0;1;12.4568;41.9082;0;1;Ciclomotore;In marcia / fermata / arresto;Conducente;M;Illeso;0;;;
5906832;17;07/04/2022 15:45:00;Strada Urbana;VIA VESPASIANO;all'intersezione con;VIA DEGLI SCIPIONI;VIA DEGLI SCIPIONI;;;Scontro frontale/laterale DX fra veicoli in marcia;Intersezione stradale segnalata;Una carreggiata a senso unico di marcia;Asciutto;In cubetti di porfido;Verticale ed orizzontale;Sereno;Normale;Buona;;1;0;0;1;12.4568;41.9082;0;2;Motociclo a solo;In marcia / fermata / arresto;Conducente;M;Rimandato;0;NON DECEDUTO;;
5906838;2;09/04/2022 05:00:00;Strada Urbana;VIA CLITUNNO;in corrispondenza;;del civico n.;31;;Veicolo in marcia contro veicoli in sosta;Rettilineo;Una carreggiata a senso unico di marcia;Asciutto;Asfaltata;Verticale ed orizzontale;Sereno;Normale;Buona;;0;0;0;0;12.504;41.9195;-1;1;Autovettura privata;Allontanatosi;;;;;;;
5906838;2;09/04/2022 05:00:00;Strada Urbana;VIA CLITUNNO;in corrispondenza;;del civico n.;31;;Veicolo in marcia contro veicoli in sosta;Rettilineo;Una carreggiata a senso unico di marcia;Asciutto;Asfaltata;Verticale ed orizzontale;Sereno;Normale;Buona;;0;0;0;0;12.504;41.9195;-1;2;Autovettura privata;Sosta;;;;;;;
5906838;2;09/04/2022 05:00:00;Strada Urbana;VIA CLITUNNO;in corrispondenza;;del civico n.;31;;Veicolo in marcia contro veicoli in sosta;Rettilineo;Una carreggiata a senso unico di marcia;Asciutto;Asfaltata;Verticale ed orizzontale;Sereno;Normale;Buona;;0;0;0;0;12.504;41.9195;-1;3;Autovettura privata;Sosta;;;;;;;
5906838;2;09/04/2022 05:00:00;Strada Urbana;VIA CLITUNNO;in corrispondenza;;del civico n.;31;;Veicolo in marcia contro veicoli in sosta;Rettilineo;Una carreggiata a senso unico di marcia;Asciutto;Asfaltata;Verticale ed orizzontale;Sereno;Normale;Buona;;0;0;0;0;12.504;41.9195;-1;4;Autovettura privata;Sosta;;;;;;;
5906851;13;08/04/2022 12:00:00;Strada Urbana;VIALE AMMIRAGLIO DEL BONO;in corrispondenza;;del civico n.;58;;Investimento di pedone;Rettilineo;Due carreggiate;Asciutto;Asfaltata;Orizzontale;Sereno;Normale;Buona;;1;0;0;0;12.2834;41.7372;-1;;;;Pedone;M;Rimandato;0;NON DECEDUTO;;
5906851;13;08/04/2022 12:00:00;Strada Urbana;VIALE AMMIRAGLIO DEL BONO;in corrispondenza;;del civico n.;58;;Investimento di pedone;Rettilineo;Due carreggiate;Asciutto;Asfaltata;Orizzontale;Sereno;Normale;Buona;;1;0;0;0;12.2834;41.7372;-1;1;Autovettura privata;Allontanatosi;;;;;;;
5906866;13;08/04/2022 21:50:00;Strada Urbana;VIALE DEI ROMAGNOLI;in corrispondenza;;del civico n.;656;;Scontro laterale fra veicoli in marcia;Curva a visuale libera;Una carreggiata a doppio senso;Asciutto;Asfaltata;Verticale ed orizzontale;Sereno;Scarso;Sufficiente;;0;0;0;2;12.2988;41.7556;-1;1;Autovettura privata;In marcia / fermata / arresto;Conducente;M;Illeso;0;;;
5906866;13;08/04/2022 21:50:00;Strada Urbana;VIALE DEI ROMAGNOLI;in corrispondenza;;del civico n.;656;;Scontro laterale fra veicoli in marcia;Curva a visuale libera;Una carreggiata a doppio senso;Asciutto;Asfaltata;Verticale ed orizzontale;Sereno;Scarso;Sufficiente;;0;0;0;2;12.2988;41.7556;-1;2;Autovettura privata;In marcia / fermata / arresto;Conducente;M;Illeso;0;;;
5906925;10;11/04/2022 09:05:00;Strada Urbana;VIA DEGLI OPIMIANI;all'intersezione con;VIALE OPITA OPPIO;VIALE OPITA OPPIO;;;Scontro laterale fra veicoli in marcia;Incrocio;Una carreggiata a doppio senso;Asciutto;Asfaltata;Verticale ed orizzontale;Sereno;Normale;Buona;;0;0;0;2;12.5498;41.8611;-1;1;Autovettura privata;In marcia / fermata / arresto;Conducente;F;Illeso;0;;Non accertato;Inesploso
5906925;10;11/04/2022 09:05:00;Strada Urbana;VIA DEGLI OPIMIANI;all'intersezione con;VIALE OPITA OPPIO;VIALE OPITA OPPIO;;;Scontro laterale fra veicoli in marcia;Incrocio;Una carreggiata a doppio senso;Asciutto;Asfaltata;Verticale ed orizzontale;Sereno;Normale;Buona;;0;0;0;2;12.5498;41.8611;-1;2;Monopattino elettrico;In marcia / fermata / arresto;Conducente;M;Illeso;0;;Esente;Inesistente
5906927;10;09/04/2022 07:40:00;Strada Urbana;VIA ANAGNINA;da specificare;;;;DIR. FUORI ROM  ALT. VIA DEI SETTE METRI;Tamponamento;Rettilineo;Due carreggiate;Asciutto;Asfaltata;Verticale ed orizzontale;Sereno;Scarso;Buona;;0;0;0;3;12.6113;41.8201;-1;1;Autovettura privata;In marcia / fermata / arresto;Conducente;M;Illeso;0;;;
5906927;10;09/04/2022 07:40:00;Strada Urbana;VIA ANAGNINA;da specificare;;;;DIR. FUORI ROM  ALT. VIA DEI SETTE METRI;Tamponamento;Rettilineo;Due carreggiate;Asciutto;Asfaltata;Verticale ed orizzontale;Sereno;Scarso;Buona;;0;0;0;3;12.6113;41.8201;-1;1;Autovettura privata;In marcia / fermata / arresto;Passeggero;F;Illeso;0;;Non accertato;Inesploso
5906927;10;09/04/2022 07:40:00;Strada Urbana;VIA ANAGNINA;da specificare;;;;DIR. FUORI ROM  ALT. VIA DEI SETTE METRI;Tamponamento;Rettilineo;Due carreggiate;Asciutto;Asfaltata;Verticale ed orizzontale;Sereno;Scarso;Buona;;0;0;0;3;12.6113;41.8201;-1;2;Autovettura privata;In marcia / fermata / arresto;Conducente;F;Illeso;0;;Non accertato;Inesploso
5906989;2;09/04/2022 01:20:00;Strada Urbana;VIA ROCCA SINIBALDA;in corrispondenza;;del civico n.;38/b;;Veicolo in marcia contro veicolo in sosta;Rettilineo;Una carreggiata a senso unico di marcia;Asciutto;Asfaltata;Verticale ed orizzontale;Sereno;Scarso;Buona;;0;0;0;2;12.5175;41.9316;-1;1;Autovettura privata;In marcia / fermata / arresto;Conducente;M;Illeso;0;;;
5906989;2;09/04/2022 01:20:00;Strada Urbana;VIA ROCCA SINIBALDA;in corrispondenza;;del civico n.;38/b;;Veicolo in marcia contro veicolo in sosta;Rettilineo;Una carreggiata a senso unico di marcia;Asciutto;Asfaltata;Verticale ed orizzontale;Sereno;Scarso;Buona;;0;0;0;2;12.5175;41.9316;-1;1;Autovettura privata;In marcia / fermata / arresto;Passeggero;F;Illeso;0;;Utilizzato;Inesploso
5906989;2;09/04/2022 01:20:00;Strada Urbana;VIA ROCCA SINIBALDA;in corrispondenza;;del civico n.;38/b;;Veicolo in marcia contro veicolo in sosta;Rettilineo;Una carreggiata a senso unico di marcia;Asciutto;Asfaltata;Verticale ed orizzontale;Sereno;Scarso;Buona;;0;0;0;2;12.5175;41.9316;-1;2;Autovettura privata;Sosta;;;;;;;
5906989;2;09/04/2022 01:20:00;Strada Urbana;VIA ROCCA SINIBALDA;in corrispondenza;;del civico n.;38/b;;Veicolo in marcia contro veicolo in sosta;Rettilineo;Una carreggiata a senso unico di marcia;Asciutto;Asfaltata;Verticale ed orizzontale;Sereno;Scarso;Buona;;0;0;0;2;12.5175;41.9316;-1;3;Autovettura privata;Sosta;;;;;;;
5906989;2;09/04/2022 01:20:00;Strada Urbana;VIA ROCCA SINIBALDA;in corrispondenza;;del civico n.;38/b;;Veicolo in marcia contro veicolo in sosta;Rettilineo;Una carreggiata a senso unico di marcia;Asciutto;Asfaltata;Verticale ed orizzontale;Sereno;Scarso;Buona;;0;0;0;2;12.5175;41.9316;-1;4;Autovettura privata;Sosta;;;;;;;
5906989;2;09/04/2022 01:20:00;Strada Urbana;VIA ROCCA SINIBALDA;in corrispondenza;;del civico n.;38/b;;Veicolo in marcia contro veicolo in sosta;Rettilineo;Una carreggiata a senso unico di marcia;Asciutto;Asfaltata;Verticale ed orizzontale;Sereno;Scarso;Buona;;0;0;0;2;12.5175;41.9316;-1;5;Autovettura privata;Sosta;;;;;;;
5906989;2;09/04/2022 01:20:00;Strada Urbana;VIA ROCCA SINIBALDA;in corrispondenza;;del civico n.;38/b;;Veicolo in marcia contro veicolo in sosta;Rettilineo;Una carreggiata a senso unico di marcia;Asciutto;Asfaltata;Verticale ed orizzontale;Sereno;Scarso;Buona;;0;0;0;2;12.5175;41.9316;-1;6;Autovettura privata;Sosta;;;;;;;
5906989;2;09/04/2022 01:20:00;Strada Urbana;VIA ROCCA SINIBALDA;in corrispondenza;;del civico n.;38/b;;Veicolo in marcia contro veicolo in sosta;Rettilineo;Una carreggiata a senso unico di marcia;Asciutto;Asfaltata;Verticale ed orizzontale;Sereno;Scarso;Buona;;0;0;0;2;12.5175;41.9316;-1;7;Autovettura privata;Sosta;;;;;;;
5906993;2;08/04/2022 11:00:00;Strada Urbana;PIAZZA DI S. COSTANZA;da specificare;;;;prossimit� civico 1 direz. Nomentana;Veicolo in marcia contro ostacolo fisso;Rotatoria;Una carreggiata a senso unico di marcia;Asciutto;Asfaltata;Verticale ed orizzontale;Nuvoloso;Normale;Sufficiente;;1;0;0;0;12.516;41.9217;-1;1;Motociclo a solo;In marcia / fermata / arresto;Conducente;F;Rimandato;0;NON DECEDUTO;;
5907010;2;08/04/2022 16:20:00;Strada Urbana;PIAZZALE DEL PARCO DELLA RIMEMBRANZA;in corrispondenza;;del civico n.;8;;Veicolo in marcia contro veicolo in sosta;Rettilineo;Una carreggiata a senso unico di marcia;Asciutto;Asfaltata;Verticale ed orizzontale;Sereno;Normale;Buona;;0;0;0;1;12.4827;41.9289;-1;1;Autovettura privata;Sosta;;;;;;;
5907010;2;08/04/2022 16:20:00;Strada Urbana;PIAZZALE DEL PARCO DELLA RIMEMBRANZA;in corrispondenza;;del civico n.;8;;Veicolo in marcia contro veicolo in sosta;Rettilineo;Una carreggiata a senso unico di marcia;Asciutto;Asfaltata;Verticale ed orizzontale;Sereno;Normale;Buona;;0;0;0;1;12.4827;41.9289;-1;2;Autovettura privata;In marcia / fermata / arresto;Conducente;M;Illeso;0;;;
5907012;2;08/04/2022 15:10:00;Strada Urbana;VIA DEL FORO ITALICO;all'intersezione con;VIALE DELLA MOSCHEA;VIALE DELLA MOSCHEA;;;Scontro laterale fra veicoli in marcia;Incrocio;Due carreggiate;Asciutto;Asfaltata;Verticale ed orizzontale;Sereno;Normale;Buona;;1;0;0;1;12.4813;41.9402;-1;1;Autovettura privata;In marcia / fermata / arresto;Conducente;M;Illeso;0;;Non accertato;Inesploso
5907012;2;08/04/2022 15:10:00;Strada Urbana;VIA DEL FORO ITALICO;all'intersezione con;VIALE DELLA MOSCHEA;VIALE DELLA MOSCHEA;;;Scontro laterale fra veicoli in marcia;Incrocio;Due carreggiate;Asciutto;Asfaltata;Verticale ed orizzontale;Sereno;Normale;Buona;;1;0;0;1;12.4813;41.9402;-1;2;Motociclo a solo;In marcia / fermata / arresto;Conducente;M;Ricoverato;0;NON DECEDUTO;Non accertato;
5907017;2;08/04/2022 22:30:00;Strada Urbana;VIA ALESSANDRO SERPIERI;in corrispondenza;;del civico n.;10;;Veicolo in marcia contro veicolo in sosta;Rettilineo;Una carreggiata a senso unico di marcia;Asciutto;Asfaltata;Orizzontale;Sereno;Scarso;Sufficiente;;0;0;0;0;12.4848;41.9221;-1;1;Autovettura privata;Sosta;;;;;;;
5907017;2;08/04/2022 22:30:00;Strada Urbana;VIA ALESSANDRO SERPIERI;in corrispondenza;;del civico n.;10;;Veicolo in marcia contro veicolo in sosta;Rettilineo;Una carreggiata a senso unico di marcia;Asciutto;Asfaltata;Orizzontale;Sereno;Scarso;Sufficiente;;0;0;0;0;12.4848;41.9221;-1;2;Autovettura privata;Allontanatosi;;;;;;;
5907048;9;09/04/2022 10:45:00;Strada Urbana;VIA TUSCOLANA;da specificare;;;;altezza civico 500;Tamponamento;Rettilineo;Due carreggiate;Asciutto;Asfaltata;Orizzontale;Sereno;Intenso;Buona;;0;0;0;3;12.5356;41.8705;-1;1;Autovettura privata;In marcia / fermata / arresto;Conducente;M;Illeso;0;;Non accertato;Inesploso
5907048;9;09/04/2022 10:45:00;Strada Urbana;VIA TUSCOLANA;da specificare;;;;altezza civico 500;Tamponamento;Rettilineo;Due carreggiate;Asciutto;Asfaltata;Orizzontale;Sereno;Intenso;Buona;;0;0;0;3;12.5356;41.8705;-1;1;Autovettura privata;In marcia / fermata / arresto;Passeggero;F;Illeso;0;;Non accertato;Inesploso
5907048;9;09/04/2022 10:45:00;Strada Urbana;VIA TUSCOLANA;da specificare;;;;altezza civico 500;Tamponamento;Rettilineo;Due carreggiate;Asciutto;Asfaltata;Orizzontale;Sereno;Intenso;Buona;;0;0;0;3;12.5356;41.8705;-1;2;Autovettura privata;In marcia / fermata / arresto;Conducente;F;Illeso;0;;Non accertato;Inesploso
5907105;1;09/04/2022 10:20:00;Strada Urbana;PIAZZA VITTORIO EMANUELE II;in corrispondenza;;del civico n.;102;;Veicolo in marcia contro veicolo fermo;Rettilineo;Una carreggiata a doppio senso;Asciutto;Asfaltata;Verticale ed orizzontale;Sereno;Scarso;Buona;;0;0;0;2;12.5042;41.8938;0;1;Autovettura privata;In marcia / fermata / arresto;Conducente;M;Illeso;0;;;
5907105;1;09/04/2022 10:20:00;Strada Urbana;PIAZZA VITTORIO EMANUELE II;in corrispondenza;;del civico n.;102;;Veicolo in marcia contro veicolo fermo;Rettilineo;Una carreggiata a doppio senso;Asciutto;Asfaltata;Verticale ed orizzontale;Sereno;Scarso;Buona;;0;0;0;2;12.5042;41.8938;0;2;Autobus turistico;In marcia / fermata / arresto;Conducente;M;Illeso;0;;;
5907140;6;09/04/2022 11:30:00;Strada Urbana;VIA ETTORE FIERAMOSCA;all'intersezione con;VIA SCIPIONE RIVERA;VIA SCIPIONE RIVERA;;;Scontro frontale/laterale DX fra veicoli in marcia;Incrocio;Una carreggiata a doppio senso;Asciutto;Asfaltata;Verticale ed orizzontale;Sereno;Normale;Buona;;0;0;0;2;12.5283;41.8933;-1;1;Autovettura privata;In marcia / fermata / arresto;Conducente;M;Illeso;0;;Non accertato;Inesploso
5907140;6;09/04/2022 11:30:00;Strada Urbana;VIA ETTORE FIERAMOSCA;all'intersezione con;VIA SCIPIONE RIVERA;VIA SCIPIONE RIVERA;;;Scontro frontale/laterale DX fra veicoli in marcia;Incrocio;Una carreggiata a doppio senso;Asciutto;Asfaltata;Verticale ed orizzontale;Sereno;Normale;Buona;;0;0;0;2;12.5283;41.8933;-1;2;Autovettura privata;In marcia / fermata / arresto;Conducente;M;Illeso;0;;Non accertato;Inesploso
5907140;6;09/04/2022 11:30:00;Strada Urbana;VIA ETTORE FIERAMOSCA;all'intersezione con;VIA SCIPIONE RIVERA;VIA SCIPIONE RIVERA;;;Scontro frontale/laterale DX fra veicoli in marcia;Incrocio;Una carreggiata a doppio senso;Asciutto;Asfaltata;Verticale ed orizzontale;Sereno;Normale;Buona;;0;0;0;2;12.5283;41.8933;-1;3;Autovettura privata;Sosta;;;;;;;
5907230;15;09/04/2022 10:30:00;Strada Urbana;VIA ANTONIO PACINOTTI;in corrispondenza;;del civico n.;8;;Scontro laterale fra veicoli in marcia;Rettilineo;Una carreggiata a doppio senso;Asciutto;Asfaltata;Orizzontale;Sereno;Normale;Buona;;0;0;0;4;12.4682;41.8709;-1;1;Autovettura privata;In marcia / fermata / arresto;Conducente;M;Illeso;0;;;Inesploso
5907230;15;09/04/2022 10:30:00;Strada Urbana;VIA ANTONIO PACINOTTI;in corrispondenza;;del civico n.;8;;Scontro laterale fra veicoli in marcia;Rettilineo;Una carreggiata a doppio senso;Asciutto;Asfaltata;Orizzontale;Sereno;Normale;Buona;;0;0;0;4;12.4682;41.8709;-1;1;Autovettura privata;In marcia / fermata / arresto;Passeggero;M;Illeso;0;;;
5907230;15;09/04/2022 10:30:00;Strada Urbana;VIA ANTONIO PACINOTTI;in corrispondenza;;del civico n.;8;;Scontro laterale fra veicoli in marcia;Rettilineo;Una carreggiata a doppio senso;Asciutto;Asfaltata;Orizzontale;Sereno;Normale;Buona;;0;0;0;4;12.4682;41.8709;-1;2;Autovettura privata;In marcia / fermata / arresto;Conducente;M;Illeso;0;;;Inesploso
5907230;15;09/04/2022 10:30:00;Strada Urbana;VIA ANTONIO PACINOTTI;in corrispondenza;;del civico n.;8;;Scontro laterale fra veicoli in marcia;Rettilineo;Una carreggiata a doppio senso;Asciutto;Asfaltata;Orizzontale;Sereno;Normale;Buona;;0;0;0;4;12.4682;41.8709;-1;2;Autovettura privata;In marcia / fermata / arresto;Passeggero;F;Illeso;0;;;
5907237;18;09/04/2022 13:30:00;Strada Urbana;VIA GREGORIO VII;in prossimit�;;del civico n.;59;;Scontro laterale fra veicoli in marcia;Rettilineo;Pi� di due carreggiate;Asciutto;Asfaltata;Verticale ed orizzontale;Nuvoloso;Normale;Buona;;1;0;0;2;12.4505;41.8975;-1;1;Autovettura pubblica;In marcia / fermata / arresto;Conducente;M;Illeso;0;;Non accertato;Inesploso
5907237;18;09/04/2022 13:30:00;Strada Urbana;VIA GREGORIO VII;in prossimit�;;del civico n.;59;;Scontro laterale fra veicoli in marcia;Rettilineo;Pi� di due carreggiate;Asciutto;Asfaltata;Verticale ed orizzontale;Nuvoloso;Normale;Buona;;1;0;0;2;12.4505;41.8975;-1;2;Autovettura privata;In marcia / fermata / arresto;Conducente;M;Illeso;0;;Non accertato;Inesploso
5907237;18;09/04/2022 13:30:00;Strada Urbana;VIA GREGORIO VII;in prossimit�;;del civico n.;59;;Scontro laterale fra veicoli in marcia;Rettilineo;Pi� di due carreggiate;Asciutto;Asfaltata;Verticale ed orizzontale;Nuvoloso;Normale;Buona;;1;0;0;2;12.4505;41.8975;-1;2;Autovettura privata;In marcia / fermata / arresto;Passeggero;F;Rimandato;0;NON DECEDUTO;Non accertato;Inesploso