Protocollo;Gruppo;DataOraIncidente;Localizzazione1;STRADA1;Localizzazione2;STRADA2;Strada02;Chilometrica;DaSpecificare;NaturaIncidente;particolaritastrade;TipoStrada;FondoStradale;Pavimentazione;Segnaletica;CondizioneAtmosferica;Traffico;Visibilita;Illuminazione;NUM_FERITI;NUM_RISERVATA;NUM_MORTI;NUM_ILLESI;Longitude;Latitude;Confermato;Progressivo;TipoVeicolo;StatoVeicolo;TipoPersona;Sesso;Tipolesione;Deceduto;DecedutoDopo;CinturaCascoUtilizzato;Airbag;
5907247;15;09/04/2022 06:40:00;Strada Urbana;VIA PORTUENSE;all'intersezione con;VIA DEGLI ORSEOLO;VIA DEGLI ORSEOLO;;;Scontro laterale fra veicoli in marcia;Intersezione non regolata/non segnalata;Una carreggiata a doppio senso;Asciutto;Asfaltata;Verticale;Nuvoloso;Scarso;Buona;;0;0;0;2;12.414;41.8469;-1;1;Autovettura privata;In marcia / fermata / arresto;Conducente;M;Illeso;0;;Non accertato;Inesploso
5907247;15;09/04/2022 06:40:00;Strada Urbana;VIA PORTUENSE;all'intersezione con;VIA DEGLI ORSEOLO;VIA DEGLI ORSEOLO;;;Scontro laterale fra veicoli in marcia;Intersezione non regolata/non segnalata;Una carreggiata a doppio senso;Asciutto;Asfaltata;Verticale;Nuvoloso;Scarso;Buona;;0;0;0;2;12.414;41.8469;-1;2;Autovettura privata;In marcia / fermata / arresto;Conducente;M;Illeso;0;;Non accertato;Inesploso
5907335;3;09/04/2022 02:01:00;Strada Urbana;VIALE IPPOCRATE;da specificare;;;;altezza Largo E.Marchiafava;Investimento di pedone;Rettilineo;Due carreggiate;Asciutto;Asfaltata;Orizzontale;Sereno;Normale;Sufficiente;;1;0;0;2;12.5177;41.9071;-1;;;;Pedone;F;Rimandato;0;NON DECEDUTO;;
5907335;3;09/04/2022 02:01:00;Strada Urbana;VIALE IPPOCRATE;da specificare;;;;altezza Largo E.Marchiafava;Investimento di pedone;Rettilineo;Due carreggiate;Asciutto;Asfaltata;Orizzontale;Sereno;Normale;Sufficiente;;1;0;0;2;12.5177;41.9071;-1;1;Motociclo a solo;In marcia / fermata / arresto;Conducente;M;Illeso;0;;Non accertato;
5907335;3;09/04/2022 02:01:00;Strada Urbana;VIALE IPPOCRATE;da specificare;;;;altezza Largo E.Marchiafava;Investimento di pedone;Rettilineo;Due carreggiate;Asciutto;Asfaltata;Orizzontale;Sereno;Normale;Sufficiente;;1;0;0;2;12.5177;41.9071;-1;1;Motociclo a solo;In marcia / fermata / arresto;Passeggero;M;Illeso;0;;Non accertato;
5907418;18;09/04/2022 16:40:00;Strada Urbana;VIA DI BOCCEA;in prossimit�;;del civico n.;758;;Veicolo in marcia contro veicolo arresto;Rettilineo;Una carreggiata a doppio senso;Asciutto;Asfaltata;Verticale ed orizzontale;Nuvoloso;Normale;Buona;;0;0;0;2;12.3643;41.925;-1;1;Macchina operatrice;In marcia / fermata / arresto;Conducente;M;Illeso;0;;Non accertato;Inesploso
5907418;18;09/04/2022 16:40:00;Strada Urbana;VIA DI BOCCEA;in prossimit�;;del civico n.;758;;Veicolo in marcia contro veicolo arresto;Rettilineo;Una carreggiata a doppio senso;Asciutto;Asfaltata;Verticale ed orizzontale;Nuvoloso;Normale;Buona;;0;0;0;2;12.3643;41.925;-1;2;Autovettura privata;In marcia / fermata / arresto;Conducente;F;Illeso;0;;Non accertato;Inesploso
5907450;3;08/04/2022 07:15:00;Strada Urbana;VIA DEI FALISCI;in prossimit�;;del civico n.;1;;Infortunio per caduta del veicolo;Rettilineo;Una carreggiata a senso unico di marcia;Asciutto;Asfaltata;Verticale ed orizzontale;Sereno;Scarso;Buona;;1;0;0;0;12.5126;41.8973;-1;1;Motociclo a solo;In marcia / fermata / arresto;Conducente;F;Rimandato;0;NON DECEDUTO;;
5907453;3;07/04/2022 18:50:00;Strada Urbana;CIRCONVALLAZIONE NOMENTANA;da specificare;;;;prox. largo lanciani;Scontro laterale fra veicoli in marcia;Rettilineo;Una carreggiata a senso unico di marcia;Asciutto;Asfaltata;Verticale ed orizzontale;Sereno;Normale;Buona;;0;0;0;2;12.527;41.9196;-1;1;Autovettura privata;In marcia / fermata / arresto;Conducente;M;Illeso;0;;;
5907453;3;07/04/2022 18:50:00;Strada Urbana;CIRCONVALLAZIONE NOMENTANA;da specificare;;;;prox. largo lanciani;Scontro laterale fra veicoli in marcia;Rettilineo;Una carreggiata a senso unico di marcia;Asciutto;Asfaltata;Verticale ed orizzontale;Sereno;Normale;Buona;;0;0;0;2;12.527;41.9196;-1;2;Autovettura privata;In marcia / fermata / arresto;Conducente;M;Illeso;0;;;
5907458;3;08/04/2022 11:00:00;Strada Urbana;PIAZZALE ALDO MORO;in corrispondenza;;del civico n.;3;;Scontro frontale/laterale DX fra veicoli in marcia;Rotatoria;Due carreggiate;Asciutto;Asfaltata;Verticale ed orizzontale;Nuvoloso;Normale;Buona;;0;0;0;2;12.5124;41.9014;-1;1;Autovettura privata;In marcia / fermata / arresto;Conducente;F;Illeso;0;;;
5907458;3;08/04/2022 11:00:00;Strada Urbana;PIAZZALE ALDO MORO;in corrispondenza;;del civico n.;3;;Scontro frontale/laterale DX fra veicoli in marcia;Rotatoria;Due carreggiate;Asciutto;Asfaltata;Verticale ed orizzontale;Nuvoloso;Normale;Buona;;0;0;0;2;12.5124;41.9014;-1;2;Autovettura privata;In marcia / fermata / arresto;Conducente;F;Illeso;0;;;
5907625;13;09/04/2022 11:25:00;Strada Urbana;VIA DI CASAL PALOCCO;in corrispondenza;;del civico n.;12;;Investimento di pedone;Rettilineo;Una carreggiata a doppio senso;Asciutto;Asfaltata;Verticale ed orizzontale;Nuvoloso;Normale;Buona;;1;0;0;2;12.3571;41.7462;-1;;;;Pedone;F;Rimandato;0;NON DECEDUTO;;
5907625;13;09/04/2022 11:25:00;Strada Urbana;VIA DI CASAL PALOCCO;in corrispondenza;;del civico n.;12;;Investimento di pedone;Rettilineo;Una carreggiata a doppio senso;Asciutto;Asfaltata;Verticale ed orizzontale;Nuvoloso;Normale;Buona;;1;0;0;2;12.3571;41.7462;-1;;;;Pedone;F;Illeso;0;;;
5907625;13;09/04/2022 11:25:00;Strada Urbana;VIA DI CASAL PALOCCO;in corrispondenza;;del civico n.;12;;Investimento di pedone;Rettilineo;Una carreggiata a doppio senso;Asciutto;Asfaltata;Verticale ed orizzontale;Nuvoloso;Normale;Buona;;1;0;0;2;12.3571;41.7462;-1;1;Autovettura privata;In marcia / fermata / arresto;Conducente;F;Illeso;0;;Non accertato;Inesploso
5907643;13;09/04/2022 13:30:00;Strada Urbana;PIAZZALE CRISTOFORO COLOMBO;all'intersezione con;LUNGOMARE LUTAZIO CATULO;LUNGOMARE LUTAZIO CATULO;;;Scontro frontale/laterale DX fra veicoli in marcia;Rotatoria;Due carreggiate;Asciutto;Asfaltata;Orizzontale;Sereno;Normale;Buona;;1;0;0;3;12.3173;41.7147;-1;1;Autovettura privata;In marcia / fermata / arresto;Conducente;M;Illeso;0;;Non accertato;Inesploso
5907643;13;09/04/2022 13:30:00;Strada Urbana;PIAZZALE CRISTOFORO COLOMBO;all'intersezione con;LUNGOMARE LUTAZIO CATULO;LUNGOMARE LUTAZIO CATULO;;;Scontro frontale/laterale DX fra veicoli in marcia;Rotatoria;Due carreggiate;Asciutto;Asfaltata;Orizzontale;Sereno;Normale;Buona;;1;0;0;3;12.3173;41.7147;-1;1;Autovettura privata;In marcia / fermata / arresto;Passeggero;F;Ricoverato;0;NON DECEDUTO;Non accertato;Esploso
5907643;13;09/04/2022 13:30:00;Strada Urbana;PIAZZALE CRISTOFORO COLOMBO;all'intersezione con;LUNGOMARE LUTAZIO CATULO;LUNGOMARE LUTAZIO CATULO;;;Scontro frontale/laterale DX fra veicoli in marcia;Rotatoria;Due carreggiate;Asciutto;Asfaltata;Orizzontale;Sereno;Normale;Buona;;1;0;0;3;12.3173;41.7147;-1;1;Autovettura privata;In marcia / fermata / arresto;Passeggero;M;Illeso;0;;Non accertato;Esploso
5907643;13;09/04/2022 13:30:00;Strada Urbana;PIAZZALE CRISTOFORO COLOMBO;all'intersezione con;LUNGOMARE LUTAZIO CATULO;LUNGOMARE LUTAZIO CATULO;;;Scontro frontale/laterale DX fra veicoli in marcia;Rotatoria;Due carreggiate;Asciutto;Asfaltata;Orizzontale;Sereno;Normale;Buona;;1;0;0;3;12.3173;41.7147;-1;2;Autovettura privata;In marcia / fermata / arresto;Conducente;M;Illeso;0;;;
5907678;5;09/04/2022 18:50:00;Provinciale entro l'abitato;VIA RINALDO D'AQUINO;da specificare;;;;53 mt. dopo palo ACEA 15;Scontro laterale fra veicoli in marcia;Curva a visuale libera;Due carreggiate;Asciutto;Asfaltata;Verticale ed orizzontale;Sereno;Scarso;Buona;;1;1;0;0;12.6042;41.9577;-1;1;Autovettura privata;In marcia / fermata / arresto;Conducente;M;Rimandato;0;NON DECEDUTO;Non accertato;
5907678;5;09/04/2022 18:50:00;Provinciale entro l'abitato;VIA RINALDO D'AQUINO;da specificare;;;;53 mt. dopo palo ACEA 15;Scontro laterale fra veicoli in marcia;Curva a visuale libera;Due carreggiate;Asciutto;Asfaltata;Verticale ed orizzontale;Sereno;Scarso;Buona;;1;1;0;0;12.6042;41.9577;-1;2;Autovettura privata;In marcia / fermata / arresto;Conducente;M;Prognosi riservata;0;NON DECEDUTO;Non accertato;
5907776;1;09/04/2022 18:40:00;Strada Urbana;VIA DI CAPO LE CASE;da specificare;;;;fronte civico 28/29;Scontro frontale/laterale SX fra veicoli in marcia;Rettilineo;Una carreggiata a senso unico di marcia;Asciutto;Asfaltata;Verticale ed orizzontale;;Normale;Buona;;0;0;0;3;12.4846;41.9039;0;1;Autovettura privata;In marcia / fermata / arresto;Conducente;F;Illeso;0;;;
5907776;1;09/04/2022 18:40:00;Strada Urbana;VIA DI CAPO LE CASE;da specificare;;;;fronte civico 28/29;Scontro frontale/laterale SX fra veicoli in marcia;Rettilineo;Una carreggiata a senso unico di marcia;Asciutto;Asfaltata;Verticale ed orizzontale;;Normale;Buona;;0;0;0;3;12.4846;41.9039;0;1;Autovettura privata;In marcia / fermata / arresto;Passeggero;F;Illeso;0;;;
5907776;1;09/04/2022 18:40:00;Strada Urbana;VIA DI CAPO LE CASE;da specificare;;;;fronte civico 28/29;Scontro frontale/laterale SX fra veicoli in marcia;Rettilineo;Una carreggiata a senso unico di marcia;Asciutto;Asfaltata;Verticale ed orizzontale;;Normale;Buona;;0;0;0;3;12.4846;41.9039;0;1;Autovettura privata;In marcia / fermata / arresto;Passeggero;M;Illeso;0;;;
5907776;1;09/04/2022 18:40:00;Strada Urbana;VIA DI CAPO LE CASE;da specificare;;;;fronte civico 28/29;Scontro frontale/laterale SX fra veicoli in marcia;Rettilineo;Una carreggiata a senso unico di marcia;Asciutto;Asfaltata;Verticale ed orizzontale;;Normale;Buona;;0;0;0;3;12.4846;41.9039;0;2;Autovettura di polizia;Allontanatosi;;;;;;;
5907798;8;08/04/2022 16:30:00;Strada Urbana;VIA PRENESTINA;all'intersezione con;VIA ROMOLO VASELLI;VIA ROMOLO VASELLI;;;Scontro frontale/laterale DX fra veicoli in marcia;Incrocio;Una carreggiata a doppio senso;Asciutto;Asfaltata;Verticale ed orizzontale;Sereno;Normale;Buona;;0;0;0;2;12.6519;41.8917;-1;1;Autovettura privata;In marcia / fermata / arresto;Conducente;M;Illeso;0;;Non accertato;Inesploso
5907798;8;08/04/2022 16:30:00;Strada Urbana;VIA PRENESTINA;all'intersezione con;VIA ROMOLO VASELLI;VIA ROMOLO VASELLI;;;Scontro frontale/laterale DX fra veicoli in marcia;Incrocio;Una carreggiata a doppio senso;Asciutto;Asfaltata;Verticale ed orizzontale;Sereno;Normale;Buona;;0;0;0;2;12.6519;41.8917;-1;1;Autovettura privata;In marcia / fermata / arresto;Passeggero;F;Illeso;0;;Non accertato;Inesploso
5907798;8;08/04/2022 16:30:00;Strada Urbana;VIA PRENESTINA;all'intersezione con;VIA ROMOLO VASELLI;VIA ROMOLO VASELLI;;;Scontro frontale/laterale DX fra veicoli in marcia;Incrocio;Una carreggiata a doppio senso;Asciutto;Asfaltata;Verticale ed orizzontale;Sereno;Normale;Buona;;0;0;0;2;12.6519;41.8917;-1;2;Motociclo a solo;In marcia / fermata / arresto;;;;;;;
5907841;1;09/04/2022 23:30:00;Strada Urbana;CORSO DEL RINASCIMENTO;da specificare;;;;fronte civico 40;Scontro laterale fra veicoli in marcia;Rettilineo;Una carreggiata a doppio senso;Asciutto;Asfaltata;Verticale ed orizzontale;Sereno;Scarso;Insufficiente;;0;0;0;4;;;0;1;Autovettura privata;In marcia / fermata / arresto;Conducente;M;Illeso;0;;;
5907841;1;09/04/2022 23:30:00;Strada Urbana;CORSO DEL RINASCIMENTO;da specificare;;;;fronte civico 40;Scontro laterale fra veicoli in marcia;Rettilineo;Una carreggiata a doppio senso;Asciutto;Asfaltata;Verticale ed orizzontale;Sereno;Scarso;Insufficiente;;0;0;0;4;;;0;1;Autovettura privata;In marcia / fermata / arresto;Passeggero;M;Illeso;0;;;
5907841;1;09/04/2022 23:30:00;Strada Urbana;CORSO DEL RINASCIMENTO;da specificare;;;;fronte civico 40;Scontro laterale fra veicoli in marcia;Rettilineo;Una carreggiata a doppio senso;Asciutto;Asfaltata;Verticale ed orizzontale;Sereno;Scarso;Insufficiente;;0;0;0;4;;;0;2;Autovettura privata;In marcia / fermata / arresto;Conducente;M;Illeso;0;;;
5907841;1;09/04/2022 23:30:00;Strada Urbana;CORSO DEL RINASCIMENTO;da specificare;;;;fronte civico 40;Scontro laterale fra veicoli in marcia;Rettilineo;Una carreggiata a doppio senso;Asciutto;Asfaltata;Verticale ed orizzontale;Sereno;Scarso;Insufficiente;;0;0;0;4;;;0;2;Autovettura privata;In marcia / fermata / arresto;Passeggero;M;Illeso;0;;;
5907842;8;08/04/2022 10:45:00;Strada Urbana;VIALE GUIDO CARLI;all'intersezione con;VIA DI GROTTE PORTELLA;VIA DI GROTTE PORTELLA;;;Scontro laterale fra veicoli in marcia;Rotatoria;Una carreggiata a senso unico di marcia;Asciutto;Asfaltata;Verticale ed orizzontale;Sereno;Normale;Buona;;0;0;0;2;12.647;41.8432;-1;1;Autovettura privata;In marcia / fermata / arresto;Conducente;F;Illeso;0;;Non accertato;Inesploso
5907842;8;08/04/2022 10:45:00;Strada Urbana;VIALE GUIDO CARLI;all'intersezione con;VIA DI GROTTE PORTELLA;VIA DI GROTTE PORTELLA;;;Scontro laterale fra veicoli in marcia;Rotatoria;Una carreggiata a senso unico di marcia;Asciutto;Asfaltata;Verticale ed orizzontale;Sereno;Normale;Buona;;0;0;0;2;12.647;41.8432;-1;2;Autovettura privata;In marcia / fermata / arresto;Conducente;F;Illeso;0;;Non accertato;Inesploso
5907850;12;09/04/2022 23:45:00;Altra strada;VIADOTTO DELLA MAGLIANA;da specificare;;;;svincolo via del Pattinaggio;Veicolo in marcia contro ostacolo fisso;Rettilineo;Due carreggiate;Asciutto;Asfaltata;Verticale ed orizzontale;Sereno;Scarso;Buona;;0;0;0;1;12.472;41.8417;-1;1;Autovettura privata;In marcia / fermata / arresto;Conducente;M;Illeso;0;;Utilizzato;Inesploso
5907851;8;08/04/2022 09:00:00;Strada Urbana;VIA SALEMI;in corrispondenza;;del civico n.;127;;Veicolo in marcia contro veicoli in sosta;Rettilineo;Una carreggiata a senso unico di marcia;Asciutto;Asfaltata;Verticale;Nuvoloso;Normale;Buona;;1;0;0;1;12.6487;41.8677;-1;;;;Pedone;M;Rimandato;0;NON DECEDUTO;;
5907851;8;08/04/2022 09:00:00;Strada Urbana;VIA SALEMI;in corrispondenza;;del civico n.;127;;Veicolo in marcia contro veicoli in sosta;Rettilineo;Una carreggiata a senso unico di marcia;Asciutto;Asfaltata;Verticale;Nuvoloso;Normale;Buona;;1;0;0;1;12.6487;41.8677;-1;1;Autovettura privata;Sosta;;;;;;;
5907851;8;08/04/2022 09:00:00;Strada Urbana;VIA SALEMI;in corrispondenza;;del civico n.;127;;Veicolo in marcia contro veicoli in sosta;Rettilineo;Una carreggiata a senso unico di marcia;Asciutto;Asfaltata;Verticale;Nuvoloso;Normale;Buona;;1;0;0;1;12.6487;41.8677;-1;2;Autovettura privata;Sosta;;;;;;;
5907851;8;08/04/2022 09:00:00;Strada Urbana;VIA SALEMI;in corrispondenza;;del civico n.;127;;Veicolo in marcia contro veicoli in sosta;Rettilineo;Una carreggiata a senso unico di marcia;Asciutto;Asfaltata;Verticale;Nuvoloso;Normale;Buona;;1;0;0;1;12.6487;41.8677;-1;3;Autovettura privata;In marcia / fermata / arresto;Conducente;M;Illeso;0;;Non accertato;Inesploso
5907854;20;09/04/2022 01:30:00;Strada Urbana;VIA LUIGI BODIO;in prossimit�;;del civico n.;43;;Veicolo in marcia contro veicolo in sosta;Rettilineo;Una carreggiata a senso unico di marcia;Asciutto;Asfaltata;Assente;Sereno;Scarso;Buona;;0;0;0;0;12.4686;41.945;-1;1;Autovettura privata;Sosta;;;;;;;
5907854;20;09/04/2022 01:30:00;Strada Urbana;VIA LUIGI BODIO;in prossimit�;;del civico n.;43;;Veicolo in marcia contro veicolo in sosta;Rettilineo;Una carreggiata a senso unico di marcia;Asciutto;Asfaltata;Assente;Sereno;Scarso;Buona;;0;0;0;0;12.4686;41.945;-1;2;Autovettura privata;Allontanatosi;;;;;;;
5907858;12;09/04/2022 19:10:00;Strada Urbana;VIALE GIORGIO RIBOTTA;da specificare;;;;alt. rotatoria Paride Stefanini;Scontro laterale fra veicoli in marcia;Rotatoria;Una carreggiata a senso unico di marcia;Asciutto;Asfaltata;Verticale ed orizzontale;Sereno;Scarso;Buona;;0;0;0;3;12.4549;41.8158;-1;1;Autovettura privata;In marcia / fermata / arresto;Conducente;M;Illeso;0;;;
5907858;12;09/04/2022 19:10:00;Strada Urbana;VIALE GIORGIO RIBOTTA;da specificare;;;;alt. rotatoria Paride Stefanini;Scontro laterale fra veicoli in marcia;Rotatoria;Una carreggiata a senso unico di marcia;Asciutto;Asfaltata;Verticale ed orizzontale;Sereno;Scarso;Buona;;0;0;0;3;12.4549;41.8158;-1;1;Autovettura privata;In marcia / fermata / arresto;Passeggero;F;Illeso;0;;;
5907858;12;09/04/2022 19:10:00;Strada Urbana;VIALE GIORGIO RIBOTTA;da specificare;;;;alt. rotatoria Paride Stefanini;Scontro laterale fra veicoli in marcia;Rotatoria;Una carreggiata a senso unico di marcia;Asciutto;Asfaltata;Verticale ed orizzontale;Sereno;Scarso;Buona;;0;0;0;3;12.4549;41.8158;-1;2;Motociclo a solo;In marcia / fermata / arresto;Conducente;M;Illeso;0;;;
5907864;1;09/04/2022 15:20:00;Strada Urbana;VIA SEBASTIANO GRANDIS;in prossimit�;;del civico n.;1;;Tamponamento Multiplo;Rettilineo;Una carreggiata a senso unico di marcia;Asciutto;Asfaltata;Verticale ed orizzontale;Sereno;Normale;Buona;;0;0;0;4;12.5138;41.8887;-1;1;Autovettura privata;In marcia / fermata / arresto;Conducente;M;Illeso;0;;;
5907864;1;09/04/2022 15:20:00;Strada Urbana;VIA SEBASTIANO GRANDIS;in prossimit�;;del civico n.;1;;Tamponamento Multiplo;Rettilineo;Una carreggiata a senso unico di marcia;Asciutto;Asfaltata;Verticale ed orizzontale;Sereno;Normale;Buona;;0;0;0;4;12.5138;41.8887;-1;2;Autovettura privata;In marcia / fermata / arresto;Conducente;M;Illeso;0;;;
5907864;1;09/04/2022 15:20:00;Strada Urbana;VIA SEBASTIANO GRANDIS;in prossimit�;;del civico n.;1;;Tamponamento Multiplo;Rettilineo;Una carreggiata a senso unico di marcia;Asciutto;Asfaltata;Verticale ed orizzontale;Sereno;Normale;Buona;;0;0;0;4;12.5138;41.8887;-1;2;Autovettura privata;In marcia / fermata / arresto;Passeggero;M;Illeso;0;;;
5907864;1;09/04/2022 15:20:00;Strada Urbana;VIA SEBASTIANO GRANDIS;in prossimit�;;del civico n.;1;;Tamponamento Multiplo;Rettilineo;Una carreggiata a senso unico di marcia;Asciutto;Asfaltata;Verticale ed orizzontale;Sereno;Normale;Buona;;0;0;0;4;12.5138;41.8887;-1;3;Autocarro inferiore 35 q.;In marcia / fermata / arresto;Conducente;M;Illeso;0;;;
5907866;20;09/04/2022 06:05:00;Provinciale;VIA FLAMINIA;in prossimit�;;della chilometrica;18.7;;Scontro frontale/laterale SX fra veicoli in marcia;Curva a visuale libera;Una carreggiata a doppio senso;Asciutto;Asfaltata;Orizzontale;Sereno;Scarso;Buona;;2;0;0;2;12.4718;41.9419;-1;1;Autovettura privata;In marcia / fermata / arresto;Conducente;M;Illeso;0;;Non accertato;Esploso
5907866;20;09/04/2022 06:05:00;Provinciale;VIA FLAMINIA;in prossimit�;;della chilometrica;18.7;;Scontro frontale/laterale SX fra veicoli in marcia;Curva a visuale libera;Una carreggiata a doppio senso;Asciutto;Asfaltata;Orizzontale;Sereno;Scarso;Buona;;2;0;0;2;12.4718;41.9419;-1;2;Autovettura privata;In marcia / fermata / arresto;Conducente;M;Illeso;0;;Non accertato;
5907866;20;09/04/2022 06:05:00;Provinciale;VIA FLAMINIA;in prossimit�;;della chilometrica;18.7;;Scontro frontale/laterale SX fra veicoli in marcia;Curva a visuale libera;Una carreggiata a doppio senso;Asciutto;Asfaltata;Orizzontale;Sereno;Scarso;Buona;;2;0;0;2;12.4718;41.9419;-1;3;Autovettura privata;In marcia / fermata / arresto;Conducente;M;Rimandato;0;NON DECEDUTO;Non accertato;
5907866;20;09/04/2022 06:05:00;Provinciale;VIA FLAMINIA;in prossimit�;;della chilometrica;18.7;;Scontro frontale/laterale SX fra veicoli in marcia;Curva a visuale libera;Una carreggiata a doppio senso;Asciutto;Asfaltata;Orizzontale;Sereno;Scarso;Buona;;2;0;0;2;12.4718;41.9419;-1;4;Autovettura privata;In marcia / fermata / arresto;Conducente;M;Rimandato;0;NON DECEDUTO;Non accertato;
5907873;8;08/04/2022 02:00:00;Strada Urbana;VIA ORTONA DE' MARSI;all'intersezione con;VIA MOLINA ATERNO;VIA MOLINA ATERNO;;;Veicolo in marcia contro ostacolo fisso;Incrocio;Una carreggiata a doppio senso;Asciutto;Asfaltata;Verticale;Sereno;Scarso;Sufficiente;;0;0;0;1;12.6906;41.914;-1;1;Autovettura privata;In marcia / fermata / arresto;Conducente;M;Illeso;0;;Non accertato;Inesploso
5907876;8;08/04/2022 14:45:00;Strada Urbana;VIA DEL FOSSO DI S. MAURA;in corrispondenza;;del palo luce n.;36;;Scontro laterale fra veicoli in marcia;Rettilineo;Due carreggiate;Asciutto;Asfaltata;Verticale ed orizzontale;Sereno;Normale;Buona;;1;0;0;1;12.5947;41.858;-1;1;Motociclo a solo;In marcia / fermata / arresto;Conducente;M;Rimandato;0;NON DECEDUTO;Non accertato;
5907876;8;08/04/2022 14:45:00;Strada Urbana;VIA DEL FOSSO DI S. MAURA;in corrispondenza;;del palo luce n.;36;;Scontro laterale fra veicoli in marcia;Rettilineo;Due carreggiate;Asciutto;Asfaltata;Verticale ed orizzontale;Sereno;Normale;Buona;;1;0;0;1;12.5947;41.858;-1;2;Autovettura privata;In marcia / fermata / arresto;Conducente;M;Illeso;0;;Non accertato;Inesploso
5907877;12;09/04/2022 19:05:00;Strada Urbana;VIALE DELL'ARTE;da specificare;;;;fronte civ. 5;Veicolo in marcia contro veicolo fermo;Rettilineo;Una carreggiata a doppio senso;Asciutto;Asfaltata;Verticale ed orizzontale;Sereno;Normale;Buona;;0;0;0;3;12.4743;41.8295;-1;1;Autoveicolo trasp.promisc.;In marcia / fermata / arresto;Conducente;M;Illeso;0;;;
5907877;12;09/04/2022 19:05:00;Strada Urbana;VIALE DELL'ARTE;da specificare;;;;fronte civ. 5;Veicolo in marcia contro veicolo fermo;Rettilineo;Una carreggiata a doppio senso;Asciutto;Asfaltata;Verticale ed orizzontale;Sereno;Normale;Buona;;0;0;0;3;12.4743;41.8295;-1;2;Autovettura di polizia;In marcia / fermata / arresto;Conducente;M;Illeso;0;;;
5907877;12;09/04/2022 19:05:00;Strada Urbana;VIALE DELL'ARTE;da specificare;;;;fronte civ. 5;Veicolo in marcia contro veicolo fermo;Rettilineo;Una carreggiata a doppio senso;Asciutto;Asfaltata;Verticale ed orizzontale;Sereno;Normale;Buona;;0;0;0;3;12.4743;41.8295;-1;2;Autovettura di polizia;In marcia / fermata / arresto;Passeggero;M;Illeso;0;;;
5907879;8;08/04/2022 20:05:00;Strada Urbana;VIA TORRE DELLO STINCO;in prossimit�;;del palo luce n.;9;;Veicolo in marcia contro veicoli in sosta;Rettilineo;Una carreggiata a senso unico di marcia;Asciutto;Asfaltata;Orizzontale;Sereno;Scarso;Sufficiente;;0;0;0;1;12.6784;41.8512;-1;1;Autovettura privata;In marcia / fermata / arresto;Conducente;M;Illeso;0;;Non accertato;Inesploso
5907879;8;08/04/2022 20:05:00;Strada Urbana;VIA TORRE DELLO STINCO;in prossimit�;;del palo luce n.;9;;Veicolo in marcia contro veicoli in sosta;Rettilineo;Una carreggiata a senso unico di marcia;Asciutto;Asfaltata;Orizzontale;Sereno;Scarso;Sufficiente;;0;0;0;1;12.6784;41.8512;-1;2;Autovettura privata;Sosta;;;;;;;
5907879;8;08/04/2022 20:05:00;Strada Urbana;VIA TORRE DELLO STINCO;in prossimit�;;del palo luce n.;9;;Veicolo in marcia contro veicoli in sosta;Rettilineo;Una carreggiata a senso unico di marcia;Asciutto;Asfaltata;Orizzontale;Sereno;Scarso;Sufficiente;;0;0;0;1;12.6784;41.8512;-1;3;Autovettura privata;Sosta;;;;;;;
5907880;8;08/04/2022 07:10:00;Strada Urbana;VIA BORGHESIANA;all'intersezione con;VIA ROCCALUMERA;VIA ROCCALUMERA;;;Scontro frontale/laterale DX fra veicoli in marcia;Incrocio;Una carreggiata a doppio senso;Asciutto;Asfaltata;Verticale ed orizzontale;Sereno;Normale;Buona;;1;0;0;2;12.6724;41.8765;-1;1;Autocarro inferiore 35 q.;In marcia / fermata / arresto;Conducente;M;Rifiuta cure immediate;0;NON DECEDUTO;Non accertato;Inesploso
5907880;8;08/04/2022 07:10:00;Strada Urbana;VIA BORGHESIANA;all'intersezione con;VIA ROCCALUMERA;VIA ROCCALUMERA;;;Scontro frontale/laterale DX fra veicoli in marcia;Incrocio;Una carreggiata a doppio senso;Asciutto;Asfaltata;Verticale ed orizzontale;Sereno;Normale;Buona;;1;0;0;2;12.6724;41.8765;-1;2;Autovettura privata;In marcia / fermata / arresto;Conducente;M;Illeso;0;;Non accertato;Inesploso
5907880;8;08/04/2022 07:10:00;Strada Urbana;VIA BORGHESIANA;all'intersezione con;VIA ROCCALUMERA;VIA ROCCALUMERA;;;Scontro frontale/laterale DX fra veicoli in marcia;Incrocio;Una carreggiata a doppio senso;Asciutto;Asfaltata;Verticale ed orizzontale;Sereno;Normale;Buona;;1;0;0;2;12.6724;41.8765;-1;3;Autovettura privata;In marcia / fermata / arresto;Conducente;M;Illeso;0;;Non accertato;Inesploso
5907881;8;09/04/2022 00:30:00;Provinciale entro l'abitato;VIA POLENSE;da specificare;;;;PROX VIA CAMPO IMPERATORE;Scontro frontale fra veicoli in marcia;Curva a visuale libera;Una carreggiata a doppio senso;Asciutto;Asfaltata;Verticale ed orizzontale;Sereno;Scarso;Sufficiente;;2;0;0;0;12.7087;41.9031;-1;1;Autovettura privata;In marcia / fermata / arresto;Conducente;M;Rimandato;0;NON DECEDUTO;Non accertato;Esploso
5907881;8;09/04/2022 00:30:00;Provinciale entro l'abitato;VIA POLENSE;da specificare;;;;PROX VIA CAMPO IMPERATORE;Scontro frontale fra veicoli in marcia;Curva a visuale libera;Una carreggiata a doppio senso;Asciutto;Asfaltata;Verticale ed orizzontale;Sereno;Scarso;Sufficiente;;2;0;0;0;12.7087;41.9031;-1;2;Autovettura privata;In marcia / fermata / arresto;Conducente;M;Rimandato;0;NON DECEDUTO;Non accertato;Esploso