Protocollo;Gruppo;DataOraIncidente;Localizzazione1;STRADA1;Localizzazione2;STRADA2;Strada02;Chilometrica;DaSpecificare;NaturaIncidente;particolaritastrade;TipoStrada;FondoStradale;Pavimentazione;Segnaletica;CondizioneAtmosferica;Traffico;Visibilita;Illuminazione;NUM_FERITI;NUM_RISERVATA;NUM_MORTI;NUM_ILLESI;Longitude;Latitude;Confermato;Progressivo;TipoVeicolo;StatoVeicolo;TipoPersona;Sesso;Tipolesione;Deceduto;DecedutoDopo;CinturaCascoUtilizzato;Airbag;
5907883;8;09/04/2022 08:30:00;Strada Urbana;VIA BORGHESIANA;all'intersezione con;VIA TORREGROTTA;VIA TORREGROTTA;;;Scontro laterale fra veicoli in marcia;Incrocio;Una carreggiata a senso unico di marcia;Asciutto;Asfaltata;Verticale ed orizzontale;Nuvoloso;Normale;Buona;;0;0;0;2;12.6724;41.8765;-1;1;Autovettura privata;In marcia / fermata / arresto;Conducente;M;Illeso;0;;;
5907883;8;09/04/2022 08:30:00;Strada Urbana;VIA BORGHESIANA;all'intersezione con;VIA TORREGROTTA;VIA TORREGROTTA;;;Scontro laterale fra veicoli in marcia;Incrocio;Una carreggiata a senso unico di marcia;Asciutto;Asfaltata;Verticale ed orizzontale;Nuvoloso;Normale;Buona;;0;0;0;2;12.6724;41.8765;-1;2;Autovettura privata;In marcia / fermata / arresto;Conducente;F;Illeso;0;;;
5907884;20;09/04/2022 08:20:00;Strada Urbana;LARGO FERRARIS IV;all'intersezione con;VIALE DELLO STADIO OLIMPICO;VIALE DELLO STADIO OLIMPICO;;;Scontro laterale fra veicoli in marcia;Intersezione stradale segnalata;Una carreggiata a senso unico di marcia;Asciutto;Asfaltata;Verticale ed orizzontale;Sereno;Scarso;Buona;;1;0;0;1;12.4549;41.9359;-1;1;Autovettura privata;In marcia / fermata / arresto;Conducente;M;Illeso;0;;Non accertato;
5907884;20;09/04/2022 08:20:00;Strada Urbana;LARGO FERRARIS IV;all'intersezione con;VIALE DELLO STADIO OLIMPICO;VIALE DELLO STADIO OLIMPICO;;;Scontro laterale fra veicoli in marcia;Intersezione stradale segnalata;Una carreggiata a senso unico di marcia;Asciutto;Asfaltata;Verticale ed orizzontale;Sereno;Scarso;Buona;;1;0;0;1;12.4549;41.9359;-1;2;Autovettura privata;In marcia / fermata / arresto;Conducente;M;Rimandato;0;NON DECEDUTO;Non accertato;Inesploso
5907886;8;09/04/2022 18:35:00;Strada Urbana;VIALE GIUSTINIANO IMPERATORE;all'intersezione semaforizzata con;VIA OSTIENSE;VIA OSTIENSE;;;Scontro laterale fra veicoli in marcia;Intersezione semaforizzata;Due carreggiate;Asciutto;Asfaltata;Verticale ed orizzontale;Nuvoloso;Normale;Sufficiente;;0;0;0;5;12.4841;41.8559;-1;1;Autovettura privata;In marcia / fermata / arresto;Conducente;M;Illeso;0;;Non accertato;Inesploso
5907886;8;09/04/2022 18:35:00;Strada Urbana;VIALE GIUSTINIANO IMPERATORE;all'intersezione semaforizzata con;VIA OSTIENSE;VIA OSTIENSE;;;Scontro laterale fra veicoli in marcia;Intersezione semaforizzata;Due carreggiate;Asciutto;Asfaltata;Verticale ed orizzontale;Nuvoloso;Normale;Sufficiente;;0;0;0;5;12.4841;41.8559;-1;1;Autovettura privata;In marcia / fermata / arresto;Passeggero;F;Illeso;0;;Non accertato;Inesploso
5907886;8;09/04/2022 18:35:00;Strada Urbana;VIALE GIUSTINIANO IMPERATORE;all'intersezione semaforizzata con;VIA OSTIENSE;VIA OSTIENSE;;;Scontro laterale fra veicoli in marcia;Intersezione semaforizzata;Due carreggiate;Asciutto;Asfaltata;Verticale ed orizzontale;Nuvoloso;Normale;Sufficiente;;0;0;0;5;12.4841;41.8559;-1;1;Autovettura privata;In marcia / fermata / arresto;Passeggero;M;Illeso;0;;Non accertato;Inesploso
5907886;8;09/04/2022 18:35:00;Strada Urbana;VIALE GIUSTINIANO IMPERATORE;all'intersezione semaforizzata con;VIA OSTIENSE;VIA OSTIENSE;;;Scontro laterale fra veicoli in marcia;Intersezione semaforizzata;Due carreggiate;Asciutto;Asfaltata;Verticale ed orizzontale;Nuvoloso;Normale;Sufficiente;;0;0;0;5;12.4841;41.8559;-1;1;Autovettura privata;In marcia / fermata / arresto;Passeggero;F;Illeso;0;;Non accertato;Inesploso
5907886;8;09/04/2022 18:35:00;Strada Urbana;VIALE GIUSTINIANO IMPERATORE;all'intersezione semaforizzata con;VIA OSTIENSE;VIA OSTIENSE;;;Scontro laterale fra veicoli in marcia;Intersezione semaforizzata;Due carreggiate;Asciutto;Asfaltata;Verticale ed orizzontale;Nuvoloso;Normale;Sufficiente;;0;0;0;5;12.4841;41.8559;-1;2;Autovettura privata;In marcia / fermata / arresto;Conducente;F;Illeso;0;;Non accertato;Inesploso
5907887;8;10/04/2022 00:45:00;Strada Urbana;VIA ROCCALUMERA;in prossimit�;;del civico n.;4;;Veicolo in marcia contro veicolo in sosta;Rettilineo;Una carreggiata a doppio senso;Asciutto;Asfaltata;Verticale ed orizzontale;Nuvoloso;Scarso;Sufficiente;;0;0;0;1;12.6677;41.883;-1;1;Autovettura privata;In marcia / fermata / arresto;Conducente;M;Illeso;0;;;
5907887;8;10/04/2022 00:45:00;Strada Urbana;VIA ROCCALUMERA;in prossimit�;;del civico n.;4;;Veicolo in marcia contro veicolo in sosta;Rettilineo;Una carreggiata a doppio senso;Asciutto;Asfaltata;Verticale ed orizzontale;Nuvoloso;Scarso;Sufficiente;;0;0;0;1;12.6677;41.883;-1;2;Autovettura privata;Sosta;;;;;;;
5907893;20;09/04/2022 19:57:00;Strada Urbana;VIA DELLA CAMILLUCCIA;in prossimit�;;del civico n.;555;;Scontro frontale/laterale SX fra veicoli in marcia;Rettilineo;Una carreggiata a doppio senso;Asciutto;Asfaltata;Verticale ed orizzontale;Sereno;Scarso;Buona;;0;0;0;3;12.4484;41.9428;-1;1;Autovettura privata;In marcia / fermata / arresto;Conducente;F;Illeso;0;;;
5907893;20;09/04/2022 19:57:00;Strada Urbana;VIA DELLA CAMILLUCCIA;in prossimit�;;del civico n.;555;;Scontro frontale/laterale SX fra veicoli in marcia;Rettilineo;Una carreggiata a doppio senso;Asciutto;Asfaltata;Verticale ed orizzontale;Sereno;Scarso;Buona;;0;0;0;3;12.4484;41.9428;-1;2;Autovettura privata;In marcia / fermata / arresto;Conducente;M;Illeso;0;;Non accertato;
5907893;20;09/04/2022 19:57:00;Strada Urbana;VIA DELLA CAMILLUCCIA;in prossimit�;;del civico n.;555;;Scontro frontale/laterale SX fra veicoli in marcia;Rettilineo;Una carreggiata a doppio senso;Asciutto;Asfaltata;Verticale ed orizzontale;Sereno;Scarso;Buona;;0;0;0;3;12.4484;41.9428;-1;2;Autovettura privata;In marcia / fermata / arresto;Passeggero;M;Illeso;0;;Non accertato;Inesploso
5907903;20;09/04/2022 21:15:00;Strada Urbana;VIA SOTTO IL MONTE;in corrispondenza;;del civico n.;83;;Veicolo in marcia contro veicolo in sosta;Rettilineo;Una carreggiata a doppio senso;Asciutto;Asfaltata;Assente;Sereno;Scarso;Sufficiente;;0;0;0;0;12.4814;41.9993;-1;1;Autovettura privata;In marcia / fermata / arresto;;;;;;;
5907903;20;09/04/2022 21:15:00;Strada Urbana;VIA SOTTO IL MONTE;in corrispondenza;;del civico n.;83;;Veicolo in marcia contro veicolo in sosta;Rettilineo;Una carreggiata a doppio senso;Asciutto;Asfaltata;Assente;Sereno;Scarso;Sufficiente;;0;0;0;0;12.4814;41.9993;-1;2;Autovettura privata;Sosta;;;;;;;
5907906;1;10/04/2022 03:10:00;Strada Urbana;VIALE MANZONI;all'intersezione semaforizzata con;VIA DI S. CROCE IN GERUSALEMME;VIA DI S. CROCE IN GERUSALEMME;;;Scontro frontale/laterale DX fra veicoli in marcia;Intersezione semaforizzata;Una carreggiata a doppio senso;Bagnato (umidit� in atto);Asfaltata;Verticale ed orizzontale;Nuvoloso;Normale;Sufficiente;;1;0;0;1;12.5087;41.8921;-1;1;Autovettura privata;In marcia / fermata / arresto;Conducente;M;Illeso;0;;;
5907906;1;10/04/2022 03:10:00;Strada Urbana;VIALE MANZONI;all'intersezione semaforizzata con;VIA DI S. CROCE IN GERUSALEMME;VIA DI S. CROCE IN GERUSALEMME;;;Scontro frontale/laterale DX fra veicoli in marcia;Intersezione semaforizzata;Una carreggiata a doppio senso;Bagnato (umidit� in atto);Asfaltata;Verticale ed orizzontale;Nuvoloso;Normale;Sufficiente;;1;0;0;1;12.5087;41.8921;-1;2;Autovettura privata;In marcia / fermata / arresto;Conducente;F;Rifiuta cure immediate;0;NON DECEDUTO;;
5907906;1;10/04/2022 03:10:00;Strada Urbana;VIALE MANZONI;all'intersezione semaforizzata con;VIA DI S. CROCE IN GERUSALEMME;VIA DI S. CROCE IN GERUSALEMME;;;Scontro frontale/laterale DX fra veicoli in marcia;Intersezione semaforizzata;Una carreggiata a doppio senso;Bagnato (umidit� in atto);Asfaltata;Verticale ed orizzontale;Nuvoloso;Normale;Sufficiente;;1;0;0;1;12.5087;41.8921;-1;3;Autovettura privata;Sosta;;;;;;;
5907906;1;10/04/2022 03:10:00;Strada Urbana;VIALE MANZONI;all'intersezione semaforizzata con;VIA DI S. CROCE IN GERUSALEMME;VIA DI S. CROCE IN GERUSALEMME;;;Scontro frontale/laterale DX fra veicoli in marcia;Intersezione semaforizzata;Una carreggiata a doppio senso;Bagnato (umidit� in atto);Asfaltata;Verticale ed orizzontale;Nuvoloso;Normale;Sufficiente;;1;0;0;1;12.5087;41.8921;-1;4;Autovettura privata;Sosta;;;;;;;
5907916;20;10/04/2022 01:50:00;Strada Urbana;VIA CASSIA;in corrispondenza;;del civico n.;742;;Ribaltamento senza urto contro ostacolo fisso;Rettilineo;Una carreggiata a doppio senso;Bagnato (pioggia);Asfaltata;Verticale ed orizzontale;Sereno;Normale;Buona;;1;0;0;1;12.4433;41.9655;-1;1;Motociclo a solo;In marcia / fermata / arresto;Conducente;M;Rimandato;0;NON DECEDUTO;;
5907916;20;10/04/2022 01:50:00;Strada Urbana;VIA CASSIA;in corrispondenza;;del civico n.;742;;Ribaltamento senza urto contro ostacolo fisso;Rettilineo;Una carreggiata a doppio senso;Bagnato (pioggia);Asfaltata;Verticale ed orizzontale;Sereno;Normale;Buona;;1;0;0;1;12.4433;41.9655;-1;2;Motociclo a solo;In marcia / fermata / arresto;Conducente;M;Illeso;0;;Non accertato;
5907950;1;10/04/2022 04:20:00;Strada Urbana;VIA DI MONTE TESTACCIO;in corrispondenza;;del civico n.;93;;Veicolo in marcia contro ostacolo accidentale;Rettilineo;Una carreggiata a senso unico di marcia;Asciutto;Asfaltata;Orizzontale;Sereno;Scarso;Sufficiente;;0;0;0;3;;;0;1;Autovettura privata;In marcia / fermata / arresto;Conducente;M;Illeso;0;;;
5907950;1;10/04/2022 04:20:00;Strada Urbana;VIA DI MONTE TESTACCIO;in corrispondenza;;del civico n.;93;;Veicolo in marcia contro ostacolo accidentale;Rettilineo;Una carreggiata a senso unico di marcia;Asciutto;Asfaltata;Orizzontale;Sereno;Scarso;Sufficiente;;0;0;0;3;;;0;1;Autovettura privata;In marcia / fermata / arresto;Passeggero;M;Illeso;0;;;
5907950;1;10/04/2022 04:20:00;Strada Urbana;VIA DI MONTE TESTACCIO;in corrispondenza;;del civico n.;93;;Veicolo in marcia contro ostacolo accidentale;Rettilineo;Una carreggiata a senso unico di marcia;Asciutto;Asfaltata;Orizzontale;Sereno;Scarso;Sufficiente;;0;0;0;3;;;0;2;Autovettura privata;Sosta;;;;;;;
5907990;1;10/04/2022 04:25:00;Strada Urbana;VIA MARMORATA;in prossimit�;;del civico n.;4;;Tamponamento;Rettilineo;Una carreggiata a doppio senso;Asciutto;Acciotolata;Orizzontale;Sereno;Scarso;Sufficiente;;1;0;0;3;12.4802;41.8777;-1;1;Autovettura privata;In marcia / fermata / arresto;Conducente;F;Illeso;0;;Non accertato;
5907990;1;10/04/2022 04:25:00;Strada Urbana;VIA MARMORATA;in prossimit�;;del civico n.;4;;Tamponamento;Rettilineo;Una carreggiata a doppio senso;Asciutto;Acciotolata;Orizzontale;Sereno;Scarso;Sufficiente;;1;0;0;3;12.4802;41.8777;-1;1;Autovettura privata;In marcia / fermata / arresto;Passeggero;F;Illeso;0;;Non accertato;
5907990;1;10/04/2022 04:25:00;Strada Urbana;VIA MARMORATA;in prossimit�;;del civico n.;4;;Tamponamento;Rettilineo;Una carreggiata a doppio senso;Asciutto;Acciotolata;Orizzontale;Sereno;Scarso;Sufficiente;;1;0;0;3;12.4802;41.8777;-1;2;Autovettura privata;In marcia / fermata / arresto;Conducente;M;Illeso;0;;Non accertato;
5907990;1;10/04/2022 04:25:00;Strada Urbana;VIA MARMORATA;in prossimit�;;del civico n.;4;;Tamponamento;Rettilineo;Una carreggiata a doppio senso;Asciutto;Acciotolata;Orizzontale;Sereno;Scarso;Sufficiente;;1;0;0;3;12.4802;41.8777;-1;2;Autovettura privata;In marcia / fermata / arresto;Passeggero;F;Rimandato;0;NON DECEDUTO;Non accertato;
5908067;18;10/04/2022 08:30:00;Strada Urbana;VIA DI BOCCEA;in prossimit�;;del civico n.;311/A;;Veicolo in marcia contro ostacolo fisso;Pendenza;Una carreggiata a doppio senso;Asciutto;Asfaltata;Verticale ed orizzontale;Sereno;Scarso;Buona;;0;0;0;1;12.4127;41.903;-1;1;Autovettura privata;In marcia / fermata / arresto;Conducente;M;Illeso;0;;Non accertato;Inesploso
5908075;1;10/04/2022 01:05:00;Strada Urbana;LUNGOTEVERE IN AUGUSTA;in prossimit�;;del palo luce n.;4;;Veicolo in marcia contro veicoli in sosta;Rettilineo;Una carreggiata a senso unico di marcia;Asciutto;Asfaltata;Verticale ed orizzontale;Sereno;Normale;Buona;;0;0;0;1;12.4748;41.9076;0;1;Autovettura privata;Sosta;;;;;;;
5908075;1;10/04/2022 01:05:00;Strada Urbana;LUNGOTEVERE IN AUGUSTA;in prossimit�;;del palo luce n.;4;;Veicolo in marcia contro veicoli in sosta;Rettilineo;Una carreggiata a senso unico di marcia;Asciutto;Asfaltata;Verticale ed orizzontale;Sereno;Normale;Buona;;0;0;0;1;12.4748;41.9076;0;2;Ciclomotore;In marcia / fermata / arresto;Conducente;M;Illeso;0;;;
5908108;9;09/04/2022 16:00:00;Strada Urbana;VIA FOLIGNO;in corrispondenza;;del civico n.;34;;Scontro laterale fra veicoli in marcia;Rettilineo;Due carreggiate;Asciutto;Asfaltata;Verticale ed orizzontale;Sereno;Normale;Buona;;0;0;0;2;12.5184;41.8849;-1;1;Autocarro inferiore 35 q.;In marcia / fermata / arresto;Conducente;M;Illeso;0;;Non accertato;Inesploso
5908108;9;09/04/2022 16:00:00;Strada Urbana;VIA FOLIGNO;in corrispondenza;;del civico n.;34;;Scontro laterale fra veicoli in marcia;Rettilineo;Due carreggiate;Asciutto;Asfaltata;Verticale ed orizzontale;Sereno;Normale;Buona;;0;0;0;2;12.5184;41.8849;-1;2;Autovettura privata;In marcia / fermata / arresto;Conducente;M;Illeso;0;;Non accertato;Inesploso
5908186;9;09/04/2022 18:10:00;Strada Urbana;VIA APPIA NUOVA;in prossimit�;;del civico n.;475;;Infortunio per sola frenata improvvisa;Rettilineo;Due carreggiate;Asciutto;Asfaltata;Verticale ed orizzontale;Sereno;Normale;Sufficiente;;1;0;0;0;12.5258;41.8728;-1;1;Motociclo a solo;In marcia / fermata / arresto;Conducente;M;Rimandato;0;NON DECEDUTO;Non accertato;
5908186;9;09/04/2022 18:10:00;Strada Urbana;VIA APPIA NUOVA;in prossimit�;;del civico n.;475;;Infortunio per sola frenata improvvisa;Rettilineo;Due carreggiate;Asciutto;Asfaltata;Verticale ed orizzontale;Sereno;Normale;Sufficiente;;1;0;0;0;12.5258;41.8728;-1;2;Autovettura privata;Allontanatosi;;;;;;;
5908188;9;09/04/2022 21:00:00;Strada Urbana;VIA TOMMASO FORTIFIOCCA;da specificare;;;;prossimit� VIA CARLO DENINA;Scontro frontale/laterale SX fra veicoli in marcia;Rettilineo;Una carreggiata a doppio senso;Asciutto;Asfaltata;Verticale ed orizzontale;Sereno;Normale;Buona;;1;0;0;1;12.5222;41.8713;-1;1;Autovettura privata;In marcia / fermata / arresto;Conducente;M;Illeso;0;;Non accertato;Inesploso
5908188;9;09/04/2022 21:00:00;Strada Urbana;VIA TOMMASO FORTIFIOCCA;da specificare;;;;prossimit� VIA CARLO DENINA;Scontro frontale/laterale SX fra veicoli in marcia;Rettilineo;Una carreggiata a doppio senso;Asciutto;Asfaltata;Verticale ed orizzontale;Sereno;Normale;Buona;;1;0;0;1;12.5222;41.8713;-1;2;Motociclo a solo;In marcia / fermata / arresto;Conducente;M;Rimandato;0;NON DECEDUTO;Non accertato;
5908188;9;09/04/2022 21:00:00;Strada Urbana;VIA TOMMASO FORTIFIOCCA;da specificare;;;;prossimit� VIA CARLO DENINA;Scontro frontale/laterale SX fra veicoli in marcia;Rettilineo;Una carreggiata a doppio senso;Asciutto;Asfaltata;Verticale ed orizzontale;Sereno;Normale;Buona;;1;0;0;1;12.5222;41.8713;-1;3;Autovettura privata;Sosta;;;;;;;
5908188;9;09/04/2022 21:00:00;Strada Urbana;VIA TOMMASO FORTIFIOCCA;da specificare;;;;prossimit� VIA CARLO DENINA;Scontro frontale/laterale SX fra veicoli in marcia;Rettilineo;Una carreggiata a doppio senso;Asciutto;Asfaltata;Verticale ed orizzontale;Sereno;Normale;Buona;;1;0;0;1;12.5222;41.8713;-1;4;Autovettura privata;Sosta;;;;;;;
5908190;12;10/04/2022 11:00:00;Strada Urbana;VIA LAURENTINA;da specificare;;;;fr. civ. 554;Scontro laterale fra veicoli in marcia;Rettilineo;Una carreggiata a doppio senso;Asciutto;Asfaltata;Verticale ed orizzontale;Sereno;Intenso;Buona;;0;0;0;3;12.4856;41.8103;-1;1;Autovettura privata;In marcia / fermata / arresto;Conducente;M;Illeso;0;;;
5908190;12;10/04/2022 11:00:00;Strada Urbana;VIA LAURENTINA;da specificare;;;;fr. civ. 554;Scontro laterale fra veicoli in marcia;Rettilineo;Una carreggiata a doppio senso;Asciutto;Asfaltata;Verticale ed orizzontale;Sereno;Intenso;Buona;;0;0;0;3;12.4856;41.8103;-1;1;Autovettura privata;In marcia / fermata / arresto;Passeggero;M;Illeso;0;;;
5908190;12;10/04/2022 11:00:00;Strada Urbana;VIA LAURENTINA;da specificare;;;;fr. civ. 554;Scontro laterale fra veicoli in marcia;Rettilineo;Una carreggiata a doppio senso;Asciutto;Asfaltata;Verticale ed orizzontale;Sereno;Intenso;Buona;;0;0;0;3;12.4856;41.8103;-1;2;Autovettura privata;In marcia / fermata / arresto;Conducente;M;Illeso;0;;;
5908199;9;09/04/2022 23:40:00;Strada Urbana;VIA APPIA NUOVA;in prossimit�;;del civico n.;441;;Tamponamento;Rettilineo;Due carreggiate;Asciutto;Asfaltata;Verticale ed orizzontale;Sereno;Normale;Buona;;0;0;0;2;12.525;41.8734;-1;1;Autovettura privata;In marcia / fermata / arresto;Conducente;M;Illeso;0;;Non accertato;Inesploso
5908199;9;09/04/2022 23:40:00;Strada Urbana;VIA APPIA NUOVA;in prossimit�;;del civico n.;441;;Tamponamento;Rettilineo;Due carreggiate;Asciutto;Asfaltata;Verticale ed orizzontale;Sereno;Normale;Buona;;0;0;0;2;12.525;41.8734;-1;2;Autovettura pubblica;In marcia / fermata / arresto;Conducente;M;Illeso;0;;Non accertato;Inesploso
5908213;9;10/04/2022 02:10:00;Strada Urbana;VIALE S. GIOVANNI BOSCO;all'intersezione semaforizzata con;VIA CALPURNIO FIAMMA;VIA CALPURNIO FIAMMA;;;Scontro frontale/laterale DX fra veicoli in marcia;Intersezione semaforizzata;Due carreggiate;Bagnato (pioggia);Asfaltata;Verticale ed orizzontale;Pioggia in atto;Scarso;Buona;;2;0;0;2;12.5611;41.8607;-1;1;Autovettura privata;In marcia / fermata / arresto;Conducente;F;Illeso;0;;Non accertato;Inesploso
5908213;9;10/04/2022 02:10:00;Strada Urbana;VIALE S. GIOVANNI BOSCO;all'intersezione semaforizzata con;VIA CALPURNIO FIAMMA;VIA CALPURNIO FIAMMA;;;Scontro frontale/laterale DX fra veicoli in marcia;Intersezione semaforizzata;Due carreggiate;Bagnato (pioggia);Asfaltata;Verticale ed orizzontale;Pioggia in atto;Scarso;Buona;;2;0;0;2;12.5611;41.8607;-1;2;Autovettura privata;In marcia / fermata / arresto;Conducente;F;Rimandato;0;NON DECEDUTO;Non accertato;Inesploso
5908213;9;10/04/2022 02:10:00;Strada Urbana;VIALE S. GIOVANNI BOSCO;all'intersezione semaforizzata con;VIA CALPURNIO FIAMMA;VIA CALPURNIO FIAMMA;;;Scontro frontale/laterale DX fra veicoli in marcia;Intersezione semaforizzata;Due carreggiate;Bagnato (pioggia);Asfaltata;Verticale ed orizzontale;Pioggia in atto;Scarso;Buona;;2;0;0;2;12.5611;41.8607;-1;2;Autovettura privata;In marcia / fermata / arresto;Passeggero;F;Rimandato;0;NON DECEDUTO;Non accertato;Inesploso
5908213;9;10/04/2022 02:10:00;Strada Urbana;VIALE S. GIOVANNI BOSCO;all'intersezione semaforizzata con;VIA CALPURNIO FIAMMA;VIA CALPURNIO FIAMMA;;;Scontro frontale/laterale DX fra veicoli in marcia;Intersezione semaforizzata;Due carreggiate;Bagnato (pioggia);Asfaltata;Verticale ed orizzontale;Pioggia in atto;Scarso;Buona;;2;0;0;2;12.5611;41.8607;-1;2;Autovettura privata;In marcia / fermata / arresto;Passeggero;F;Illeso;0;;Non accertato;Inesploso
5908236;15;09/04/2022 18:20:00;Provinciale;VIA DELLA MURATELLA;da specificare;;;;in prossimit� di Via Portuense;Veicolo in marcia contro veicoli in arresto;Cavalcavia;Una carreggiata a doppio senso;Asciutto;Asfaltata;Orizzontale;Sereno;Normale;Buona;;0;0;0;3;12.2585;41.8576;-1;1;Autovettura privata;In marcia / fermata / arresto;Conducente;M;Illeso;0;;Non accertato;Inesploso
5908236;15;09/04/2022 18:20:00;Provinciale;VIA DELLA MURATELLA;da specificare;;;;in prossimit� di Via Portuense;Veicolo in marcia contro veicoli in arresto;Cavalcavia;Una carreggiata a doppio senso;Asciutto;Asfaltata;Orizzontale;Sereno;Normale;Buona;;0;0;0;3;12.2585;41.8576;-1;2;Autovettura privata;In marcia / fermata / arresto;Conducente;M;Illeso;0;;Non accertato;Inesploso
5908236;15;09/04/2022 18:20:00;Provinciale;VIA DELLA MURATELLA;da specificare;;;;in prossimit� di Via Portuense;Veicolo in marcia contro veicoli in arresto;Cavalcavia;Una carreggiata a doppio senso;Asciutto;Asfaltata;Orizzontale;Sereno;Normale;Buona;;0;0;0;3;12.2585;41.8576;-1;3;Autovettura privata;In marcia / fermata / arresto;Conducente;M;Illeso;0;;Non accertato;Inesploso
5908278;6;10/04/2022 11:15:00;Strada Urbana;VIA FILIPPO FIORENTINI;da specificare;;;;pross. civ. 7;Scontro laterale fra veicoli in marcia;Rettilineo;Due carreggiate;Asciutto;Asfaltata;Orizzontale;Sereno;Normale;Buona;;0;0;0;3;12.5554;41.9096;-1;1;Autovettura privata;In marcia / fermata / arresto;Conducente;M;Illeso;0;;;
5908278;6;10/04/2022 11:15:00;Strada Urbana;VIA FILIPPO FIORENTINI;da specificare;;;;pross. civ. 7;Scontro laterale fra veicoli in marcia;Rettilineo;Due carreggiate;Asciutto;Asfaltata;Orizzontale;Sereno;Normale;Buona;;0;0;0;3;12.5554;41.9096;-1;2;Autovettura pubblica;In marcia / fermata / arresto;Conducente;M;Illeso;0;;;
5908278;6;10/04/2022 11:15:00;Strada Urbana;VIA FILIPPO FIORENTINI;da specificare;;;;pross. civ. 7;Scontro laterale fra veicoli in marcia;Rettilineo;Due carreggiate;Asciutto;Asfaltata;Orizzontale;Sereno;Normale;Buona;;0;0;0;3;12.5554;41.9096;-1;2;Autovettura pubblica;In marcia / fermata / arresto;Passeggero;M;Illeso;0;;;
5908281;15;10/04/2022 08:10:00;Strada Urbana;VIA GIUSEPPE BELLUZZO;da specificare;;;;FRONTE CIVICO .57;Tamponamento;Rettilineo;Una carreggiata a doppio senso;Asciutto;Asfaltata;Orizzontale;Sereno;Scarso;Buona;;2;0;0;0;12.4619;41.8626;-1;1;Motociclo a solo;In marcia / fermata / arresto;Conducente;M;Rimandato;0;NON DECEDUTO;Non accertato;
5908281;15;10/04/2022 08:10:00;Strada Urbana;VIA GIUSEPPE BELLUZZO;da specificare;;;;FRONTE CIVICO .57;Tamponamento;Rettilineo;Una carreggiata a doppio senso;Asciutto;Asfaltata;Orizzontale;Sereno;Scarso;Buona;;2;0;0;0;12.4619;41.8626;-1;2;Motociclo a solo;In marcia / fermata / arresto;Conducente;F;Rimandato;0;NON DECEDUTO;Non accertato;
5908302;9;10/04/2022 13:40:00;;VIA APPIA NUOVA;da specificare;;;;fronte palo A.C.E.A. n. 264;Investimento di pedone;;;;;;;;;;0;0;0;2;12.5394;41.8564;0;;;;Pedone;M;Illeso;0;;;
5908302;9;10/04/2022 13:40:00;;VIA APPIA NUOVA;da specificare;;;;fronte palo A.C.E.A. n. 264;Investimento di pedone;;;;;;;;;;0;0;0;2;12.5394;41.8564;0;1;Autovettura privata;In marcia / fermata / arresto;Conducente;M;Illeso;0;;Non accertato;Inesploso
5908308;9;10/04/2022 14:10:00;Strada Urbana;VIA BARTOLOMEO PLATINA;in prossimit�;;del civico n.;16;;Veicolo in marcia contro veicolo in sosta;Rettilineo;Una carreggiata a doppio senso;Asciutto;Asfaltata;Verticale ed orizzontale;Sereno;Scarso;Buona;;0;0;0;1;12.517;41.869;-1;1;Autobus urbano;In marcia / fermata / arresto;Conducente;M;Illeso;0;;Non accertato;Inesploso
5908308;9;10/04/2022 14:10:00;Strada Urbana;VIA BARTOLOMEO PLATINA;in prossimit�;;del civico n.;16;;Veicolo in marcia contro veicolo in sosta;Rettilineo;Una carreggiata a doppio senso;Asciutto;Asfaltata;Verticale ed orizzontale;Sereno;Scarso;Buona;;0;0;0;1;12.517;41.869;-1;2;Autovettura di polizia;Sosta;;;;;;;
5908329;6;10/04/2022 12:50:00;Strada Urbana;VIA POSIDONIO;in corrispondenza;;del civico n.;15;;Veicolo in marcia contro veicolo in sosta;Rettilineo;Una carreggiata a senso unico di marcia;Asciutto;Asfaltata;Verticale;Sereno;Scarso;Buona;;1;0;0;0;12.5352;41.8857;-1;1;Autovettura privata;In marcia / fermata / arresto;Conducente;M;Rifiuta cure immediate;0;NON DECEDUTO;;
5908329;6;10/04/2022 12:50:00;Strada Urbana;VIA POSIDONIO;in corrispondenza;;del civico n.;15;;Veicolo in marcia contro veicolo in sosta;Rettilineo;Una carreggiata a senso unico di marcia;Asciutto;Asfaltata;Verticale;Sereno;Scarso;Buona;;1;0;0;0;12.5352;41.8857;-1;2;Autovettura privata;Sosta;;;;;;;
5908344;15;10/04/2022 03:20:00;Strada Urbana;VIA FRANCESCO CRISPIGNI;in corrispondenza;;del civico n.;30;;Veicolo in marcia contro veicoli in sosta;Curva a visuale libera;Due carreggiate;Asciutto;Asfaltata;Orizzontale;Sereno;Scarso;Sufficiente;;0;0;0;2;12.4554;41.8607;-1;1;Autovettura privata;In marcia / fermata / arresto;Conducente;M;Illeso;0;;;
5908344;15;10/04/2022 03:20:00;Strada Urbana;VIA FRANCESCO CRISPIGNI;in corrispondenza;;del civico n.;30;;Veicolo in marcia contro veicoli in sosta;Curva a visuale libera;Due carreggiate;Asciutto;Asfaltata;Orizzontale;Sereno;Scarso;Sufficiente;;0;0;0;2;12.4554;41.8607;-1;1;Autovettura privata;In marcia / fermata / arresto;Passeggero;M;Illeso;0;;;