Protocollo;Gruppo;DataOraIncidente;Localizzazione1;STRADA1;Localizzazione2;STRADA2;Strada02;Chilometrica;DaSpecificare;NaturaIncidente;particolaritastrade;TipoStrada;FondoStradale;Pavimentazione;Segnaletica;CondizioneAtmosferica;Traffico;Visibilita;Illuminazione;NUM_FERITI;NUM_RISERVATA;NUM_MORTI;NUM_ILLESI;Longitude;Latitude;Confermato;Progressivo;TipoVeicolo;StatoVeicolo;TipoPersona;Sesso;Tipolesione;Deceduto;DecedutoDopo;CinturaCascoUtilizzato;Airbag;
5908855;10;09/04/2022 09:20:00;Strada Urbana;VIALE DEI CONSOLI;in corrispondenza;;del civico n.;102;;Scontro laterale fra veicoli in marcia;Rettilineo;Due carreggiate;Asciutto;Asfaltata;Verticale ed orizzontale;Nuvoloso;Scarso;Buona;;1;0;0;3;12.5533;41.8639;-1;2;Motociclo a solo;In marcia / fermata / arresto;Conducente;M;Rimandato;0;NON DECEDUTO;Non accertato;
5908870;10;11/04/2022 06:30:00;Strada Urbana;VIA TUSCOLANA;da specificare;;;;prossimit� via Occorsio;Scontro laterale fra veicoli in marcia;Rettilineo;Due carreggiate;Asciutto;Asfaltata;Verticale ed orizzontale;Sereno;Normale;Buona;;0;0;0;2;12.5923;41.8396;-1;1;Autovettura privata;In marcia / fermata / arresto;Conducente;F;Illeso;0;;Non accertato;Inesploso
5908870;10;11/04/2022 06:30:00;Strada Urbana;VIA TUSCOLANA;da specificare;;;;prossimit� via Occorsio;Scontro laterale fra veicoli in marcia;Rettilineo;Due carreggiate;Asciutto;Asfaltata;Verticale ed orizzontale;Sereno;Normale;Buona;;0;0;0;2;12.5923;41.8396;-1;2;Autoarticolato;In marcia / fermata / arresto;Conducente;M;Illeso;0;;Non accertato;Inesploso
5908875;11;10/04/2022 18:00:00;Strada Urbana;VIA CRISTOFORO COLOMBO;all'intersezione con;VIALE GUGLIELMO MARCONI;VIALE GUGLIELMO MARCONI;;;Tamponamento;Incrocio;Una carreggiata a senso unico di marcia;Asciutto;Asfaltata;Verticale ed orizzontale;Sereno;Normale;Buona;;0;0;0;3;12.4773;41.8452;-1;1;Autovettura privata;In marcia / fermata / arresto;Conducente;M;Illeso;0;;;
5908875;11;10/04/2022 18:00:00;Strada Urbana;VIA CRISTOFORO COLOMBO;all'intersezione con;VIALE GUGLIELMO MARCONI;VIALE GUGLIELMO MARCONI;;;Tamponamento;Incrocio;Una carreggiata a senso unico di marcia;Asciutto;Asfaltata;Verticale ed orizzontale;Sereno;Normale;Buona;;0;0;0;3;12.4773;41.8452;-1;1;Autovettura privata;In marcia / fermata / arresto;Passeggero;F;Illeso;0;;;
5908875;11;10/04/2022 18:00:00;Strada Urbana;VIA CRISTOFORO COLOMBO;all'intersezione con;VIALE GUGLIELMO MARCONI;VIALE GUGLIELMO MARCONI;;;Tamponamento;Incrocio;Una carreggiata a senso unico di marcia;Asciutto;Asfaltata;Verticale ed orizzontale;Sereno;Normale;Buona;;0;0;0;3;12.4773;41.8452;-1;2;Autovettura privata;In marcia / fermata / arresto;Conducente;M;Illeso;0;;;
5908877;12;10/04/2022 16:50:00;Provinciale;VIA DEL MARE;da specificare;;;;km 14.400 direzione Roma;Tamponamento Multiplo;Rettilineo;Una carreggiata a doppio senso;Asciutto;Asfaltata;Verticale ed orizzontale;Sereno;Normale;Buona;;0;0;0;7;12.4632;41.8403;-1;1;Autovettura privata;In marcia / fermata / arresto;Conducente;M;Illeso;0;;;Esploso
5908877;12;10/04/2022 16:50:00;Provinciale;VIA DEL MARE;da specificare;;;;km 14.400 direzione Roma;Tamponamento Multiplo;Rettilineo;Una carreggiata a doppio senso;Asciutto;Asfaltata;Verticale ed orizzontale;Sereno;Normale;Buona;;0;0;0;7;12.4632;41.8403;-1;1;Autovettura privata;In marcia / fermata / arresto;Passeggero;F;Illeso;0;;Non accertato;Esploso
5908877;12;10/04/2022 16:50:00;Provinciale;VIA DEL MARE;da specificare;;;;km 14.400 direzione Roma;Tamponamento Multiplo;Rettilineo;Una carreggiata a doppio senso;Asciutto;Asfaltata;Verticale ed orizzontale;Sereno;Normale;Buona;;0;0;0;7;12.4632;41.8403;-1;2;Autovettura privata;In marcia / fermata / arresto;Conducente;M;Illeso;0;;Non accertato;Esploso
5908877;12;10/04/2022 16:50:00;Provinciale;VIA DEL MARE;da specificare;;;;km 14.400 direzione Roma;Tamponamento Multiplo;Rettilineo;Una carreggiata a doppio senso;Asciutto;Asfaltata;Verticale ed orizzontale;Sereno;Normale;Buona;;0;0;0;7;12.4632;41.8403;-1;3;Autovettura privata;In marcia / fermata / arresto;Conducente;M;Illeso;0;;;Inesploso
5908877;12;10/04/2022 16:50:00;Provinciale;VIA DEL MARE;da specificare;;;;km 14.400 direzione Roma;Tamponamento Multiplo;Rettilineo;Una carreggiata a doppio senso;Asciutto;Asfaltata;Verticale ed orizzontale;Sereno;Normale;Buona;;0;0;0;7;12.4632;41.8403;-1;3;Autovettura privata;In marcia / fermata / arresto;Passeggero;F;Illeso;0;;;Inesploso
5908877;12;10/04/2022 16:50:00;Provinciale;VIA DEL MARE;da specificare;;;;km 14.400 direzione Roma;Tamponamento Multiplo;Rettilineo;Una carreggiata a doppio senso;Asciutto;Asfaltata;Verticale ed orizzontale;Sereno;Normale;Buona;;0;0;0;7;12.4632;41.8403;-1;3;Autovettura privata;In marcia / fermata / arresto;Passeggero;M;Illeso;0;;;
5908877;12;10/04/2022 16:50:00;Provinciale;VIA DEL MARE;da specificare;;;;km 14.400 direzione Roma;Tamponamento Multiplo;Rettilineo;Una carreggiata a doppio senso;Asciutto;Asfaltata;Verticale ed orizzontale;Sereno;Normale;Buona;;0;0;0;7;12.4632;41.8403;-1;3;Autovettura privata;In marcia / fermata / arresto;Passeggero;F;Illeso;0;;;Inesploso
5908878;20;10/04/2022 17:20:00;Strada Urbana;VIA CASSIA;in prossimit�;;del civico n.;666;;Tamponamento;Rettilineo;Una carreggiata a doppio senso;Asciutto;Asfaltata;Verticale ed orizzontale;Sereno;Scarso;Buona;;1;0;0;1;12.4461;41.9642;-1;1;Autovettura privata;In marcia / fermata / arresto;Conducente;M;Illeso;0;;Non accertato;Inesploso
5908878;20;10/04/2022 17:20:00;Strada Urbana;VIA CASSIA;in prossimit�;;del civico n.;666;;Tamponamento;Rettilineo;Una carreggiata a doppio senso;Asciutto;Asfaltata;Verticale ed orizzontale;Sereno;Scarso;Buona;;1;0;0;1;12.4461;41.9642;-1;2;Motociclo a solo;In marcia / fermata / arresto;Conducente;M;Rimandato;0;NON DECEDUTO;Non accertato;
5908879;5;08/04/2022 08:20:00;Strada Urbana;VIA DI MARCO SIMONE;da specificare;;;;prossimit� via Todini;Scontro laterale fra veicoli in marcia;Rettilineo;Una carreggiata a doppio senso;Asciutto;Asfaltata;Orizzontale;Sereno;Normale;Buona;;0;0;0;2;12.645;41.9432;-1;1;Autovettura privata;In marcia / fermata / arresto;Conducente;F;Illeso;0;;Non accertato;
5908879;5;08/04/2022 08:20:00;Strada Urbana;VIA DI MARCO SIMONE;da specificare;;;;prossimit� via Todini;Scontro laterale fra veicoli in marcia;Rettilineo;Una carreggiata a doppio senso;Asciutto;Asfaltata;Orizzontale;Sereno;Normale;Buona;;0;0;0;2;12.645;41.9432;-1;2;Trattore stradale;In marcia / fermata / arresto;Conducente;F;Illeso;0;;Non accertato;
5908882;11;10/04/2022 02:45:00;Strada Urbana;VIA CRISTOFORO COLOMBO;all'intersezione semaforizzata con;VIA ARISTIDE LEONORI;VIA ARISTIDE LEONORI;;;Scontro frontale/laterale DX fra veicoli in marcia;Intersezione semaforizzata;Pi� di due carreggiate;Bagnato (pioggia);Asfaltata;Verticale ed orizzontale;Nuvoloso;Scarso;Buona;;2;0;0;1;12.4859;41.8509;-1;1;Autovettura privata;In marcia / fermata / arresto;Conducente;M;Rifiuta cure immediate;0;NON DECEDUTO;Non accertato;
5908882;11;10/04/2022 02:45:00;Strada Urbana;VIA CRISTOFORO COLOMBO;all'intersezione semaforizzata con;VIA ARISTIDE LEONORI;VIA ARISTIDE LEONORI;;;Scontro frontale/laterale DX fra veicoli in marcia;Intersezione semaforizzata;Pi� di due carreggiate;Bagnato (pioggia);Asfaltata;Verticale ed orizzontale;Nuvoloso;Scarso;Buona;;2;0;0;1;12.4859;41.8509;-1;1;Autovettura privata;In marcia / fermata / arresto;Passeggero;F;Rifiuta cure immediate;0;NON DECEDUTO;Non accertato;
5908882;11;10/04/2022 02:45:00;Strada Urbana;VIA CRISTOFORO COLOMBO;all'intersezione semaforizzata con;VIA ARISTIDE LEONORI;VIA ARISTIDE LEONORI;;;Scontro frontale/laterale DX fra veicoli in marcia;Intersezione semaforizzata;Pi� di due carreggiate;Bagnato (pioggia);Asfaltata;Verticale ed orizzontale;Nuvoloso;Scarso;Buona;;2;0;0;1;12.4859;41.8509;-1;2;Autovettura privata;In marcia / fermata / arresto;Conducente;M;Illeso;0;;Non accertato;
5908901;7;10/04/2022 17:30:00;Strada Urbana;VIA COLLATINA;all'intersezione con;VIALE GIORGIO DE CHIRICO;VIALE GIORGIO DE CHIRICO;;;Scontro frontale/laterale DX fra veicoli in marcia;Incrocio;Una carreggiata a doppio senso;Asciutto;Asfaltata;Verticale ed orizzontale;Sereno;Normale;Sufficiente;;1;0;0;1;12.5848;41.9033;-1;1;Autovettura privata;In marcia / fermata / arresto;Conducente;F;Illeso;0;;Non accertato;Inesploso
5908901;7;10/04/2022 17:30:00;Strada Urbana;VIA COLLATINA;all'intersezione con;VIALE GIORGIO DE CHIRICO;VIALE GIORGIO DE CHIRICO;;;Scontro frontale/laterale DX fra veicoli in marcia;Incrocio;Una carreggiata a doppio senso;Asciutto;Asfaltata;Verticale ed orizzontale;Sereno;Normale;Sufficiente;;1;0;0;1;12.5848;41.9033;-1;2;Motociclo a solo;In marcia / fermata / arresto;Conducente;M;Rimandato;0;NON DECEDUTO;Non accertato;
5908904;12;10/04/2022 16:00:00;Strada Urbana;VIALE BEATA VERGINE DEL CARMELO;all'intersezione semaforizzata con;VIALE DON PASQUINO BORGHI;VIALE DON PASQUINO BORGHI;;;Scontro laterale fra veicoli in marcia;Intersezione semaforizzata;Due carreggiate;Asciutto;Asfaltata;Verticale ed orizzontale;Sereno;Normale;Buona;;0;0;0;3;12.441;41.8072;-1;1;Autobus di linea;In marcia / fermata / arresto;Conducente;M;Illeso;0;;;
5908904;12;10/04/2022 16:00:00;Strada Urbana;VIALE BEATA VERGINE DEL CARMELO;all'intersezione semaforizzata con;VIALE DON PASQUINO BORGHI;VIALE DON PASQUINO BORGHI;;;Scontro laterale fra veicoli in marcia;Intersezione semaforizzata;Due carreggiate;Asciutto;Asfaltata;Verticale ed orizzontale;Sereno;Normale;Buona;;0;0;0;3;12.441;41.8072;-1;2;Autovettura privata;In marcia / fermata / arresto;Conducente;M;Illeso;0;;;
5908904;12;10/04/2022 16:00:00;Strada Urbana;VIALE BEATA VERGINE DEL CARMELO;all'intersezione semaforizzata con;VIALE DON PASQUINO BORGHI;VIALE DON PASQUINO BORGHI;;;Scontro laterale fra veicoli in marcia;Intersezione semaforizzata;Due carreggiate;Asciutto;Asfaltata;Verticale ed orizzontale;Sereno;Normale;Buona;;0;0;0;3;12.441;41.8072;-1;2;Autovettura privata;In marcia / fermata / arresto;Passeggero;F;Illeso;0;;;
5908905;4;10/04/2022 13:00:00;Strada Urbana;PIAZZA DELL'ATENEO SALESIANO;all'intersezione con;PIAZZA OTTAVIANO VIMERCATI;PIAZZA OTTAVIANO VIMERCATI;;;Scontro frontale/laterale DX fra veicoli in marcia;Rotatoria;Una carreggiata a senso unico di marcia;Asciutto;Asfaltata;Verticale ed orizzontale;Sereno;Scarso;Buona;;0;0;0;3;12.5244;41.9592;-1;1;Autovettura privata;In marcia / fermata / arresto;Conducente;M;Illeso;0;;;
5908905;4;10/04/2022 13:00:00;Strada Urbana;PIAZZA DELL'ATENEO SALESIANO;all'intersezione con;PIAZZA OTTAVIANO VIMERCATI;PIAZZA OTTAVIANO VIMERCATI;;;Scontro frontale/laterale DX fra veicoli in marcia;Rotatoria;Una carreggiata a senso unico di marcia;Asciutto;Asfaltata;Verticale ed orizzontale;Sereno;Scarso;Buona;;0;0;0;3;12.5244;41.9592;-1;1;Autovettura privata;In marcia / fermata / arresto;Passeggero;F;Illeso;0;;;
5908905;4;10/04/2022 13:00:00;Strada Urbana;PIAZZA DELL'ATENEO SALESIANO;all'intersezione con;PIAZZA OTTAVIANO VIMERCATI;PIAZZA OTTAVIANO VIMERCATI;;;Scontro frontale/laterale DX fra veicoli in marcia;Rotatoria;Una carreggiata a senso unico di marcia;Asciutto;Asfaltata;Verticale ed orizzontale;Sereno;Scarso;Buona;;0;0;0;3;12.5244;41.9592;-1;2;Autovettura privata;In marcia / fermata / arresto;Conducente;M;Illeso;0;;;
5908909;1;10/04/2022 22:00:00;Strada Urbana;VIA DELLO STATUTO;in prossimit�;;del palo luce n.;1;;Investimento di pedone;Rettilineo;Una carreggiata a doppio senso;Asciutto;In cubetti di porfido;Verticale ed orizzontale;Sereno;Scarso;Sufficiente;;1;0;0;1;12.5014;41.895;-1;;;;Pedone;M;Rimandato;0;NON DECEDUTO;;
5908909;1;10/04/2022 22:00:00;Strada Urbana;VIA DELLO STATUTO;in prossimit�;;del palo luce n.;1;;Investimento di pedone;Rettilineo;Una carreggiata a doppio senso;Asciutto;In cubetti di porfido;Verticale ed orizzontale;Sereno;Scarso;Sufficiente;;1;0;0;1;12.5014;41.895;-1;1;Autovettura pubblica;In marcia / fermata / arresto;Conducente;M;Illeso;0;;Non accertato;Inesploso
5908912;10;10/04/2022 00:15:00;Strada Urbana;VIA OLIVARELLA;da specificare;;;;a 100 mt via ginostra dir via casale di valpignola;Veicolo in marcia che urta buche nella carreggiata;Rettilineo;Una carreggiata a doppio senso;Asciutto;Strada pavimentata dissestata;Assente;Sereno;Scarso;Insufficiente;;0;0;0;2;12.7275;41.8499;-1;1;Autovettura privata;In marcia / fermata / arresto;Conducente;M;Illeso;0;;;
5908912;10;10/04/2022 00:15:00;Strada Urbana;VIA OLIVARELLA;da specificare;;;;a 100 mt via ginostra dir via casale di valpignola;Veicolo in marcia che urta buche nella carreggiata;Rettilineo;Una carreggiata a doppio senso;Asciutto;Strada pavimentata dissestata;Assente;Sereno;Scarso;Insufficiente;;0;0;0;2;12.7275;41.8499;-1;1;Autovettura privata;In marcia / fermata / arresto;Passeggero;M;Illeso;0;;;
5908915;1;10/04/2022 17:10:00;Strada Urbana;VIA DEGLI ANNIBALDI;in prossimit�;;del civico n.;2;;Veicolo in marcia contro veicolo in sosta;Rettilineo;Una carreggiata a senso unico di marcia;Asciutto;Asfaltata;Verticale ed orizzontale;Sereno;Normale;Buona;;0;0;0;0;12.491;41.8939;-1;1;Autovettura privata;Sosta;;;;;;;
5908915;1;10/04/2022 17:10:00;Strada Urbana;VIA DEGLI ANNIBALDI;in prossimit�;;del civico n.;2;;Veicolo in marcia contro veicolo in sosta;Rettilineo;Una carreggiata a senso unico di marcia;Asciutto;Asfaltata;Verticale ed orizzontale;Sereno;Normale;Buona;;0;0;0;0;12.491;41.8939;-1;2;Motociclo a solo;In marcia / fermata / arresto;;;;;;;
5908919;13;10/04/2022 22:40:00;Strada Urbana;VIA PINDARO;all'intersezione con;VIA SENOFANE;VIA SENOFANE;;;Scontro frontale fra veicoli in marcia;Intersezione semaforizzata;Una carreggiata a doppio senso;Asciutto;Asfaltata;Verticale ed orizzontale;Sereno;Scarso;Sufficiente;;1;0;0;2;12.3674;41.7566;-1;1;Motociclo a solo;In marcia / fermata / arresto;Conducente;M;Rimandato;0;NON DECEDUTO;Non accertato;
5908919;13;10/04/2022 22:40:00;Strada Urbana;VIA PINDARO;all'intersezione con;VIA SENOFANE;VIA SENOFANE;;;Scontro frontale fra veicoli in marcia;Intersezione semaforizzata;Una carreggiata a doppio senso;Asciutto;Asfaltata;Verticale ed orizzontale;Sereno;Scarso;Sufficiente;;1;0;0;2;12.3674;41.7566;-1;2;Quadriciclo leggero;In marcia / fermata / arresto;Conducente;F;Illeso;0;;;
5908919;13;10/04/2022 22:40:00;Strada Urbana;VIA PINDARO;all'intersezione con;VIA SENOFANE;VIA SENOFANE;;;Scontro frontale fra veicoli in marcia;Intersezione semaforizzata;Una carreggiata a doppio senso;Asciutto;Asfaltata;Verticale ed orizzontale;Sereno;Scarso;Sufficiente;;1;0;0;2;12.3674;41.7566;-1;2;Quadriciclo leggero;In marcia / fermata / arresto;Passeggero;F;Illeso;0;;Non accertato;Inesploso
5908924;5;08/04/2022 14:30:00;Strada Urbana;PIAZZA GASPARE AMBROSINI;in prossimit�;;del civico n.;79;;Veicolo in marcia contro veicolo in sosta;Rettilineo;Una carreggiata a senso unico di marcia;Asciutto;Asfaltata;Verticale ed orizzontale;Sereno;Normale;Buona;;2;0;0;0;12.5839;41.95;-1;1;Autovettura privata;In marcia / fermata / arresto;Conducente;F;Rimandato;0;NON DECEDUTO;Non accertato;Inesploso
5908924;5;08/04/2022 14:30:00;Strada Urbana;PIAZZA GASPARE AMBROSINI;in prossimit�;;del civico n.;79;;Veicolo in marcia contro veicolo in sosta;Rettilineo;Una carreggiata a senso unico di marcia;Asciutto;Asfaltata;Verticale ed orizzontale;Sereno;Normale;Buona;;2;0;0;0;12.5839;41.95;-1;1;Autovettura privata;In marcia / fermata / arresto;Passeggero;F;Rimandato;0;NON DECEDUTO;Non accertato;Inesploso
5908924;5;08/04/2022 14:30:00;Strada Urbana;PIAZZA GASPARE AMBROSINI;in prossimit�;;del civico n.;79;;Veicolo in marcia contro veicolo in sosta;Rettilineo;Una carreggiata a senso unico di marcia;Asciutto;Asfaltata;Verticale ed orizzontale;Sereno;Normale;Buona;;2;0;0;0;12.5839;41.95;-1;2;Autovettura privata;Sosta;;;;;;;
5908927;8;10/04/2022 17:19:00;Strada Urbana;VIA PRENESTINA;da specificare;;;;300 mt. dopo inters con via Borghesiana;Tamponamento;Rettilineo;Una carreggiata a doppio senso;Asciutto;Asfaltata;Orizzontale;Sereno;Intenso;Buona;;1;0;0;2;12.6155;41.8933;-1;1;Autovettura privata;In marcia / fermata / arresto;Conducente;M;Illeso;0;;Non accertato;Inesploso
5908927;8;10/04/2022 17:19:00;Strada Urbana;VIA PRENESTINA;da specificare;;;;300 mt. dopo inters con via Borghesiana;Tamponamento;Rettilineo;Una carreggiata a doppio senso;Asciutto;Asfaltata;Orizzontale;Sereno;Intenso;Buona;;1;0;0;2;12.6155;41.8933;-1;2;Autovettura privata;In marcia / fermata / arresto;Conducente;M;Illeso;0;;Non accertato;Inesploso
5908927;8;10/04/2022 17:19:00;Strada Urbana;VIA PRENESTINA;da specificare;;;;300 mt. dopo inters con via Borghesiana;Tamponamento;Rettilineo;Una carreggiata a doppio senso;Asciutto;Asfaltata;Orizzontale;Sereno;Intenso;Buona;;1;0;0;2;12.6155;41.8933;-1;2;Autovettura privata;In marcia / fermata / arresto;Passeggero;M;Rimandato;0;NON DECEDUTO;Non accertato;Inesploso
5908929;1;10/04/2022 16:00:00;Strada Urbana;VIA DEL CASTRO PRETORIO;da specificare;;;;in prossimit� VIA MARGHERA;Veicolo in marcia contro veicoli in sosta;Curva a visuale libera;Una carreggiata a doppio senso;Asciutto;Asfaltata;Verticale ed orizzontale;Sereno;Normale;Buona;;0;0;0;0;12.5057;41.9018;-1;1;Autovettura privata;Sosta;;;;;;;
5908929;1;10/04/2022 16:00:00;Strada Urbana;VIA DEL CASTRO PRETORIO;da specificare;;;;in prossimit� VIA MARGHERA;Veicolo in marcia contro veicoli in sosta;Curva a visuale libera;Una carreggiata a doppio senso;Asciutto;Asfaltata;Verticale ed orizzontale;Sereno;Normale;Buona;;0;0;0;0;12.5057;41.9018;-1;2;Autovettura privata;Sosta;;;;;;;
5908929;1;10/04/2022 16:00:00;Strada Urbana;VIA DEL CASTRO PRETORIO;da specificare;;;;in prossimit� VIA MARGHERA;Veicolo in marcia contro veicoli in sosta;Curva a visuale libera;Una carreggiata a doppio senso;Asciutto;Asfaltata;Verticale ed orizzontale;Sereno;Normale;Buona;;0;0;0;0;12.5057;41.9018;-1;3;Autovettura privata;In marcia / fermata / arresto;;;;;;;
5908932;4;10/04/2022 21:15:00;Strada Urbana;VIA GARGANO;all'intersezione semaforizzata con;CORSO SEMPIONE;CORSO SEMPIONE;;;Scontro laterale fra veicoli in marcia;Incrocio;Due carreggiate;Asciutto;Asfaltata;Verticale ed orizzontale;Sereno;Normale;Buona;;0;0;0;3;12.5342;41.9362;-1;1;Autovettura privata;In marcia / fermata / arresto;Conducente;F;Illeso;0;;Non accertato;
5908932;4;10/04/2022 21:15:00;Strada Urbana;VIA GARGANO;all'intersezione semaforizzata con;CORSO SEMPIONE;CORSO SEMPIONE;;;Scontro laterale fra veicoli in marcia;Incrocio;Due carreggiate;Asciutto;Asfaltata;Verticale ed orizzontale;Sereno;Normale;Buona;;0;0;0;3;12.5342;41.9362;-1;2;Autovettura privata;In marcia / fermata / arresto;Conducente;M;Illeso;0;;;Inesploso
5908932;4;10/04/2022 21:15:00;Strada Urbana;VIA GARGANO;all'intersezione semaforizzata con;CORSO SEMPIONE;CORSO SEMPIONE;;;Scontro laterale fra veicoli in marcia;Incrocio;Due carreggiate;Asciutto;Asfaltata;Verticale ed orizzontale;Sereno;Normale;Buona;;0;0;0;3;12.5342;41.9362;-1;2;Autovettura privata;In marcia / fermata / arresto;Passeggero;F;Illeso;0;;;
5908933;1;10/04/2022 19:00:00;Strada Urbana;VIA DEL TRITONE;in prossimit�;;del civico n.;141;;Investimento di pedone;Rettilineo;Una carreggiata a doppio senso;Asciutto;Asfaltata;Verticale ed orizzontale;Sereno;Normale;Buona;;1;0;0;1;12.4867;41.903;-1;;;;Pedone;F;Rimandato;0;NON DECEDUTO;;
5908933;1;10/04/2022 19:00:00;Strada Urbana;VIA DEL TRITONE;in prossimit�;;del civico n.;141;;Investimento di pedone;Rettilineo;Una carreggiata a doppio senso;Asciutto;Asfaltata;Verticale ed orizzontale;Sereno;Normale;Buona;;1;0;0;1;12.4867;41.903;-1;1;Autovettura pubblica;In marcia / fermata / arresto;Conducente;M;Illeso;0;;Non accertato;Inesploso
5908948;5;08/04/2022 23:40:00;Strada Urbana;VIA CAIO CANULEIO;all'intersezione con;VIALE TITO LABIENO;VIALE TITO LABIENO;;;Scontro frontale/laterale SX fra veicoli in marcia;Incrocio;Una carreggiata a senso unico di marcia;Asciutto;Asfaltata;Verticale ed orizzontale;Sereno;Scarso;Buona;;0;0;0;4;12.5639;41.8506;-1;1;Autovettura privata;In marcia / fermata / arresto;Conducente;F;Illeso;0;;;
5908948;5;08/04/2022 23:40:00;Strada Urbana;VIA CAIO CANULEIO;all'intersezione con;VIALE TITO LABIENO;VIALE TITO LABIENO;;;Scontro frontale/laterale SX fra veicoli in marcia;Incrocio;Una carreggiata a senso unico di marcia;Asciutto;Asfaltata;Verticale ed orizzontale;Sereno;Scarso;Buona;;0;0;0;4;12.5639;41.8506;-1;1;Autovettura privata;In marcia / fermata / arresto;Passeggero;M;Illeso;0;;;
5908948;5;08/04/2022 23:40:00;Strada Urbana;VIA CAIO CANULEIO;all'intersezione con;VIALE TITO LABIENO;VIALE TITO LABIENO;;;Scontro frontale/laterale SX fra veicoli in marcia;Incrocio;Una carreggiata a senso unico di marcia;Asciutto;Asfaltata;Verticale ed orizzontale;Sereno;Scarso;Buona;;0;0;0;4;12.5639;41.8506;-1;1;Autovettura privata;In marcia / fermata / arresto;Passeggero;F;Illeso;0;;;
5908948;5;08/04/2022 23:40:00;Strada Urbana;VIA CAIO CANULEIO;all'intersezione con;VIALE TITO LABIENO;VIALE TITO LABIENO;;;Scontro frontale/laterale SX fra veicoli in marcia;Incrocio;Una carreggiata a senso unico di marcia;Asciutto;Asfaltata;Verticale ed orizzontale;Sereno;Scarso;Buona;;0;0;0;4;12.5639;41.8506;-1;2;Autovettura privata;In marcia / fermata / arresto;Conducente;M;Illeso;0;;;Esploso
5908951;11;10/04/2022 03:40:00;Strada Urbana;VIA GUGLIELMO MASSAIA;in prossimit�;;del civico n.;13;;Veicolo in marcia contro veicolo in sosta;Rettilineo;Una carreggiata a doppio senso;Bagnato (pioggia);Asfaltata;Verticale ed orizzontale;Nuvoloso;Scarso;Sufficiente;;0;0;0;1;12.4915;41.8651;-1;1;Autovettura privata;In marcia / fermata / arresto;Conducente;F;Illeso;0;;Non accertato;Inesploso
5908951;11;10/04/2022 03:40:00;Strada Urbana;VIA GUGLIELMO MASSAIA;in prossimit�;;del civico n.;13;;Veicolo in marcia contro veicolo in sosta;Rettilineo;Una carreggiata a doppio senso;Bagnato (pioggia);Asfaltata;Verticale ed orizzontale;Nuvoloso;Scarso;Sufficiente;;0;0;0;1;12.4915;41.8651;-1;2;Autovettura privata;Sosta;;;;;;;
5908954;4;10/04/2022 15:15:00;Strada Urbana;VIALE TIRRENO;da specificare;;;;f.c. 160A;Scontro laterale fra veicoli in marcia;Rettilineo;Due carreggiate;Asciutto;Asfaltata;Verticale ed orizzontale;Sereno;Scarso;Buona;;0;0;0;2;12.5292;41.9404;-1;1;Autovettura privata;In marcia / fermata / arresto;Conducente;M;Illeso;0;;;
5908954;4;10/04/2022 15:15:00;Strada Urbana;VIALE TIRRENO;da specificare;;;;f.c. 160A;Scontro laterale fra veicoli in marcia;Rettilineo;Due carreggiate;Asciutto;Asfaltata;Verticale ed orizzontale;Sereno;Scarso;Buona;;0;0;0;2;12.5292;41.9404;-1;2;Autovettura privata;In marcia / fermata / arresto;Conducente;M;Illeso;0;;;
5908955;1;10/04/2022 10:30:00;Strada Urbana;LUNGOTEVERE TESTACCIO;all'intersezione con;VIA ANTONIO CECCHI;VIA ANTONIO CECCHI;;;Investimento di pedone;Incrocio;Una carreggiata a senso unico di marcia;Asciutto;Asfaltata;Verticale ed orizzontale;Sereno;Normale;Buona;;2;0;0;1;12.475;41.8823;-1;;;;Pedone;F;Rimandato;0;NON DECEDUTO;;
5908955;1;10/04/2022 10:30:00;Strada Urbana;LUNGOTEVERE TESTACCIO;all'intersezione con;VIA ANTONIO CECCHI;VIA ANTONIO CECCHI;;;Investimento di pedone;Incrocio;Una carreggiata a senso unico di marcia;Asciutto;Asfaltata;Verticale ed orizzontale;Sereno;Normale;Buona;;2;0;0;1;12.475;41.8823;-1;1;Motociclo con passeggero;In marcia / fermata / arresto;Conducente;M;Rimandato;0;NON DECEDUTO;Non accertato;
5908955;1;10/04/2022 10:30:00;Strada Urbana;LUNGOTEVERE TESTACCIO;all'intersezione con;VIA ANTONIO CECCHI;VIA ANTONIO CECCHI;;;Investimento di pedone;Incrocio;Una carreggiata a senso unico di marcia;Asciutto;Asfaltata;Verticale ed orizzontale;Sereno;Normale;Buona;;2;0;0;1;12.475;41.8823;-1;1;Motociclo con passeggero;In marcia / fermata / arresto;Passeggero;M;Illeso;0;;Non accertato;
5908956;11;10/04/2022 16:32:00;Strada Urbana;VIA ARDEATINA;da specificare;;;;pross. via della Formelluccia dir.Centro;Veicolo in marcia contro ostacolo fisso;Curva a visuale libera;Una carreggiata a doppio senso;Asciutto;Asfaltata;Verticale ed orizzontale;Sereno;Normale;Buona;;1;0;0;1;12.5179;41.8306;-1;1;Autovettura privata;In marcia / fermata / arresto;Conducente;M;Rimandato;0;NON DECEDUTO;;
5908956;11;10/04/2022 16:32:00;Strada Urbana;VIA ARDEATINA;da specificare;;;;pross. via della Formelluccia dir.Centro;Veicolo in marcia contro ostacolo fisso;Curva a visuale libera;Una carreggiata a doppio senso;Asciutto;Asfaltata;Verticale ed orizzontale;Sereno;Normale;Buona;;1;0;0;1;12.5179;41.8306;-1;1;Autovettura privata;In marcia / fermata / arresto;Passeggero;F;Illeso;0;;;