Protocollo;Gruppo;DataOraIncidente;Localizzazione1;STRADA1;Localizzazione2;STRADA2;Strada02;Chilometrica;DaSpecificare;NaturaIncidente;particolaritastrade;TipoStrada;FondoStradale;Pavimentazione;Segnaletica;CondizioneAtmosferica;Traffico;Visibilita;Illuminazione;NUM_FERITI;NUM_RISERVATA;NUM_MORTI;NUM_ILLESI;Longitude;Latitude;Confermato;Progressivo;TipoVeicolo;StatoVeicolo;TipoPersona;Sesso;Tipolesione;Deceduto;DecedutoDopo;CinturaCascoUtilizzato;Airbag;
5910295;12;11/04/2022 17:20:00;Strada Urbana;VIALE AMERICA;all'intersezione con;VIALE UMBERTO TUPINI;VIALE UMBERTO TUPINI;;;Veicolo in marcia contro veicolo fermo;Incrocio;Una carreggiata a doppio senso;Asciutto;Asfaltata;Verticale ed orizzontale;Sereno;Normale;Buona;;0;0;0;4;12.4672;41.83;-1;2;Autobus di linea;In marcia / fermata / arresto;Conducente;M;Illeso;0;;;
5910295;12;11/04/2022 17:20:00;Strada Urbana;VIALE AMERICA;all'intersezione con;VIALE UMBERTO TUPINI;VIALE UMBERTO TUPINI;;;Veicolo in marcia contro veicolo fermo;Incrocio;Una carreggiata a doppio senso;Asciutto;Asfaltata;Verticale ed orizzontale;Sereno;Normale;Buona;;0;0;0;4;12.4672;41.83;-1;2;Autobus di linea;In marcia / fermata / arresto;Passeggero;F;Illeso;0;;;
5910295;12;11/04/2022 17:20:00;Strada Urbana;VIALE AMERICA;all'intersezione con;VIALE UMBERTO TUPINI;VIALE UMBERTO TUPINI;;;Veicolo in marcia contro veicolo fermo;Incrocio;Una carreggiata a doppio senso;Asciutto;Asfaltata;Verticale ed orizzontale;Sereno;Normale;Buona;;0;0;0;4;12.4672;41.83;-1;2;Autobus di linea;In marcia / fermata / arresto;Passeggero;F;Illeso;0;;;
5910378;15;11/04/2022 08:45:00;Strada Urbana;VIA PORTUENSE;all'intersezione con;VIA LORENZO ALLIEVI;VIA LORENZO ALLIEVI;;;Scontro frontale/laterale DX fra veicoli in marcia;Rettilineo;Una carreggiata a doppio senso;Asciutto;Asfaltata;Verticale ed orizzontale;Sereno;Intenso;Buona;;1;0;0;1;12.414;41.8469;-1;1;Autovettura privata;In marcia / fermata / arresto;Conducente;M;Illeso;0;;Non accertato;Inesploso
5910378;15;11/04/2022 08:45:00;Strada Urbana;VIA PORTUENSE;all'intersezione con;VIA LORENZO ALLIEVI;VIA LORENZO ALLIEVI;;;Scontro frontale/laterale DX fra veicoli in marcia;Rettilineo;Una carreggiata a doppio senso;Asciutto;Asfaltata;Verticale ed orizzontale;Sereno;Intenso;Buona;;1;0;0;1;12.414;41.8469;-1;2;Motociclo a solo;In marcia / fermata / arresto;Conducente;M;Rimandato;0;NON DECEDUTO;Non accertato;
5910387;15;11/04/2022 11:15:00;Strada Urbana;LUNGOTEVERE DEGLI INVENTORI;da specificare;;;;fronte civico 4;Scontro laterale fra veicoli in marcia;Rettilineo;Una carreggiata a doppio senso;Asciutto;Asfaltata;Orizzontale;Sereno;Intenso;Buona;;1;0;0;1;12.4671;41.8611;-1;1;Veicolo speciale;In marcia / fermata / arresto;Conducente;M;Illeso;0;;;
5910387;15;11/04/2022 11:15:00;Strada Urbana;LUNGOTEVERE DEGLI INVENTORI;da specificare;;;;fronte civico 4;Scontro laterale fra veicoli in marcia;Rettilineo;Una carreggiata a doppio senso;Asciutto;Asfaltata;Orizzontale;Sereno;Intenso;Buona;;1;0;0;1;12.4671;41.8611;-1;2;Motociclo a solo;In marcia / fermata / arresto;Conducente;F;Rimandato;0;NON DECEDUTO;Non accertato;
5910393;15;11/04/2022 11:35:00;Strada Urbana;VIA PIETRO FRATTINI;in corrispondenza;;del civico n.;38;;Veicolo in marcia contro veicolo in sosta;Rettilineo;Una carreggiata a doppio senso;Asciutto;Asfaltata;Orizzontale;Sereno;Normale;Buona;;0;0;0;1;12.4469;41.8548;-1;1;Autobus di linea;In marcia / fermata / arresto;Conducente;M;Illeso;0;;Non accertato;Inesploso
5910393;15;11/04/2022 11:35:00;Strada Urbana;VIA PIETRO FRATTINI;in corrispondenza;;del civico n.;38;;Veicolo in marcia contro veicolo in sosta;Rettilineo;Una carreggiata a doppio senso;Asciutto;Asfaltata;Orizzontale;Sereno;Normale;Buona;;0;0;0;1;12.4469;41.8548;-1;2;Autovettura privata;Sosta;;;;;;;
5910397;15;11/04/2022 12:45:00;Strada Urbana;VIA DELLA MAGLIANA;all'intersezione con;VIA DI VALLE LUPARA;VIA DI VALLE LUPARA;;;Scontro laterale fra veicoli in marcia;Incrocio;Una carreggiata a doppio senso;Asciutto;Asfaltata;Verticale ed orizzontale;Sereno;Normale;Buona;;0;0;0;4;12.4196;41.8317;-1;1;Autocarro inferiore 35 q.;In marcia / fermata / arresto;Conducente;M;Illeso;0;;Non accertato;
5910397;15;11/04/2022 12:45:00;Strada Urbana;VIA DELLA MAGLIANA;all'intersezione con;VIA DI VALLE LUPARA;VIA DI VALLE LUPARA;;;Scontro laterale fra veicoli in marcia;Incrocio;Una carreggiata a doppio senso;Asciutto;Asfaltata;Verticale ed orizzontale;Sereno;Normale;Buona;;0;0;0;4;12.4196;41.8317;-1;1;Autocarro inferiore 35 q.;In marcia / fermata / arresto;Passeggero;M;Illeso;0;;Non accertato;Inesploso
5910397;15;11/04/2022 12:45:00;Strada Urbana;VIA DELLA MAGLIANA;all'intersezione con;VIA DI VALLE LUPARA;VIA DI VALLE LUPARA;;;Scontro laterale fra veicoli in marcia;Incrocio;Una carreggiata a doppio senso;Asciutto;Asfaltata;Verticale ed orizzontale;Sereno;Normale;Buona;;0;0;0;4;12.4196;41.8317;-1;2;Autovettura privata;In marcia / fermata / arresto;Conducente;M;Illeso;0;;Non accertato;Inesploso
5910397;15;11/04/2022 12:45:00;Strada Urbana;VIA DELLA MAGLIANA;all'intersezione con;VIA DI VALLE LUPARA;VIA DI VALLE LUPARA;;;Scontro laterale fra veicoli in marcia;Incrocio;Una carreggiata a doppio senso;Asciutto;Asfaltata;Verticale ed orizzontale;Sereno;Normale;Buona;;0;0;0;4;12.4196;41.8317;-1;2;Autovettura privata;In marcia / fermata / arresto;Passeggero;F;Illeso;0;;Non accertato;Inesploso
5910427;15;11/04/2022 16:25:00;Strada Urbana;VIA LEONARDO GREPPI;in corrispondenza;;del civico n.;88;;Veicolo in marcia contro ostacolo fisso;Rettilineo;Una carreggiata a doppio senso;Asciutto;Asfaltata;Verticale ed orizzontale;Sereno;Scarso;Sufficiente;;0;0;0;1;12.458;41.8626;-1;1;Autocarro superiore 35 q.;In marcia / fermata / arresto;Conducente;M;Illeso;0;;Non accertato;Inesploso
5910445;15;11/04/2022 17:05:00;Strada Urbana;VIA DELLA MAGLIANA;all'intersezione con;VIA UGO GUIDO MONDOLFO;VIA UGO GUIDO MONDOLFO;;;Scontro frontale/laterale DX fra veicoli in marcia;Intersezione non regolata/non segnalata;Una carreggiata a doppio senso;Asciutto;Asfaltata;Verticale ed orizzontale;Sereno;Intenso;Buona;;0;0;0;6;12.4196;41.8317;-1;1;Autovettura privata;In marcia / fermata / arresto;Conducente;F;Illeso;0;;;Inesploso
5910445;15;11/04/2022 17:05:00;Strada Urbana;VIA DELLA MAGLIANA;all'intersezione con;VIA UGO GUIDO MONDOLFO;VIA UGO GUIDO MONDOLFO;;;Scontro frontale/laterale DX fra veicoli in marcia;Intersezione non regolata/non segnalata;Una carreggiata a doppio senso;Asciutto;Asfaltata;Verticale ed orizzontale;Sereno;Intenso;Buona;;0;0;0;6;12.4196;41.8317;-1;1;Autovettura privata;In marcia / fermata / arresto;Passeggero;M;Illeso;0;;;Inesploso
5910445;15;11/04/2022 17:05:00;Strada Urbana;VIA DELLA MAGLIANA;all'intersezione con;VIA UGO GUIDO MONDOLFO;VIA UGO GUIDO MONDOLFO;;;Scontro frontale/laterale DX fra veicoli in marcia;Intersezione non regolata/non segnalata;Una carreggiata a doppio senso;Asciutto;Asfaltata;Verticale ed orizzontale;Sereno;Intenso;Buona;;0;0;0;6;12.4196;41.8317;-1;2;Autovettura privata;In marcia / fermata / arresto;Conducente;M;Illeso;0;;;Inesploso
5910445;15;11/04/2022 17:05:00;Strada Urbana;VIA DELLA MAGLIANA;all'intersezione con;VIA UGO GUIDO MONDOLFO;VIA UGO GUIDO MONDOLFO;;;Scontro frontale/laterale DX fra veicoli in marcia;Intersezione non regolata/non segnalata;Una carreggiata a doppio senso;Asciutto;Asfaltata;Verticale ed orizzontale;Sereno;Intenso;Buona;;0;0;0;6;12.4196;41.8317;-1;2;Autovettura privata;In marcia / fermata / arresto;Passeggero;F;Illeso;0;;;Inesploso
5910445;15;11/04/2022 17:05:00;Strada Urbana;VIA DELLA MAGLIANA;all'intersezione con;VIA UGO GUIDO MONDOLFO;VIA UGO GUIDO MONDOLFO;;;Scontro frontale/laterale DX fra veicoli in marcia;Intersezione non regolata/non segnalata;Una carreggiata a doppio senso;Asciutto;Asfaltata;Verticale ed orizzontale;Sereno;Intenso;Buona;;0;0;0;6;12.4196;41.8317;-1;2;Autovettura privata;In marcia / fermata / arresto;Passeggero;F;Illeso;0;;;Inesploso
5910445;15;11/04/2022 17:05:00;Strada Urbana;VIA DELLA MAGLIANA;all'intersezione con;VIA UGO GUIDO MONDOLFO;VIA UGO GUIDO MONDOLFO;;;Scontro frontale/laterale DX fra veicoli in marcia;Intersezione non regolata/non segnalata;Una carreggiata a doppio senso;Asciutto;Asfaltata;Verticale ed orizzontale;Sereno;Intenso;Buona;;0;0;0;6;12.4196;41.8317;-1;2;Autovettura privata;In marcia / fermata / arresto;Passeggero;M;Illeso;0;;;
5910450;15;11/04/2022 18:00:00;Strada Urbana;VIA PORTUENSE;in corrispondenza;;del civico n.;319/A;;Veicolo in marcia contro veicolo in sosta;Rettilineo;Una carreggiata a senso unico di marcia;Asciutto;Asfaltata;Verticale ed orizzontale;Sereno;Scarso;Buona;;0;0;0;1;12.4617;41.8661;-1;1;Autovettura privata;In marcia / fermata / arresto;Conducente;F;Illeso;0;;;
5910450;15;11/04/2022 18:00:00;Strada Urbana;VIA PORTUENSE;in corrispondenza;;del civico n.;319/A;;Veicolo in marcia contro veicolo in sosta;Rettilineo;Una carreggiata a senso unico di marcia;Asciutto;Asfaltata;Verticale ed orizzontale;Sereno;Scarso;Buona;;0;0;0;1;12.4617;41.8661;-1;2;Motociclo a solo;Sosta;;;;;;;
5910541;1;11/04/2022 10:50:00;Strada Urbana;VIALE CASTRO PRETORIO;in prossimit�;;del civico n.;105;;Scontro frontale/laterale DX fra veicoli in marcia;Rettilineo;Una carreggiata a doppio senso;Asciutto;Asfaltata;Verticale ed orizzontale;Sereno;Normale;Buona;;0;0;0;2;12.506;41.9054;-1;1;Autovettura privata;In marcia / fermata / arresto;Conducente;M;Illeso;0;;;
5910541;1;11/04/2022 10:50:00;Strada Urbana;VIALE CASTRO PRETORIO;in prossimit�;;del civico n.;105;;Scontro frontale/laterale DX fra veicoli in marcia;Rettilineo;Una carreggiata a doppio senso;Asciutto;Asfaltata;Verticale ed orizzontale;Sereno;Normale;Buona;;0;0;0;2;12.506;41.9054;-1;2;Autovettura privata;In marcia / fermata / arresto;Conducente;M;Illeso;0;;;
5910568;8;11/04/2022 08:10:00;Strada Urbana;VIA DEL FONTANILE DI CARCARICOLA;da specificare;;;;altezza fermata ATAC Tor Vergata (Aula Magna);Investimento di pedone;Rettilineo;Due carreggiate;Asciutto;Asfaltata;Verticale ed orizzontale;Sereno;Normale;Buona;;1;0;0;1;12.6077;41.8525;-1;;;;Pedone;M;Rimandato;0;NON DECEDUTO;;
5910568;8;11/04/2022 08:10:00;Strada Urbana;VIA DEL FONTANILE DI CARCARICOLA;da specificare;;;;altezza fermata ATAC Tor Vergata (Aula Magna);Investimento di pedone;Rettilineo;Due carreggiate;Asciutto;Asfaltata;Verticale ed orizzontale;Sereno;Normale;Buona;;1;0;0;1;12.6077;41.8525;-1;1;Autocarro inferiore 35 q.;In marcia / fermata / arresto;Conducente;M;Illeso;0;;Non accertato;Inesploso
5910569;1;11/04/2022 16:30:00;Strada Urbana;VIALE MANZONI;all'intersezione semaforizzata con;VIA EMANUELE FILIBERTO;VIA EMANUELE FILIBERTO;;;Scontro laterale fra veicoli in marcia;Intersezione semaforizzata;Una carreggiata a doppio senso;Asciutto;Asfaltata;Verticale ed orizzontale;Sereno;Normale;Buona;;0;0;0;3;12.5068;41.8904;-1;1;Autovettura privata;In marcia / fermata / arresto;Conducente;F;Illeso;0;;Non accertato;Inesploso
5910569;1;11/04/2022 16:30:00;Strada Urbana;VIALE MANZONI;all'intersezione semaforizzata con;VIA EMANUELE FILIBERTO;VIA EMANUELE FILIBERTO;;;Scontro laterale fra veicoli in marcia;Intersezione semaforizzata;Una carreggiata a doppio senso;Asciutto;Asfaltata;Verticale ed orizzontale;Sereno;Normale;Buona;;0;0;0;3;12.5068;41.8904;-1;1;Autovettura privata;In marcia / fermata / arresto;Passeggero;F;Illeso;0;;Non accertato;Inesploso
5910569;1;11/04/2022 16:30:00;Strada Urbana;VIALE MANZONI;all'intersezione semaforizzata con;VIA EMANUELE FILIBERTO;VIA EMANUELE FILIBERTO;;;Scontro laterale fra veicoli in marcia;Intersezione semaforizzata;Una carreggiata a doppio senso;Asciutto;Asfaltata;Verticale ed orizzontale;Sereno;Normale;Buona;;0;0;0;3;12.5068;41.8904;-1;2;Autovettura privata;In marcia / fermata / arresto;Conducente;M;Illeso;0;;Non accertato;Inesploso
5910571;8;11/04/2022 15:30:00;Strada Urbana;VIA ORAZIO BORGIANNI;in prossimit�;;del civico n.;60;;Veicolo in marcia contro veicolo in sosta;Rettilineo;Una carreggiata a senso unico di marcia;Asciutto;Asfaltata;Assente;Sereno;Normale;Buona;;0;0;0;1;12.6276;41.8695;-1;1;Autovettura privata;Sosta;;;;;;;
5910571;8;11/04/2022 15:30:00;Strada Urbana;VIA ORAZIO BORGIANNI;in prossimit�;;del civico n.;60;;Veicolo in marcia contro veicolo in sosta;Rettilineo;Una carreggiata a senso unico di marcia;Asciutto;Asfaltata;Assente;Sereno;Normale;Buona;;0;0;0;1;12.6276;41.8695;-1;2;Autovettura privata;In marcia / fermata / arresto;Conducente;M;Illeso;0;;Non accertato;Inesploso
5910598;6;11/04/2022 12:30:00;Strada Urbana;VIA COLLATINA;all'intersezione con;VIA PRENESTINA;VIA PRENESTINA;;;Scontro laterale fra veicoli in marcia;Incrocio;Due carreggiate;Asciutto;Asfaltata;Verticale ed orizzontale;Sereno;Normale;Buona;;0;0;0;2;12.5591;41.895;-1;1;Autovettura privata;In marcia / fermata / arresto;Conducente;M;Illeso;0;;Non accertato;Inesploso
5910598;6;11/04/2022 12:30:00;Strada Urbana;VIA COLLATINA;all'intersezione con;VIA PRENESTINA;VIA PRENESTINA;;;Scontro laterale fra veicoli in marcia;Incrocio;Due carreggiate;Asciutto;Asfaltata;Verticale ed orizzontale;Sereno;Normale;Buona;;0;0;0;2;12.5591;41.895;-1;2;Autovettura privata;In marcia / fermata / arresto;Conducente;M;Illeso;0;;;
5910602;11;11/04/2022 21:15:00;Strada Urbana;VIA DEL SERAFICO;in corrispondenza;;del civico n.;4;;Tamponamento;Rettilineo;Una carreggiata a doppio senso;Asciutto;Asfaltata;Verticale ed orizzontale;Sereno;Normale;Buona;;0;0;0;6;12.4809;41.8297;-1;1;Autovettura privata;In marcia / fermata / arresto;Conducente;F;Illeso;0;;Non accertato;
5910602;11;11/04/2022 21:15:00;Strada Urbana;VIA DEL SERAFICO;in corrispondenza;;del civico n.;4;;Tamponamento;Rettilineo;Una carreggiata a doppio senso;Asciutto;Asfaltata;Verticale ed orizzontale;Sereno;Normale;Buona;;0;0;0;6;12.4809;41.8297;-1;1;Autovettura privata;In marcia / fermata / arresto;Passeggero;M;Illeso;0;;Non accertato;
5910602;11;11/04/2022 21:15:00;Strada Urbana;VIA DEL SERAFICO;in corrispondenza;;del civico n.;4;;Tamponamento;Rettilineo;Una carreggiata a doppio senso;Asciutto;Asfaltata;Verticale ed orizzontale;Sereno;Normale;Buona;;0;0;0;6;12.4809;41.8297;-1;2;Autovettura privata;In marcia / fermata / arresto;Conducente;F;Illeso;0;;Non accertato;
5910602;11;11/04/2022 21:15:00;Strada Urbana;VIA DEL SERAFICO;in corrispondenza;;del civico n.;4;;Tamponamento;Rettilineo;Una carreggiata a doppio senso;Asciutto;Asfaltata;Verticale ed orizzontale;Sereno;Normale;Buona;;0;0;0;6;12.4809;41.8297;-1;2;Autovettura privata;In marcia / fermata / arresto;Passeggero;M;Illeso;0;;Non accertato;
5910602;11;11/04/2022 21:15:00;Strada Urbana;VIA DEL SERAFICO;in corrispondenza;;del civico n.;4;;Tamponamento;Rettilineo;Una carreggiata a doppio senso;Asciutto;Asfaltata;Verticale ed orizzontale;Sereno;Normale;Buona;;0;0;0;6;12.4809;41.8297;-1;2;Autovettura privata;In marcia / fermata / arresto;Passeggero;F;Illeso;0;;Non accertato;
5910609;10;11/04/2022 13:00:00;Strada Urbana;VIA VALERIO PUBLICOLA;all'intersezione semaforizzata con;VIA TUSCOLANA;VIA TUSCOLANA;;;Scontro frontale/laterale SX fra veicoli in marcia;Intersezione semaforizzata;Due carreggiate;Asciutto;Asfaltata;Verticale ed orizzontale;Sereno;Normale;Buona;;0;0;0;3;12.5591;41.8586;-1;1;Autovettura privata;In marcia / fermata / arresto;Conducente;F;Illeso;0;;Non accertato;Inesploso
5910609;10;11/04/2022 13:00:00;Strada Urbana;VIA VALERIO PUBLICOLA;all'intersezione semaforizzata con;VIA TUSCOLANA;VIA TUSCOLANA;;;Scontro frontale/laterale SX fra veicoli in marcia;Intersezione semaforizzata;Due carreggiate;Asciutto;Asfaltata;Verticale ed orizzontale;Sereno;Normale;Buona;;0;0;0;3;12.5591;41.8586;-1;1;Autovettura privata;In marcia / fermata / arresto;Passeggero;F;Illeso;0;;;
5910609;10;11/04/2022 13:00:00;Strada Urbana;VIA VALERIO PUBLICOLA;all'intersezione semaforizzata con;VIA TUSCOLANA;VIA TUSCOLANA;;;Scontro frontale/laterale SX fra veicoli in marcia;Intersezione semaforizzata;Due carreggiate;Asciutto;Asfaltata;Verticale ed orizzontale;Sereno;Normale;Buona;;0;0;0;3;12.5591;41.8586;-1;2;Autovettura privata;In marcia / fermata / arresto;Conducente;M;Illeso;0;;;
5910615;8;11/04/2022 16:00:00;Strada Urbana;VIA ANTONIO CAPETTI;in prossimit�;;del civico n.;53;;Veicolo in marcia che urta buche nella carreggiata;Rettilineo;Due carreggiate;Asciutto;Con buche;Verticale ed orizzontale;Sereno;Normale;Buona;;0;0;0;1;12.6617;41.911;-1;1;Autovettura privata;In marcia / fermata / arresto;Conducente;M;Illeso;0;;Non accertato;Inesploso
5910618;1;11/04/2022 16:30:00;Strada Urbana;VIA FERDINANDO DI SAVOIA;all'intersezione con;VIA MARIA ADELAIDE;VIA MARIA ADELAIDE;;;Scontro laterale fra veicoli in marcia;Intersezione stradale segnalata;Una carreggiata a doppio senso;Asciutto;;Verticale ed orizzontale;Sereno;Intenso;Buona;;0;0;0;3;;;0;1;Autovettura privata;In marcia / fermata / arresto;Conducente;M;Illeso;0;;;
5910618;1;11/04/2022 16:30:00;Strada Urbana;VIA FERDINANDO DI SAVOIA;all'intersezione con;VIA MARIA ADELAIDE;VIA MARIA ADELAIDE;;;Scontro laterale fra veicoli in marcia;Intersezione stradale segnalata;Una carreggiata a doppio senso;Asciutto;;Verticale ed orizzontale;Sereno;Intenso;Buona;;0;0;0;3;;;0;2;Autovettura privata;In marcia / fermata / arresto;Conducente;F;Illeso;0;;;
5910618;1;11/04/2022 16:30:00;Strada Urbana;VIA FERDINANDO DI SAVOIA;all'intersezione con;VIA MARIA ADELAIDE;VIA MARIA ADELAIDE;;;Scontro laterale fra veicoli in marcia;Intersezione stradale segnalata;Una carreggiata a doppio senso;Asciutto;;Verticale ed orizzontale;Sereno;Intenso;Buona;;0;0;0;3;;;0;3;Bicicletta elettrica;In marcia / fermata / arresto;Conducente;M;Illeso;0;;;
5910619;8;11/04/2022 18:00:00;Strada Urbana;VIA DELL' OSTERIA DEL FINOCCHIO;all'intersezione con;VIA CALASCIBETTA;VIA CALASCIBETTA;;;Scontro frontale/laterale DX fra veicoli in marcia;Rotatoria;Una carreggiata a doppio senso;Asciutto;Asfaltata;Verticale ed orizzontale;Sereno;Normale;Buona;;1;0;0;3;12.677;41.8559;-1;1;Autovettura privata;In marcia / fermata / arresto;Conducente;M;Illeso;0;;;
5910619;8;11/04/2022 18:00:00;Strada Urbana;VIA DELL' OSTERIA DEL FINOCCHIO;all'intersezione con;VIA CALASCIBETTA;VIA CALASCIBETTA;;;Scontro frontale/laterale DX fra veicoli in marcia;Rotatoria;Una carreggiata a doppio senso;Asciutto;Asfaltata;Verticale ed orizzontale;Sereno;Normale;Buona;;1;0;0;3;12.677;41.8559;-1;1;Autovettura privata;In marcia / fermata / arresto;Passeggero;F;Illeso;0;;;Inesploso
5910619;8;11/04/2022 18:00:00;Strada Urbana;VIA DELL' OSTERIA DEL FINOCCHIO;all'intersezione con;VIA CALASCIBETTA;VIA CALASCIBETTA;;;Scontro frontale/laterale DX fra veicoli in marcia;Rotatoria;Una carreggiata a doppio senso;Asciutto;Asfaltata;Verticale ed orizzontale;Sereno;Normale;Buona;;1;0;0;3;12.677;41.8559;-1;1;Autovettura privata;In marcia / fermata / arresto;Passeggero;M;Illeso;0;;;Inesploso
5910619;8;11/04/2022 18:00:00;Strada Urbana;VIA DELL' OSTERIA DEL FINOCCHIO;all'intersezione con;VIA CALASCIBETTA;VIA CALASCIBETTA;;;Scontro frontale/laterale DX fra veicoli in marcia;Rotatoria;Una carreggiata a doppio senso;Asciutto;Asfaltata;Verticale ed orizzontale;Sereno;Normale;Buona;;1;0;0;3;12.677;41.8559;-1;2;Motociclo a solo;In marcia / fermata / arresto;Conducente;M;Ricoverato;0;NON DECEDUTO;;
5910627;8;11/04/2022 19:00:00;Strada Urbana;VIA DEL FOSSO DELL'OSA;all'intersezione con;VIA DEL FOSSO SCILICINO;VIA DEL FOSSO SCILICINO;;;Scontro frontale/laterale DX fra veicoli in marcia;Incrocio;Una carreggiata a doppio senso;Asciutto;Asfaltata;Verticale ed orizzontale;Sereno;Scarso;Buona;;1;0;0;1;12.6843;41.9035;-1;1;Autovettura privata;In marcia / fermata / arresto;Conducente;M;Illeso;0;;Non accertato;Inesploso
5910627;8;11/04/2022 19:00:00;Strada Urbana;VIA DEL FOSSO DELL'OSA;all'intersezione con;VIA DEL FOSSO SCILICINO;VIA DEL FOSSO SCILICINO;;;Scontro frontale/laterale DX fra veicoli in marcia;Incrocio;Una carreggiata a doppio senso;Asciutto;Asfaltata;Verticale ed orizzontale;Sereno;Scarso;Buona;;1;0;0;1;12.6843;41.9035;-1;2;Motociclo a solo;In marcia / fermata / arresto;Conducente;M;Rifiuta cure immediate;0;NON DECEDUTO;Non accertato;
5910636;8;11/04/2022 22:15:00;Strada Urbana;VIA GIASONE;in corrispondenza;;del civico n.;33;;Veicolo in marcia contro ostacolo fisso;Rettilineo;Una carreggiata a doppio senso;Asciutto;In conglomerato cementizio;Assente;Sereno;Scarso;Insufficiente;;0;0;0;1;12.6211;41.8764;-1;1;Autovettura privata;In marcia / fermata / arresto;Conducente;M;Illeso;0;;;
5910660;19;11/04/2022 15:20:00;Strada Urbana;VIALE DELLE MEDAGLIE D'ORO;in prossimit�;;del civico n.;218;;Investimento di pedone;Curva senza visuale libera;Una carreggiata a doppio senso;Asciutto;Asfaltata;Orizzontale;Sereno;Scarso;Buona;;2;0;0;0;12.4428;41.9173;-1;;;;Pedone;F;Rimandato;0;NON DECEDUTO;;
5910660;19;11/04/2022 15:20:00;Strada Urbana;VIALE DELLE MEDAGLIE D'ORO;in prossimit�;;del civico n.;218;;Investimento di pedone;Curva senza visuale libera;Una carreggiata a doppio senso;Asciutto;Asfaltata;Orizzontale;Sereno;Scarso;Buona;;2;0;0;0;12.4428;41.9173;-1;1;Monopattino elettrico;In marcia / fermata / arresto;Conducente;M;Rifiuta cure immediate;0;NON DECEDUTO;;
5910681;11;11/04/2022 13:45:00;Strada Urbana;VIA FILIPPI;in corrispondenza;;del civico n.;57;;Scontro frontale fra veicoli in marcia;Rettilineo;Una carreggiata a senso unico alternato;Asciutto;Asfaltata;Verticale ed orizzontale;Sereno;Scarso;Buona;;0;0;0;5;12.4747;41.8557;-1;1;Autovettura privata;In marcia / fermata / arresto;Conducente;M;Illeso;0;;Non accertato;
5910681;11;11/04/2022 13:45:00;Strada Urbana;VIA FILIPPI;in corrispondenza;;del civico n.;57;;Scontro frontale fra veicoli in marcia;Rettilineo;Una carreggiata a senso unico alternato;Asciutto;Asfaltata;Verticale ed orizzontale;Sereno;Scarso;Buona;;0;0;0;5;12.4747;41.8557;-1;1;Autovettura privata;In marcia / fermata / arresto;Passeggero;F;Illeso;0;;Non accertato;
5910681;11;11/04/2022 13:45:00;Strada Urbana;VIA FILIPPI;in corrispondenza;;del civico n.;57;;Scontro frontale fra veicoli in marcia;Rettilineo;Una carreggiata a senso unico alternato;Asciutto;Asfaltata;Verticale ed orizzontale;Sereno;Scarso;Buona;;0;0;0;5;12.4747;41.8557;-1;1;Autovettura privata;In marcia / fermata / arresto;Passeggero;F;Illeso;0;;Non accertato;
5910681;11;11/04/2022 13:45:00;Strada Urbana;VIA FILIPPI;in corrispondenza;;del civico n.;57;;Scontro frontale fra veicoli in marcia;Rettilineo;Una carreggiata a senso unico alternato;Asciutto;Asfaltata;Verticale ed orizzontale;Sereno;Scarso;Buona;;0;0;0;5;12.4747;41.8557;-1;1;Autovettura privata;In marcia / fermata / arresto;Passeggero;M;Illeso;0;;Non accertato;
5910681;11;11/04/2022 13:45:00;Strada Urbana;VIA FILIPPI;in corrispondenza;;del civico n.;57;;Scontro frontale fra veicoli in marcia;Rettilineo;Una carreggiata a senso unico alternato;Asciutto;Asfaltata;Verticale ed orizzontale;Sereno;Scarso;Buona;;0;0;0;5;12.4747;41.8557;-1;2;Autovettura privata;In marcia / fermata / arresto;Conducente;M;Illeso;0;;Non accertato;
5910689;9;11/04/2022 15:40:00;Strada Urbana;PIAZZALE LABICANO;all'intersezione con;VIA PRENESTINA;VIA PRENESTINA;;;Veicolo in marcia contro ostacolo accidentale;Intersezione semaforizzata;Una carreggiata a senso unico di marcia;Asciutto;Asfaltata;Verticale ed orizzontale;Sereno;Normale;Buona;;0;0;0;6;12.5156;41.8912;-1;1;Autovettura di soccorso;In marcia / fermata / arresto;Conducente;M;Illeso;0;;Non accertato;Inesploso
5910689;9;11/04/2022 15:40:00;Strada Urbana;PIAZZALE LABICANO;all'intersezione con;VIA PRENESTINA;VIA PRENESTINA;;;Veicolo in marcia contro ostacolo accidentale;Intersezione semaforizzata;Una carreggiata a senso unico di marcia;Asciutto;Asfaltata;Verticale ed orizzontale;Sereno;Normale;Buona;;0;0;0;6;12.5156;41.8912;-1;1;Autovettura di soccorso;In marcia / fermata / arresto;Passeggero;M;Illeso;0;;Non accertato;Inesploso
5910689;9;11/04/2022 15:40:00;Strada Urbana;PIAZZALE LABICANO;all'intersezione con;VIA PRENESTINA;VIA PRENESTINA;;;Veicolo in marcia contro ostacolo accidentale;Intersezione semaforizzata;Una carreggiata a senso unico di marcia;Asciutto;Asfaltata;Verticale ed orizzontale;Sereno;Normale;Buona;;0;0;0;6;12.5156;41.8912;-1;1;Autovettura di soccorso;In marcia / fermata / arresto;Passeggero;M;Illeso;0;;Non accertato;Inesploso