Protocollo;Gruppo;DataOraIncidente;Localizzazione1;STRADA1;Localizzazione2;STRADA2;Strada02;Chilometrica;DaSpecificare;NaturaIncidente;particolaritastrade;TipoStrada;FondoStradale;Pavimentazione;Segnaletica;CondizioneAtmosferica;Traffico;Visibilita;Illuminazione;NUM_FERITI;NUM_RISERVATA;NUM_MORTI;NUM_ILLESI;Longitude;Latitude;Confermato;Progressivo;TipoVeicolo;StatoVeicolo;TipoPersona;Sesso;Tipolesione;Deceduto;DecedutoDopo;CinturaCascoUtilizzato;Airbag;
5912582;13;12/04/2022 14:30:00;Strada Urbana;VIA GIANDOMENICO BERTOLI;all'intersezione con;VIA DOMENICO SERRADIFALCO;VIA DOMENICO SERRADIFALCO;;;Scontro frontale/laterale SX fra veicoli in marcia;Intersezione stradale segnalata;Una carreggiata a doppio senso;Asciutto;Asfaltata;Verticale;Sereno;Intenso;Sufficiente;;0;0;0;3;12.327;41.7835;-1;2;Autovettura privata;In marcia / fermata / arresto;Conducente;F;Illeso;0;;Non accertato;Inesploso
5912584;6;01/04/2022 05:45:00;Strada Urbana;VIA DEL PIGNETO;all'intersezione con;VIA ALFONSO ANTONINI;VIA ALFONSO ANTONINI;;;Scontro frontale/laterale SX fra veicoli in marcia;Incrocio;Una carreggiata a senso unico di marcia;Asciutto;Asfaltata;Verticale ed orizzontale;Sereno;Scarso;Sufficiente;;0;0;0;2;12.5423;41.8864;-1;1;Autocarro inferiore 35 q.;In marcia / fermata / arresto;Conducente;M;Illeso;0;;Non accertato;Inesploso
5912584;6;01/04/2022 05:45:00;Strada Urbana;VIA DEL PIGNETO;all'intersezione con;VIA ALFONSO ANTONINI;VIA ALFONSO ANTONINI;;;Scontro frontale/laterale SX fra veicoli in marcia;Incrocio;Una carreggiata a senso unico di marcia;Asciutto;Asfaltata;Verticale ed orizzontale;Sereno;Scarso;Sufficiente;;0;0;0;2;12.5423;41.8864;-1;2;Autovettura privata;In marcia / fermata / arresto;Conducente;M;Illeso;0;;;
5912585;19;12/04/2022 16:00:00;Strada Urbana;VIA DELLA PINETA SACCHETTI;in prossimit�;;del civico n.;263;;Tamponamento Multiplo;Rettilineo;Una carreggiata a senso unico di marcia;Asciutto;Asfaltata;Orizzontale;Sereno;Intenso;Buona;;1;0;0;2;12.4264;41.9342;-1;1;Autovettura privata;In marcia / fermata / arresto;Conducente;M;Illeso;0;;Non accertato;Inesploso
5912585;19;12/04/2022 16:00:00;Strada Urbana;VIA DELLA PINETA SACCHETTI;in prossimit�;;del civico n.;263;;Tamponamento Multiplo;Rettilineo;Una carreggiata a senso unico di marcia;Asciutto;Asfaltata;Orizzontale;Sereno;Intenso;Buona;;1;0;0;2;12.4264;41.9342;-1;2;Motociclo a solo;In marcia / fermata / arresto;Conducente;M;Rifiuta cure immediate;0;NON DECEDUTO;Non accertato;
5912585;19;12/04/2022 16:00:00;Strada Urbana;VIA DELLA PINETA SACCHETTI;in prossimit�;;del civico n.;263;;Tamponamento Multiplo;Rettilineo;Una carreggiata a senso unico di marcia;Asciutto;Asfaltata;Orizzontale;Sereno;Intenso;Buona;;1;0;0;2;12.4264;41.9342;-1;3;Autovettura privata;In marcia / fermata / arresto;Conducente;F;Illeso;0;;Non accertato;Inesploso
5912588;10;12/04/2022 18:30:00;Strada Urbana;VIA DEL QUADRARO;in corrispondenza;;del civico n.;64;;Tamponamento;Rettilineo;Due carreggiate;Asciutto;Asfaltata;Verticale ed orizzontale;Sereno;Normale;Buona;;1;0;0;1;12.5534;41.8567;-1;1;Autovettura privata;In marcia / fermata / arresto;Conducente;F;Rimandato;0;NON DECEDUTO;Non accertato;Inesploso
5912588;10;12/04/2022 18:30:00;Strada Urbana;VIA DEL QUADRARO;in corrispondenza;;del civico n.;64;;Tamponamento;Rettilineo;Due carreggiate;Asciutto;Asfaltata;Verticale ed orizzontale;Sereno;Normale;Buona;;1;0;0;1;12.5534;41.8567;-1;2;Autovettura privata;In marcia / fermata / arresto;Conducente;F;Illeso;0;;Non accertato;Inesploso
5912592;1;13/04/2022 00:20:00;Strada Urbana;VIALE GIOTTO;all'intersezione semaforizzata con;VIA LEON BATTISTA ALBERTI;VIA LEON BATTISTA ALBERTI;;;Scontro frontale/laterale DX fra veicoli in marcia;Intersezione semaforizzata;Due carreggiate;Asciutto;Asfaltata;Verticale ed orizzontale;Sereno;Scarso;Buona;;0;0;0;3;12.4882;41.878;-1;1;Autovettura privata;In marcia / fermata / arresto;Conducente;M;Illeso;0;;Non accertato;Inesploso
5912592;1;13/04/2022 00:20:00;Strada Urbana;VIALE GIOTTO;all'intersezione semaforizzata con;VIA LEON BATTISTA ALBERTI;VIA LEON BATTISTA ALBERTI;;;Scontro frontale/laterale DX fra veicoli in marcia;Intersezione semaforizzata;Due carreggiate;Asciutto;Asfaltata;Verticale ed orizzontale;Sereno;Scarso;Buona;;0;0;0;3;12.4882;41.878;-1;1;Autovettura privata;In marcia / fermata / arresto;Passeggero;F;Illeso;0;;Non accertato;Inesploso
5912592;1;13/04/2022 00:20:00;Strada Urbana;VIALE GIOTTO;all'intersezione semaforizzata con;VIA LEON BATTISTA ALBERTI;VIA LEON BATTISTA ALBERTI;;;Scontro frontale/laterale DX fra veicoli in marcia;Intersezione semaforizzata;Due carreggiate;Asciutto;Asfaltata;Verticale ed orizzontale;Sereno;Scarso;Buona;;0;0;0;3;12.4882;41.878;-1;2;Motociclo a solo;In marcia / fermata / arresto;Conducente;M;Illeso;0;;Non accertato;
5912593;20;12/04/2022 11:30:00;Regionale entro l'abitato;VIA CASSIA;in corrispondenza;;del civico n.;1412;;Scontro frontale/laterale SX fra veicoli in marcia;Curva a visuale libera;Una carreggiata a doppio senso;Asciutto;Asfaltata;Verticale ed orizzontale;Sereno;Intenso;Buona;;0;0;0;4;12.3984;41.9907;-1;1;Motociclo a solo;In marcia / fermata / arresto;Conducente;M;Illeso;0;;Non accertato;
5912593;20;12/04/2022 11:30:00;Regionale entro l'abitato;VIA CASSIA;in corrispondenza;;del civico n.;1412;;Scontro frontale/laterale SX fra veicoli in marcia;Curva a visuale libera;Una carreggiata a doppio senso;Asciutto;Asfaltata;Verticale ed orizzontale;Sereno;Intenso;Buona;;0;0;0;4;12.3984;41.9907;-1;2;Autovettura privata;In marcia / fermata / arresto;Conducente;M;Illeso;0;;Non accertato;
5912593;20;12/04/2022 11:30:00;Regionale entro l'abitato;VIA CASSIA;in corrispondenza;;del civico n.;1412;;Scontro frontale/laterale SX fra veicoli in marcia;Curva a visuale libera;Una carreggiata a doppio senso;Asciutto;Asfaltata;Verticale ed orizzontale;Sereno;Intenso;Buona;;0;0;0;4;12.3984;41.9907;-1;3;Autovettura privata;In marcia / fermata / arresto;Conducente;M;Illeso;0;;;
5912593;20;12/04/2022 11:30:00;Regionale entro l'abitato;VIA CASSIA;in corrispondenza;;del civico n.;1412;;Scontro frontale/laterale SX fra veicoli in marcia;Curva a visuale libera;Una carreggiata a doppio senso;Asciutto;Asfaltata;Verticale ed orizzontale;Sereno;Intenso;Buona;;0;0;0;4;12.3984;41.9907;-1;3;Autovettura privata;In marcia / fermata / arresto;Passeggero;M;Illeso;0;;Non accertato;Inesploso
5912596;15;12/04/2022 19:50:00;Strada Urbana;VIA FELICE POGGI;da specificare;;;;fronte civ. 34;Veicolo in marcia contro veicoli in sosta;Rettilineo;Una carreggiata a senso unico di marcia;Asciutto;Asfaltata;Orizzontale;Sereno;Scarso;Buona;;0;0;0;1;12.4583;41.8589;-1;1;Autovettura privata;Sosta;;;;;;;
5912596;15;12/04/2022 19:50:00;Strada Urbana;VIA FELICE POGGI;da specificare;;;;fronte civ. 34;Veicolo in marcia contro veicoli in sosta;Rettilineo;Una carreggiata a senso unico di marcia;Asciutto;Asfaltata;Orizzontale;Sereno;Scarso;Buona;;0;0;0;1;12.4583;41.8589;-1;2;Motociclo a solo;In marcia / fermata / arresto;Conducente;M;Illeso;0;;Non accertato;
5912597;15;12/04/2022 17:10:00;Strada Urbana;VIA PORTUENSE;in corrispondenza;;del civico n.;429/A;;Tamponamento;Rettilineo;Una carreggiata a doppio senso;Asciutto;Asfaltata;Verticale ed orizzontale;Sereno;Normale;Buona;;0;0;0;3;12.454;41.8627;-1;1;Autovettura privata;In marcia / fermata / arresto;Conducente;M;Illeso;0;;Non accertato;Inesploso
5912597;15;12/04/2022 17:10:00;Strada Urbana;VIA PORTUENSE;in corrispondenza;;del civico n.;429/A;;Tamponamento;Rettilineo;Una carreggiata a doppio senso;Asciutto;Asfaltata;Verticale ed orizzontale;Sereno;Normale;Buona;;0;0;0;3;12.454;41.8627;-1;1;Autovettura privata;In marcia / fermata / arresto;Passeggero;F;Illeso;0;;Non accertato;Inesploso
5912597;15;12/04/2022 17:10:00;Strada Urbana;VIA PORTUENSE;in corrispondenza;;del civico n.;429/A;;Tamponamento;Rettilineo;Una carreggiata a doppio senso;Asciutto;Asfaltata;Verticale ed orizzontale;Sereno;Normale;Buona;;0;0;0;3;12.454;41.8627;-1;2;Autovettura privata;In marcia / fermata / arresto;Conducente;F;Illeso;0;;Non accertato;Inesploso
5912605;19;12/04/2022 16:10:00;Strada Urbana;VIA DEL FORTE TRIONFALE;all'intersezione con;VIA MARIA PEZZE' PASCOLATO;VIA MARIA PEZZE' PASCOLATO;;;Scontro frontale/laterale SX fra veicoli in marcia;Incrocio;Una carreggiata a doppio senso;Asciutto;Asfaltata;Verticale ed orizzontale;Sereno;Intenso;Buona;;1;0;0;2;12.4327;41.9385;-1;1;Autocarro inferiore 35 q.;In marcia / fermata / arresto;Conducente;M;Illeso;0;;Non accertato;Inesploso
5912605;19;12/04/2022 16:10:00;Strada Urbana;VIA DEL FORTE TRIONFALE;all'intersezione con;VIA MARIA PEZZE' PASCOLATO;VIA MARIA PEZZE' PASCOLATO;;;Scontro frontale/laterale SX fra veicoli in marcia;Incrocio;Una carreggiata a doppio senso;Asciutto;Asfaltata;Verticale ed orizzontale;Sereno;Intenso;Buona;;1;0;0;2;12.4327;41.9385;-1;1;Autocarro inferiore 35 q.;In marcia / fermata / arresto;Passeggero;F;Illeso;0;;Non accertato;Inesploso
5912605;19;12/04/2022 16:10:00;Strada Urbana;VIA DEL FORTE TRIONFALE;all'intersezione con;VIA MARIA PEZZE' PASCOLATO;VIA MARIA PEZZE' PASCOLATO;;;Scontro frontale/laterale SX fra veicoli in marcia;Incrocio;Una carreggiata a doppio senso;Asciutto;Asfaltata;Verticale ed orizzontale;Sereno;Intenso;Buona;;1;0;0;2;12.4327;41.9385;-1;2;Motociclo a solo;In marcia / fermata / arresto;Conducente;M;Rifiuta cure immediate;0;NON DECEDUTO;Non accertato;
5912607;10;12/04/2022 14:40:00;Strada Urbana;VIA TUSCOLANA;all'intersezione semaforizzata con;VIA GASPERINA;VIA GASPERINA;;;Scontro frontale/laterale DX fra veicoli in marcia;Intersezione semaforizzata;Due carreggiate;Asciutto;Asfaltata;Verticale ed orizzontale;Sereno;Normale;Buona;;1;0;0;1;12.602;41.8361;-1;1;Motociclo a solo;In marcia / fermata / arresto;Conducente;M;Rimandato;0;NON DECEDUTO;Non accertato;
5912607;10;12/04/2022 14:40:00;Strada Urbana;VIA TUSCOLANA;all'intersezione semaforizzata con;VIA GASPERINA;VIA GASPERINA;;;Scontro frontale/laterale DX fra veicoli in marcia;Intersezione semaforizzata;Due carreggiate;Asciutto;Asfaltata;Verticale ed orizzontale;Sereno;Normale;Buona;;1;0;0;1;12.602;41.8361;-1;2;Autovettura privata;In marcia / fermata / arresto;Conducente;M;Illeso;0;;Non accertato;Inesploso
5912608;4;12/04/2022 17:40:00;Strada Urbana;VIA UGO OJETTI;in corrispondenza;;del civico n.;79;;Tamponamento;Rettilineo;Due carreggiate;Asciutto;Asfaltata;Verticale ed orizzontale;Sereno;Intenso;Buona;;0;0;0;3;12.5503;41.9444;-1;1;Autovettura privata;In marcia / fermata / arresto;Conducente;F;Illeso;0;;Non accertato;
5912608;4;12/04/2022 17:40:00;Strada Urbana;VIA UGO OJETTI;in corrispondenza;;del civico n.;79;;Tamponamento;Rettilineo;Due carreggiate;Asciutto;Asfaltata;Verticale ed orizzontale;Sereno;Intenso;Buona;;0;0;0;3;12.5503;41.9444;-1;1;Autovettura privata;In marcia / fermata / arresto;Passeggero;F;Illeso;0;;Non accertato;
5912608;4;12/04/2022 17:40:00;Strada Urbana;VIA UGO OJETTI;in corrispondenza;;del civico n.;79;;Tamponamento;Rettilineo;Due carreggiate;Asciutto;Asfaltata;Verticale ed orizzontale;Sereno;Intenso;Buona;;0;0;0;3;12.5503;41.9444;-1;2;Motociclo a solo;In marcia / fermata / arresto;Conducente;M;Illeso;0;;;
5912625;19;12/04/2022 21:00:00;Strada Urbana;VIA DELLA PINETA SACCHETTI;da specificare;;;;alt. via di Villa Maggiorani;Tamponamento;Rettilineo;Una carreggiata a senso unico di marcia;Asciutto;Asfaltata;Verticale ed orizzontale;Sereno;Normale;Buona;;0;0;0;2;12.4263;41.9314;-1;1;Autovettura privata;In marcia / fermata / arresto;Conducente;M;Illeso;0;;Non accertato;Inesploso
5912625;19;12/04/2022 21:00:00;Strada Urbana;VIA DELLA PINETA SACCHETTI;da specificare;;;;alt. via di Villa Maggiorani;Tamponamento;Rettilineo;Una carreggiata a senso unico di marcia;Asciutto;Asfaltata;Verticale ed orizzontale;Sereno;Normale;Buona;;0;0;0;2;12.4263;41.9314;-1;2;Autovettura privata;In marcia / fermata / arresto;Conducente;M;Illeso;0;;Non accertato;Inesploso
5912638;5;12/04/2022 08:15:00;Strada Urbana;VIA TIBURTINA;all'intersezione con;VIA VISSO;VIA VISSO;;;Scontro frontale/laterale SX fra veicoli in marcia;Incrocio;Due carreggiate;Asciutto;Asfaltata;Verticale ed orizzontale;Sereno;Intenso;Buona;;0;0;0;2;12.5871;41.9328;-1;1;Autocarro superiore 35 q.;In marcia / fermata / arresto;Conducente;M;Illeso;0;;Non accertato;
5912638;5;12/04/2022 08:15:00;Strada Urbana;VIA TIBURTINA;all'intersezione con;VIA VISSO;VIA VISSO;;;Scontro frontale/laterale SX fra veicoli in marcia;Incrocio;Due carreggiate;Asciutto;Asfaltata;Verticale ed orizzontale;Sereno;Intenso;Buona;;0;0;0;2;12.5871;41.9328;-1;2;Autovettura privata;In marcia / fermata / arresto;Conducente;F;Illeso;0;;Non accertato;
5912642;1;12/04/2022 18:30:00;Strada Urbana;PIAZZA DI PONTE S. ANGELO;da specificare;;;;pressi VIA DI PANICO;Veicolo in marcia contro veicolo in sosta;Rettilineo;Una carreggiata a senso unico di marcia;Asciutto;Asfaltata;Verticale ed orizzontale;Sereno;Normale;Buona;;0;0;0;0;12.4668;41.9012;0;1;Autovettura privata;Sosta;;;;;;;
5912642;1;12/04/2022 18:30:00;Strada Urbana;PIAZZA DI PONTE S. ANGELO;da specificare;;;;pressi VIA DI PANICO;Veicolo in marcia contro veicolo in sosta;Rettilineo;Una carreggiata a senso unico di marcia;Asciutto;Asfaltata;Verticale ed orizzontale;Sereno;Normale;Buona;;0;0;0;0;12.4668;41.9012;0;2;Altro;Allontanatosi;;;;;;;
5912647;17;12/04/2022 19:40:00;Strada Urbana;VIALE DEI CAVALIERI DI VITTORIO VENETO;in prossimit�;;del palo luce n.;19;;Scontro frontale/laterale SX fra veicoli in marcia;Curva senza visuale libera;Due carreggiate;Asciutto;Asfaltata;Verticale ed orizzontale;Sereno;Normale;Sufficiente;;1;0;0;2;12.4503;41.9207;-1;1;Autovettura privata;In marcia / fermata / arresto;Conducente;F;Illeso;0;;;
5912647;17;12/04/2022 19:40:00;Strada Urbana;VIALE DEI CAVALIERI DI VITTORIO VENETO;in prossimit�;;del palo luce n.;19;;Scontro frontale/laterale SX fra veicoli in marcia;Curva senza visuale libera;Due carreggiate;Asciutto;Asfaltata;Verticale ed orizzontale;Sereno;Normale;Sufficiente;;1;0;0;2;12.4503;41.9207;-1;1;Autovettura privata;In marcia / fermata / arresto;Passeggero;M;Illeso;0;;;
5912647;17;12/04/2022 19:40:00;Strada Urbana;VIALE DEI CAVALIERI DI VITTORIO VENETO;in prossimit�;;del palo luce n.;19;;Scontro frontale/laterale SX fra veicoli in marcia;Curva senza visuale libera;Due carreggiate;Asciutto;Asfaltata;Verticale ed orizzontale;Sereno;Normale;Sufficiente;;1;0;0;2;12.4503;41.9207;-1;2;Motociclo a solo;In marcia / fermata / arresto;Conducente;M;Rimandato;0;NON DECEDUTO;;
5912653;1;12/04/2022 18:50:00;Strada Urbana;VIA DELLA FERRATELLA IN LATERANO;in prossimit�;;del civico n.;51;;Tamponamento;Rettilineo;Una carreggiata a senso unico di marcia;Asciutto;Asfaltata;Verticale ed orizzontale;Sereno;Normale;Buona;;0;0;0;2;12.5024;41.8835;-1;1;Autovettura di polizia;In marcia / fermata / arresto;Conducente;M;Illeso;0;;Non accertato;Inesploso
5912653;1;12/04/2022 18:50:00;Strada Urbana;VIA DELLA FERRATELLA IN LATERANO;in prossimit�;;del civico n.;51;;Tamponamento;Rettilineo;Una carreggiata a senso unico di marcia;Asciutto;Asfaltata;Verticale ed orizzontale;Sereno;Normale;Buona;;0;0;0;2;12.5024;41.8835;-1;2;Autovettura privata;In marcia / fermata / arresto;Conducente;M;Illeso;0;;Non accertato;Inesploso
5912656;1;12/04/2022 19:00:00;Strada Urbana;PIAZZA DELL'ESQUILINO;in prossimit�;;del civico n.;5;;Scontro laterale fra veicoli in marcia;Rettilineo;Una carreggiata a senso unico di marcia;Asciutto;Asfaltata;Verticale ed orizzontale;Sereno;Normale;Buona;;0;0;0;5;12.4977;41.8986;-1;1;Autovettura privata;In marcia / fermata / arresto;Conducente;M;Illeso;0;;Non accertato;Inesploso
5912656;1;12/04/2022 19:00:00;Strada Urbana;PIAZZA DELL'ESQUILINO;in prossimit�;;del civico n.;5;;Scontro laterale fra veicoli in marcia;Rettilineo;Una carreggiata a senso unico di marcia;Asciutto;Asfaltata;Verticale ed orizzontale;Sereno;Normale;Buona;;0;0;0;5;12.4977;41.8986;-1;1;Autovettura privata;In marcia / fermata / arresto;Passeggero;F;Illeso;0;;Non accertato;Inesploso
5912656;1;12/04/2022 19:00:00;Strada Urbana;PIAZZA DELL'ESQUILINO;in prossimit�;;del civico n.;5;;Scontro laterale fra veicoli in marcia;Rettilineo;Una carreggiata a senso unico di marcia;Asciutto;Asfaltata;Verticale ed orizzontale;Sereno;Normale;Buona;;0;0;0;5;12.4977;41.8986;-1;2;Ciclomotore con passeggero;In marcia / fermata / arresto;Conducente;F;Illeso;0;;Non accertato;
5912656;1;12/04/2022 19:00:00;Strada Urbana;PIAZZA DELL'ESQUILINO;in prossimit�;;del civico n.;5;;Scontro laterale fra veicoli in marcia;Rettilineo;Una carreggiata a senso unico di marcia;Asciutto;Asfaltata;Verticale ed orizzontale;Sereno;Normale;Buona;;0;0;0;5;12.4977;41.8986;-1;2;Ciclomotore con passeggero;In marcia / fermata / arresto;Passeggero;M;Illeso;0;;Non accertato;
5912656;1;12/04/2022 19:00:00;Strada Urbana;PIAZZA DELL'ESQUILINO;in prossimit�;;del civico n.;5;;Scontro laterale fra veicoli in marcia;Rettilineo;Una carreggiata a senso unico di marcia;Asciutto;Asfaltata;Verticale ed orizzontale;Sereno;Normale;Buona;;0;0;0;5;12.4977;41.8986;-1;3;Ciclomotore;In marcia / fermata / arresto;Conducente;M;Illeso;0;;;
5912658;5;12/04/2022 13:20:00;Strada Urbana;VIA TIBURTINA;in corrispondenza;;del civico n.;614;;Ribaltamento senza urto contro ostacolo fisso;Rettilineo;Due carreggiate;Asciutto;Asfaltata;Verticale ed orizzontale;Sereno;Normale;Buona;;0;0;0;2;12.5461;41.909;-1;1;Motociclo a solo;In marcia / fermata / arresto;Conducente;M;Illeso;0;;Non accertato;
5912658;5;12/04/2022 13:20:00;Strada Urbana;VIA TIBURTINA;in corrispondenza;;del civico n.;614;;Ribaltamento senza urto contro ostacolo fisso;Rettilineo;Due carreggiate;Asciutto;Asfaltata;Verticale ed orizzontale;Sereno;Normale;Buona;;0;0;0;2;12.5461;41.909;-1;2;Autovettura privata;In marcia / fermata / arresto;Conducente;F;Illeso;0;;Non accertato;Inesploso
5912662;20;12/04/2022 09:15:00;Strada Urbana;VIA FLAMINIA;da specificare;;;;prossimit� Grottarossa ;Tamponamento;Rettilineo;Due carreggiate;Asciutto;Asfaltata;Verticale ed orizzontale;Sereno;Normale;Buona;;0;0;0;5;12.4718;41.9419;-1;1;Autocarro inferiore 35 q.;In marcia / fermata / arresto;Conducente;M;Illeso;0;;Non accertato;Inesploso
5912662;20;12/04/2022 09:15:00;Strada Urbana;VIA FLAMINIA;da specificare;;;;prossimit� Grottarossa ;Tamponamento;Rettilineo;Due carreggiate;Asciutto;Asfaltata;Verticale ed orizzontale;Sereno;Normale;Buona;;0;0;0;5;12.4718;41.9419;-1;1;Autocarro inferiore 35 q.;In marcia / fermata / arresto;Passeggero;M;Illeso;0;;Non accertato;Inesploso
5912662;20;12/04/2022 09:15:00;Strada Urbana;VIA FLAMINIA;da specificare;;;;prossimit� Grottarossa ;Tamponamento;Rettilineo;Due carreggiate;Asciutto;Asfaltata;Verticale ed orizzontale;Sereno;Normale;Buona;;0;0;0;5;12.4718;41.9419;-1;1;Autocarro inferiore 35 q.;In marcia / fermata / arresto;Passeggero;M;Illeso;0;;Non accertato;
5912662;20;12/04/2022 09:15:00;Strada Urbana;VIA FLAMINIA;da specificare;;;;prossimit� Grottarossa ;Tamponamento;Rettilineo;Due carreggiate;Asciutto;Asfaltata;Verticale ed orizzontale;Sereno;Normale;Buona;;0;0;0;5;12.4718;41.9419;-1;2;Autovettura privata;In marcia / fermata / arresto;Conducente;M;Illeso;0;;Non accertato;Inesploso
5912662;20;12/04/2022 09:15:00;Strada Urbana;VIA FLAMINIA;da specificare;;;;prossimit� Grottarossa ;Tamponamento;Rettilineo;Due carreggiate;Asciutto;Asfaltata;Verticale ed orizzontale;Sereno;Normale;Buona;;0;0;0;5;12.4718;41.9419;-1;2;Autovettura privata;In marcia / fermata / arresto;Passeggero;M;Illeso;0;;Non accertato;Inesploso
5912664;10;12/04/2022 13:25:00;Strada Urbana;VIALE MARCO FULVIO NOBILIORE;all'intersezione con;VIA TARQUINIO COLLATINO;VIA TARQUINIO COLLATINO;;;Scontro laterale fra veicoli in marcia;Incrocio;Due carreggiate;Asciutto;Asfaltata;Verticale ed orizzontale;Sereno;Normale;Buona;;2;0;0;1;12.5659;41.8608;-1;1;Autovettura privata;In marcia / fermata / arresto;Conducente;M;Illeso;0;;Non accertato;Inesploso
5912664;10;12/04/2022 13:25:00;Strada Urbana;VIALE MARCO FULVIO NOBILIORE;all'intersezione con;VIA TARQUINIO COLLATINO;VIA TARQUINIO COLLATINO;;;Scontro laterale fra veicoli in marcia;Incrocio;Due carreggiate;Asciutto;Asfaltata;Verticale ed orizzontale;Sereno;Normale;Buona;;2;0;0;1;12.5659;41.8608;-1;2;Autovettura privata;In marcia / fermata / arresto;Conducente;M;Rimandato;0;NON DECEDUTO;Non accertato;Inesploso
5912664;10;12/04/2022 13:25:00;Strada Urbana;VIALE MARCO FULVIO NOBILIORE;all'intersezione con;VIA TARQUINIO COLLATINO;VIA TARQUINIO COLLATINO;;;Scontro laterale fra veicoli in marcia;Incrocio;Due carreggiate;Asciutto;Asfaltata;Verticale ed orizzontale;Sereno;Normale;Buona;;2;0;0;1;12.5659;41.8608;-1;2;Autovettura privata;In marcia / fermata / arresto;Passeggero;F;Rimandato;0;NON DECEDUTO;Non accertato;Inesploso
5912666;5;12/04/2022 17:30:00;Strada Urbana;VIA IGINO GIORDANI;in prossimit�;;del civico n.;53;;Scontro laterale fra veicoli in marcia;Rettilineo;Una carreggiata a doppio senso;Asciutto;Asfaltata;Verticale ed orizzontale;Sereno;Intenso;Buona;;0;0;0;3;12.563;41.9066;-1;1;Autovettura privata;In marcia / fermata / arresto;Conducente;F;Illeso;0;;Non accertato;
5912666;5;12/04/2022 17:30:00;Strada Urbana;VIA IGINO GIORDANI;in prossimit�;;del civico n.;53;;Scontro laterale fra veicoli in marcia;Rettilineo;Una carreggiata a doppio senso;Asciutto;Asfaltata;Verticale ed orizzontale;Sereno;Intenso;Buona;;0;0;0;3;12.563;41.9066;-1;1;Autovettura privata;In marcia / fermata / arresto;Passeggero;M;Illeso;0;;Non accertato;
5912666;5;12/04/2022 17:30:00;Strada Urbana;VIA IGINO GIORDANI;in prossimit�;;del civico n.;53;;Scontro laterale fra veicoli in marcia;Rettilineo;Una carreggiata a doppio senso;Asciutto;Asfaltata;Verticale ed orizzontale;Sereno;Intenso;Buona;;0;0;0;3;12.563;41.9066;-1;2;Monopattino elettrico;In marcia / fermata / arresto;Conducente;F;Illeso;0;;Non accertato;
5912673;20;12/04/2022 12:40:00;Strada Urbana;VIA BRACCIANENSE;all'intersezione con;VIA GIOVANNI BATTISTA PARAVIA;VIA GIOVANNI BATTISTA PARAVIA;;;Scontro frontale/laterale SX fra veicoli in marcia;Intersezione stradale segnalata;Una carreggiata a doppio senso;Asciutto;Asfaltata;Verticale;Sereno;Normale;Buona;;1;0;0;2;12.3653;42.0132;-1;1;Autovettura privata;In marcia / fermata / arresto;Conducente;M;Illeso;0;;;
5912673;20;12/04/2022 12:40:00;Strada Urbana;VIA BRACCIANENSE;all'intersezione con;VIA GIOVANNI BATTISTA PARAVIA;VIA GIOVANNI BATTISTA PARAVIA;;;Scontro frontale/laterale SX fra veicoli in marcia;Intersezione stradale segnalata;Una carreggiata a doppio senso;Asciutto;Asfaltata;Verticale;Sereno;Normale;Buona;;1;0;0;2;12.3653;42.0132;-1;2;Autovettura privata;In marcia / fermata / arresto;Conducente;M;Illeso;0;;;
5912673;20;12/04/2022 12:40:00;Strada Urbana;VIA BRACCIANENSE;all'intersezione con;VIA GIOVANNI BATTISTA PARAVIA;VIA GIOVANNI BATTISTA PARAVIA;;;Scontro frontale/laterale SX fra veicoli in marcia;Intersezione stradale segnalata;Una carreggiata a doppio senso;Asciutto;Asfaltata;Verticale;Sereno;Normale;Buona;;1;0;0;2;12.3653;42.0132;-1;3;Motociclo a solo;In marcia / fermata / arresto;Conducente;M;Rimandato;0;NON DECEDUTO;;
5912679;13;12/04/2022 10:43:00;Strada Urbana;VIA DEI MONTI DI S. PAOLO;in prossimit�;;del civico n.;51r;;Scontro laterale fra veicoli in marcia;Curva a visuale libera;Una carreggiata a doppio senso;Asciutto;Asfaltata;Orizzontale;Sereno;Normale;Buona;;0;0;0;2;;;0;1;Autovettura privata;In marcia / fermata / arresto;Conducente;F;Illeso;0;;Non accertato;Inesploso
5912679;13;12/04/2022 10:43:00;Strada Urbana;VIA DEI MONTI DI S. PAOLO;in prossimit�;;del civico n.;51r;;Scontro laterale fra veicoli in marcia;Curva a visuale libera;Una carreggiata a doppio senso;Asciutto;Asfaltata;Orizzontale;Sereno;Normale;Buona;;0;0;0;2;;;0;2;Autovettura privata;In marcia / fermata / arresto;Conducente;M;Illeso;0;;;
5912688;5;12/04/2022 18:17:00;Strada Urbana;VIA DI SALONE;all'intersezione con;VIA DELLE CASE ROSSE;VIA DELLE CASE ROSSE;;;Veicolo in marcia contro ostacolo accidentale;Rotatoria;Una carreggiata a senso unico di marcia;Asciutto;Asfaltata;Verticale ed orizzontale;Sereno;Normale;Buona;;0;0;0;1;12.6302;41.9257;-1;1;Autovettura privata;In marcia / fermata / arresto;Conducente;M;Illeso;0;;Non accertato;