Protocollo;Gruppo;DataOraIncidente;Localizzazione1;STRADA1;Localizzazione2;STRADA2;Strada02;Chilometrica;DaSpecificare;NaturaIncidente;particolaritastrade;TipoStrada;FondoStradale;Pavimentazione;Segnaletica;CondizioneAtmosferica;Traffico;Visibilita;Illuminazione;NUM_FERITI;NUM_RISERVATA;NUM_MORTI;NUM_ILLESI;Longitude;Latitude;Confermato;Progressivo;TipoVeicolo;StatoVeicolo;TipoPersona;Sesso;Tipolesione;Deceduto;DecedutoDopo;CinturaCascoUtilizzato;Airbag;
5912692;2;13/04/2022 01:00:00;Strada Urbana;VIA FLAMINIA;in prossimit�;;del civico n.;1838;;Ribaltamento senza urto contro ostacolo fisso;Curva a visuale libera;Una carreggiata a doppio senso;Asciutto;Asfaltata;Verticale ed orizzontale;Sereno;Scarso;Insufficiente;;0;0;0;1;12.4859;42.0435;-1;1;Autovettura privata;In marcia / fermata / arresto;Conducente;M;Illeso;0;;Non accertato;Inesploso
5912694;2;12/04/2022 19:20:00;Strada Urbana;VIA NOMENTANA NUOVA;in prossimit�;;del civico n.;274;;Tamponamento Multiplo;Rettilineo;Pi� di due carreggiate;Asciutto;Asfaltata;Verticale ed orizzontale;Sereno;Normale;Sufficiente;;1;0;0;5;12.5311;41.9342;-1;1;Motociclo a solo;In marcia / fermata / arresto;Conducente;M;Rimandato;0;NON DECEDUTO;Non accertato;
5912694;2;12/04/2022 19:20:00;Strada Urbana;VIA NOMENTANA NUOVA;in prossimit�;;del civico n.;274;;Tamponamento Multiplo;Rettilineo;Pi� di due carreggiate;Asciutto;Asfaltata;Verticale ed orizzontale;Sereno;Normale;Sufficiente;;1;0;0;5;12.5311;41.9342;-1;2;Autovettura privata;In marcia / fermata / arresto;Conducente;M;Illeso;0;;Non accertato;Inesploso
5912694;2;12/04/2022 19:20:00;Strada Urbana;VIA NOMENTANA NUOVA;in prossimit�;;del civico n.;274;;Tamponamento Multiplo;Rettilineo;Pi� di due carreggiate;Asciutto;Asfaltata;Verticale ed orizzontale;Sereno;Normale;Sufficiente;;1;0;0;5;12.5311;41.9342;-1;2;Autovettura privata;In marcia / fermata / arresto;Passeggero;F;Illeso;0;;Non accertato;Inesploso
5912694;2;12/04/2022 19:20:00;Strada Urbana;VIA NOMENTANA NUOVA;in prossimit�;;del civico n.;274;;Tamponamento Multiplo;Rettilineo;Pi� di due carreggiate;Asciutto;Asfaltata;Verticale ed orizzontale;Sereno;Normale;Sufficiente;;1;0;0;5;12.5311;41.9342;-1;3;Autovettura privata;In marcia / fermata / arresto;Conducente;M;Illeso;0;;Non accertato;Inesploso
5912694;2;12/04/2022 19:20:00;Strada Urbana;VIA NOMENTANA NUOVA;in prossimit�;;del civico n.;274;;Tamponamento Multiplo;Rettilineo;Pi� di due carreggiate;Asciutto;Asfaltata;Verticale ed orizzontale;Sereno;Normale;Sufficiente;;1;0;0;5;12.5311;41.9342;-1;3;Autovettura privata;In marcia / fermata / arresto;Passeggero;F;Illeso;0;;Non accertato;Inesploso
5912694;2;12/04/2022 19:20:00;Strada Urbana;VIA NOMENTANA NUOVA;in prossimit�;;del civico n.;274;;Tamponamento Multiplo;Rettilineo;Pi� di due carreggiate;Asciutto;Asfaltata;Verticale ed orizzontale;Sereno;Normale;Sufficiente;;1;0;0;5;12.5311;41.9342;-1;3;Autovettura privata;In marcia / fermata / arresto;Passeggero;M;Illeso;0;;Non accertato;Inesploso
5912700;10;12/04/2022 13:15:00;Strada Urbana;CIRCONVALLAZIONE TUSCOLANA;all'intersezione con;VIA QUINTILIO VARO;VIA QUINTILIO VARO;;;Scontro frontale/laterale SX fra veicoli in marcia;Incrocio;Una carreggiata a senso unico di marcia;Asciutto;Asfaltata;Verticale ed orizzontale;Sereno;Normale;Buona;;1;0;0;2;12.5684;41.8515;-1;1;Motociclo a solo;In marcia / fermata / arresto;Conducente;M;Rimandato;0;NON DECEDUTO;Non accertato;
5912700;10;12/04/2022 13:15:00;Strada Urbana;CIRCONVALLAZIONE TUSCOLANA;all'intersezione con;VIA QUINTILIO VARO;VIA QUINTILIO VARO;;;Scontro frontale/laterale SX fra veicoli in marcia;Incrocio;Una carreggiata a senso unico di marcia;Asciutto;Asfaltata;Verticale ed orizzontale;Sereno;Normale;Buona;;1;0;0;2;12.5684;41.8515;-1;2;Autovettura privata;In marcia / fermata / arresto;Conducente;M;Illeso;0;;Non accertato;Inesploso
5912700;10;12/04/2022 13:15:00;Strada Urbana;CIRCONVALLAZIONE TUSCOLANA;all'intersezione con;VIA QUINTILIO VARO;VIA QUINTILIO VARO;;;Scontro frontale/laterale SX fra veicoli in marcia;Incrocio;Una carreggiata a senso unico di marcia;Asciutto;Asfaltata;Verticale ed orizzontale;Sereno;Normale;Buona;;1;0;0;2;12.5684;41.8515;-1;2;Autovettura privata;In marcia / fermata / arresto;Passeggero;F;Illeso;0;;Non accertato;Inesploso
5912700;10;12/04/2022 13:15:00;Strada Urbana;CIRCONVALLAZIONE TUSCOLANA;all'intersezione con;VIA QUINTILIO VARO;VIA QUINTILIO VARO;;;Scontro frontale/laterale SX fra veicoli in marcia;Incrocio;Una carreggiata a senso unico di marcia;Asciutto;Asfaltata;Verticale ed orizzontale;Sereno;Normale;Buona;;1;0;0;2;12.5684;41.8515;-1;3;Autovettura privata;Sosta;;;;;;;
5912700;10;12/04/2022 13:15:00;Strada Urbana;CIRCONVALLAZIONE TUSCOLANA;all'intersezione con;VIA QUINTILIO VARO;VIA QUINTILIO VARO;;;Scontro frontale/laterale SX fra veicoli in marcia;Incrocio;Una carreggiata a senso unico di marcia;Asciutto;Asfaltata;Verticale ed orizzontale;Sereno;Normale;Buona;;1;0;0;2;12.5684;41.8515;-1;4;Autovettura privata;Sosta;;;;;;;
5912707;2;12/04/2022 16:40:00;Strada Urbana;VIA GEROLAMO FRESCOBALDI;in prossimit�;;del civico n.;3A;;Veicolo in marcia contro veicolo in sosta;Rettilineo;Una carreggiata a senso unico di marcia;Asciutto;Asfaltata;Verticale;Sereno;Scarso;Buona;;0;0;0;1;12.4913;41.9177;-1;1;Motociclo a solo;Sosta;;;;;;;
5912707;2;12/04/2022 16:40:00;Strada Urbana;VIA GEROLAMO FRESCOBALDI;in prossimit�;;del civico n.;3A;;Veicolo in marcia contro veicolo in sosta;Rettilineo;Una carreggiata a senso unico di marcia;Asciutto;Asfaltata;Verticale;Sereno;Scarso;Buona;;0;0;0;1;12.4913;41.9177;-1;2;Autocarro inferiore 35 q.;In marcia / fermata / arresto;Conducente;M;Illeso;0;;;
5912716;2;12/04/2022 12:50:00;Strada Urbana;PIAZZA UNGHERIA;all'intersezione con;VIALE ROMANIA;VIALE ROMANIA;;;Scontro frontale/laterale SX fra veicoli in marcia;Intersezione stradale segnalata;Una carreggiata a doppio senso;Asciutto;Asfaltata;Verticale ed orizzontale;Sereno;Intenso;Buona;;1;0;0;1;12.4926;41.9224;-1;1;Motociclo a solo;In marcia / fermata / arresto;Conducente;M;Rimandato;0;NON DECEDUTO;Non accertato;
5912716;2;12/04/2022 12:50:00;Strada Urbana;PIAZZA UNGHERIA;all'intersezione con;VIALE ROMANIA;VIALE ROMANIA;;;Scontro frontale/laterale SX fra veicoli in marcia;Intersezione stradale segnalata;Una carreggiata a doppio senso;Asciutto;Asfaltata;Verticale ed orizzontale;Sereno;Intenso;Buona;;1;0;0;1;12.4926;41.9224;-1;2;Autovettura privata;In marcia / fermata / arresto;Conducente;F;Illeso;0;;;
5912717;5;12/04/2022 18:00:00;Strada Urbana;VIA CORINALDO;in corrispondenza;;del civico n.;102;;Veicolo in marcia contro veicoli in sosta;Rettilineo;Una carreggiata a senso unico di marcia;Asciutto;Asfaltata;Assente;Sereno;Scarso;Buona;;0;0;0;1;12.5874;41.9398;-1;1;Autovettura privata;Sosta;;;;;;;
5912717;5;12/04/2022 18:00:00;Strada Urbana;VIA CORINALDO;in corrispondenza;;del civico n.;102;;Veicolo in marcia contro veicoli in sosta;Rettilineo;Una carreggiata a senso unico di marcia;Asciutto;Asfaltata;Assente;Sereno;Scarso;Buona;;0;0;0;1;12.5874;41.9398;-1;2;Autovettura privata;In marcia / fermata / arresto;Conducente;F;Illeso;0;;Non accertato;
5912720;2;12/04/2022 10:20:00;Strada Urbana;CORSO D'ITALIA;da specificare;;;;alt. P.le Brasile dir. P.le Flaminio.;Scontro laterale fra veicoli in marcia;Curva a visuale libera;Due carreggiate;Asciutto;Asfaltata;Orizzontale;Sereno;Normale;Buona;;0;0;0;2;12.4899;41.9099;-1;1;Autovettura privata;In marcia / fermata / arresto;Conducente;M;Illeso;0;;;
5912720;2;12/04/2022 10:20:00;Strada Urbana;CORSO D'ITALIA;da specificare;;;;alt. P.le Brasile dir. P.le Flaminio.;Scontro laterale fra veicoli in marcia;Curva a visuale libera;Due carreggiate;Asciutto;Asfaltata;Orizzontale;Sereno;Normale;Buona;;0;0;0;2;12.4899;41.9099;-1;2;Autovettura privata;In marcia / fermata / arresto;Conducente;M;Illeso;0;;;
5912723;11;13/04/2022 08:10:00;Strada Urbana;VIA CRISTOFORO COLOMBO;in prossimit�;;del palo luce n.;320;;Veicolo in marcia contro ostacolo fisso;Rettilineo;Pi� di due carreggiate;Asciutto;Asfaltata;Verticale ed orizzontale;Sereno;Normale;Buona;;0;0;0;1;12.4804;41.8473;-1;1;Autovettura privata;In marcia / fermata / arresto;Conducente;M;Illeso;0;;Non accertato;Esploso
5912724;13;12/04/2022 21:05:00;Strada Urbana;VIA FRANCESCO INGOLI;all'intersezione con;VIA GIOVANNI BOLDINI;VIA GIOVANNI BOLDINI;;;Investimento di pedone;Incrocio;Una carreggiata a senso unico di marcia;Asciutto;Asfaltata;Verticale;Sereno;Scarso;Buona;;1;0;0;1;12.3629;41.782;0;;;;Pedone;M;Ricoverato;0;NON DECEDUTO;;
5912724;13;12/04/2022 21:05:00;Strada Urbana;VIA FRANCESCO INGOLI;all'intersezione con;VIA GIOVANNI BOLDINI;VIA GIOVANNI BOLDINI;;;Investimento di pedone;Incrocio;Una carreggiata a senso unico di marcia;Asciutto;Asfaltata;Verticale;Sereno;Scarso;Buona;;1;0;0;1;12.3629;41.782;0;1;Autovettura privata;In marcia / fermata / arresto;Conducente;M;Illeso;0;;Non accertato;Inesploso
5912725;2;12/04/2022 10:20:00;Strada Urbana;VIA SALARIA;in prossimit�;;del civico n.;468;;Scontro frontale/laterale DX fra veicoli in marcia;Rettilineo;Una carreggiata a doppio senso;Asciutto;Asfaltata;Verticale ed orizzontale;Sereno;Normale;Buona;;0;0;0;2;12.5092;41.9342;-1;1;Autocarro inferiore 35 q.;In marcia / fermata / arresto;Conducente;M;Illeso;0;;;
5912725;2;12/04/2022 10:20:00;Strada Urbana;VIA SALARIA;in prossimit�;;del civico n.;468;;Scontro frontale/laterale DX fra veicoli in marcia;Rettilineo;Una carreggiata a doppio senso;Asciutto;Asfaltata;Verticale ed orizzontale;Sereno;Normale;Buona;;0;0;0;2;12.5092;41.9342;-1;2;Motociclo a solo;In marcia / fermata / arresto;Conducente;M;Illeso;0;;;
5912726;4;12/04/2022 22:05:00;Strada Urbana;VIA UGO DELLA SETA;da specificare;;;;in prossimit� VIA ETTORE SCOCA;Investimento di pedone;Rettilineo;Una carreggiata a doppio senso;Asciutto;Asfaltata;Verticale ed orizzontale;Sereno;Normale;Buona;;1;0;0;0;12.5252;41.9609;-1;;;;Pedone;M;Rimandato;0;NON DECEDUTO;;
5912727;20;12/04/2022 15:00:00;Provinciale;VIA BRACCIANENSE;in prossimit�;;del civico n.;304;;Tamponamento;Rettilineo;Una carreggiata a doppio senso;Asciutto;Asfaltata;Orizzontale;Sereno;Intenso;Buona;;1;0;0;3;12.3515;42.0186;-1;1;Autovettura privata;In marcia / fermata / arresto;Conducente;M;Rimandato;0;NON DECEDUTO;;
5912727;20;12/04/2022 15:00:00;Provinciale;VIA BRACCIANENSE;in prossimit�;;del civico n.;304;;Tamponamento;Rettilineo;Una carreggiata a doppio senso;Asciutto;Asfaltata;Orizzontale;Sereno;Intenso;Buona;;1;0;0;3;12.3515;42.0186;-1;2;Autovettura privata;In marcia / fermata / arresto;Conducente;M;Illeso;0;;;
5912727;20;12/04/2022 15:00:00;Provinciale;VIA BRACCIANENSE;in prossimit�;;del civico n.;304;;Tamponamento;Rettilineo;Una carreggiata a doppio senso;Asciutto;Asfaltata;Orizzontale;Sereno;Intenso;Buona;;1;0;0;3;12.3515;42.0186;-1;2;Autovettura privata;In marcia / fermata / arresto;Passeggero;F;Illeso;0;;Non accertato;
5912730;2;12/04/2022 09:30:00;Strada Urbana;VIA GIUSEPPE SACCONI;in prossimit�;;del civico n.;33;;Veicolo in marcia contro veicolo in sosta;Rettilineo;Una carreggiata a doppio senso;Asciutto;Asfaltata;Verticale ed orizzontale;Sereno;Scarso;Buona;;0;0;0;1;12.4663;41.931;-1;1;Motociclo a solo;Sosta;;;;;;;
5912730;2;12/04/2022 09:30:00;Strada Urbana;VIA GIUSEPPE SACCONI;in prossimit�;;del civico n.;33;;Veicolo in marcia contro veicolo in sosta;Rettilineo;Una carreggiata a doppio senso;Asciutto;Asfaltata;Verticale ed orizzontale;Sereno;Scarso;Buona;;0;0;0;1;12.4663;41.931;-1;2;Autovettura privata;In marcia / fermata / arresto;Conducente;M;Illeso;0;;Non accertato;Inesploso
5912733;2;12/04/2022 08:20:00;Strada Urbana;VIALE BRUNO BUOZZI;in prossimit�;;del civico n.;2;;Investimento di pedone;Rettilineo;Una carreggiata a doppio senso;Asciutto;Asfaltata;Verticale ed orizzontale;Sereno;Normale;Buona;;2;0;0;1;12.4895;41.9218;-1;;;;Pedone;F;Rifiuta cure immediate;0;NON DECEDUTO;;
5912733;2;12/04/2022 08:20:00;Strada Urbana;VIALE BRUNO BUOZZI;in prossimit�;;del civico n.;2;;Investimento di pedone;Rettilineo;Una carreggiata a doppio senso;Asciutto;Asfaltata;Verticale ed orizzontale;Sereno;Normale;Buona;;2;0;0;1;12.4895;41.9218;-1;;;;Pedone;F;Rimandato;0;NON DECEDUTO;;
5912733;2;12/04/2022 08:20:00;Strada Urbana;VIALE BRUNO BUOZZI;in prossimit�;;del civico n.;2;;Investimento di pedone;Rettilineo;Una carreggiata a doppio senso;Asciutto;Asfaltata;Verticale ed orizzontale;Sereno;Normale;Buona;;2;0;0;1;12.4895;41.9218;-1;1;Autovettura privata;In marcia / fermata / arresto;Conducente;F;Illeso;0;;Non accertato;Inesploso
5912749;8;12/04/2022 08:45:00;Strada Urbana;VIA MASSA DI SAN GIULIANO;all'intersezione con;VIA PALMOLI;VIA PALMOLI;;;Scontro frontale/laterale DX fra veicoli in marcia;Intersezione stradale segnalata;Una carreggiata a doppio senso;Asciutto;Asfaltata;Verticale ed orizzontale;Sereno;Normale;Buona;;0;0;0;2;12.6918;41.9062;-1;1;Autovettura privata;In marcia / fermata / arresto;Conducente;M;Illeso;0;;Non accertato;Inesploso
5912749;8;12/04/2022 08:45:00;Strada Urbana;VIA MASSA DI SAN GIULIANO;all'intersezione con;VIA PALMOLI;VIA PALMOLI;;;Scontro frontale/laterale DX fra veicoli in marcia;Intersezione stradale segnalata;Una carreggiata a doppio senso;Asciutto;Asfaltata;Verticale ed orizzontale;Sereno;Normale;Buona;;0;0;0;2;12.6918;41.9062;-1;2;Autovettura privata;In marcia / fermata / arresto;Conducente;M;Illeso;0;;Non accertato;Inesploso
5912756;8;12/04/2022 08:40:00;Strada Urbana;VIALE DELLA SORBONA;da specificare;;;;fronte palo acea 66;Tamponamento;Curva a visuale libera;Una carreggiata a senso unico di marcia;Asciutto;Asfaltata;Verticale ed orizzontale;Sereno;Normale;Buona;;0;0;0;2;12.612;41.8546;-1;1;Autovettura privata;In marcia / fermata / arresto;Conducente;M;Illeso;0;;Non accertato;Inesploso
5912756;8;12/04/2022 08:40:00;Strada Urbana;VIALE DELLA SORBONA;da specificare;;;;fronte palo acea 66;Tamponamento;Curva a visuale libera;Una carreggiata a senso unico di marcia;Asciutto;Asfaltata;Verticale ed orizzontale;Sereno;Normale;Buona;;0;0;0;2;12.612;41.8546;-1;2;Autocarro inferiore 35 q.;In marcia / fermata / arresto;Conducente;M;Illeso;0;;Non accertato;Inesploso
5912766;8;12/04/2022 10:55:00;Strada Urbana;VIA DI TOR BELLA MONACA;da specificare;;;;altezza palo luce 10;Tamponamento;Rettilineo;Due carreggiate;Asciutto;Asfaltata;Orizzontale;Sereno;Normale;Buona;;2;0;0;1;12.6281;41.8764;-1;1;Autovettura privata;In marcia / fermata / arresto;Conducente;F;Rifiuta cure immediate;0;NON DECEDUTO;Non accertato;Inesploso
5912766;8;12/04/2022 10:55:00;Strada Urbana;VIA DI TOR BELLA MONACA;da specificare;;;;altezza palo luce 10;Tamponamento;Rettilineo;Due carreggiate;Asciutto;Asfaltata;Orizzontale;Sereno;Normale;Buona;;2;0;0;1;12.6281;41.8764;-1;1;Autovettura privata;In marcia / fermata / arresto;Passeggero;M;Rimandato;0;NON DECEDUTO;Non accertato;Inesploso
5912766;8;12/04/2022 10:55:00;Strada Urbana;VIA DI TOR BELLA MONACA;da specificare;;;;altezza palo luce 10;Tamponamento;Rettilineo;Due carreggiate;Asciutto;Asfaltata;Orizzontale;Sereno;Normale;Buona;;2;0;0;1;12.6281;41.8764;-1;2;Autovettura privata;In marcia / fermata / arresto;Conducente;M;Illeso;0;;Non accertato;Inesploso
5912773;8;12/04/2022 08:30:00;Strada Urbana;VIA AMICO ASPERTINI;da specificare;;;;pross. via Casciani;Tamponamento Multiplo;Rettilineo;Una carreggiata a doppio senso;Asciutto;Asfaltata;Assente;Sereno;Intenso;Buona;;0;0;0;3;12.6299;41.8728;-1;1;Autovettura privata;In marcia / fermata / arresto;Conducente;M;Illeso;0;;Non accertato;Inesploso
5912773;8;12/04/2022 08:30:00;Strada Urbana;VIA AMICO ASPERTINI;da specificare;;;;pross. via Casciani;Tamponamento Multiplo;Rettilineo;Una carreggiata a doppio senso;Asciutto;Asfaltata;Assente;Sereno;Intenso;Buona;;0;0;0;3;12.6299;41.8728;-1;2;Autovettura privata;In marcia / fermata / arresto;Conducente;M;Illeso;0;;Non accertato;Inesploso
5912773;8;12/04/2022 08:30:00;Strada Urbana;VIA AMICO ASPERTINI;da specificare;;;;pross. via Casciani;Tamponamento Multiplo;Rettilineo;Una carreggiata a doppio senso;Asciutto;Asfaltata;Assente;Sereno;Intenso;Buona;;0;0;0;3;12.6299;41.8728;-1;3;Autovettura privata;In marcia / fermata / arresto;Conducente;F;Illeso;0;;Non accertato;Inesploso
5912791;6;13/04/2022 09:10:00;Strada Urbana;VIALE DELLA VENEZIA GIULIA;in corrispondenza;;del civico n.;97;;Tamponamento;Rettilineo;Una carreggiata a doppio senso;Asciutto;Asfaltata;Orizzontale;Sereno;Normale;Buona;;1;0;0;1;12.5567;41.8964;-1;1;Autovettura privata;In marcia / fermata / arresto;Conducente;M;Illeso;0;;Non accertato;Inesploso
5912791;6;13/04/2022 09:10:00;Strada Urbana;VIALE DELLA VENEZIA GIULIA;in corrispondenza;;del civico n.;97;;Tamponamento;Rettilineo;Una carreggiata a doppio senso;Asciutto;Asfaltata;Orizzontale;Sereno;Normale;Buona;;1;0;0;1;12.5567;41.8964;-1;2;Velocipede;In marcia / fermata / arresto;Conducente;F;Rifiuta cure immediate;0;NON DECEDUTO;Esente;
5912794;10;13/04/2022 07:45:00;Strada Urbana;VIA APPIA NUOVA;da specificare;;;;dir. RM centro pross.inters. via Appia Pignatelli;Scontro laterale fra veicoli in marcia;Rettilineo;Due carreggiate;Asciutto;Asfaltata;Verticale ed orizzontale;Sereno;Normale;Buona;;1;0;0;1;12.552;41.8354;-1;1;Autovettura privata;In marcia / fermata / arresto;Conducente;F;Illeso;0;;Non accertato;Inesploso
5912794;10;13/04/2022 07:45:00;Strada Urbana;VIA APPIA NUOVA;da specificare;;;;dir. RM centro pross.inters. via Appia Pignatelli;Scontro laterale fra veicoli in marcia;Rettilineo;Due carreggiate;Asciutto;Asfaltata;Verticale ed orizzontale;Sereno;Normale;Buona;;1;0;0;1;12.552;41.8354;-1;2;Motociclo a solo;In marcia / fermata / arresto;Conducente;M;Ricoverato;0;NON DECEDUTO;Utilizzato;
5912811;4;12/04/2022 17:25:00;Statale entro l'abitato;VIA NOMENTANA;in corrispondenza;;del civico n.;1373;;Tamponamento;Rettilineo;Una carreggiata a doppio senso;Asciutto;Asfaltata;Verticale ed orizzontale;Sereno;Intenso;Buona;;0;0;0;5;12.6019;41.968;-1;1;Autovettura privata;In marcia / fermata / arresto;Conducente;F;Illeso;0;;;
5912811;4;12/04/2022 17:25:00;Statale entro l'abitato;VIA NOMENTANA;in corrispondenza;;del civico n.;1373;;Tamponamento;Rettilineo;Una carreggiata a doppio senso;Asciutto;Asfaltata;Verticale ed orizzontale;Sereno;Intenso;Buona;;0;0;0;5;12.6019;41.968;-1;1;Autovettura privata;In marcia / fermata / arresto;Passeggero;M;Illeso;0;;;
5912811;4;12/04/2022 17:25:00;Statale entro l'abitato;VIA NOMENTANA;in corrispondenza;;del civico n.;1373;;Tamponamento;Rettilineo;Una carreggiata a doppio senso;Asciutto;Asfaltata;Verticale ed orizzontale;Sereno;Intenso;Buona;;0;0;0;5;12.6019;41.968;-1;1;Autovettura privata;In marcia / fermata / arresto;Passeggero;F;Illeso;0;;;
5912811;4;12/04/2022 17:25:00;Statale entro l'abitato;VIA NOMENTANA;in corrispondenza;;del civico n.;1373;;Tamponamento;Rettilineo;Una carreggiata a doppio senso;Asciutto;Asfaltata;Verticale ed orizzontale;Sereno;Intenso;Buona;;0;0;0;5;12.6019;41.968;-1;2;Autocarro inferiore 35 q.;In marcia / fermata / arresto;Conducente;M;Illeso;0;;;
5912811;4;12/04/2022 17:25:00;Statale entro l'abitato;VIA NOMENTANA;in corrispondenza;;del civico n.;1373;;Tamponamento;Rettilineo;Una carreggiata a doppio senso;Asciutto;Asfaltata;Verticale ed orizzontale;Sereno;Intenso;Buona;;0;0;0;5;12.6019;41.968;-1;2;Autocarro inferiore 35 q.;In marcia / fermata / arresto;Passeggero;M;Illeso;0;;;
5912823;13;12/04/2022 14:50:00;Strada Urbana;VIA STEFANO CANSACCHI;in corrispondenza;;del civico n.;44;;Tamponamento;Rettilineo;Una carreggiata a senso unico di marcia;Asciutto;Asfaltata;Assente;Sereno;Normale;Buona;;0;0;0;2;12.2756;41.7336;-1;1;Autovettura privata;In marcia / fermata / arresto;Conducente;F;Illeso;0;;Non accertato;Inesploso
5912823;13;12/04/2022 14:50:00;Strada Urbana;VIA STEFANO CANSACCHI;in corrispondenza;;del civico n.;44;;Tamponamento;Rettilineo;Una carreggiata a senso unico di marcia;Asciutto;Asfaltata;Assente;Sereno;Normale;Buona;;0;0;0;2;12.2756;41.7336;-1;2;Autovettura privata;In marcia / fermata / arresto;Conducente;M;Illeso;0;;Non accertato;Inesploso
5912831;8;12/04/2022 17:00:00;Strada Urbana;VIA POLENSE;in prossimit�;;del civico n.;407;;Veicolo in marcia contro veicolo in sosta;Rettilineo;Una carreggiata a doppio senso;Asciutto;Asfaltata;Orizzontale;Sereno;Normale;Buona;;0;0;0;2;12.7284;41.9121;-1;1;Autovettura privata;In marcia / fermata / arresto;Conducente;M;Illeso;0;;Non accertato;Inesploso
5912831;8;12/04/2022 17:00:00;Strada Urbana;VIA POLENSE;in prossimit�;;del civico n.;407;;Veicolo in marcia contro veicolo in sosta;Rettilineo;Una carreggiata a doppio senso;Asciutto;Asfaltata;Orizzontale;Sereno;Normale;Buona;;0;0;0;2;12.7284;41.9121;-1;1;Autovettura privata;In marcia / fermata / arresto;Passeggero;F;Illeso;0;;Non accertato;Inesploso
5912831;8;12/04/2022 17:00:00;Strada Urbana;VIA POLENSE;in prossimit�;;del civico n.;407;;Veicolo in marcia contro veicolo in sosta;Rettilineo;Una carreggiata a doppio senso;Asciutto;Asfaltata;Orizzontale;Sereno;Normale;Buona;;0;0;0;2;12.7284;41.9121;-1;2;Autovettura privata;Sosta;;;;;;;
5912853;8;12/04/2022 15:05:00;Strada Urbana;PIAZZA ATTILIO MUGGIA;all'intersezione con;VIA CALTAGIRONE;VIA CALTAGIRONE;;;Scontro laterale fra veicoli in marcia;Rotatoria;Due carreggiate;Asciutto;Asfaltata;Orizzontale;Sereno;Scarso;Buona;;0;0;0;2;12.654;41.9097;-1;1;Autovettura privata;In marcia / fermata / arresto;Conducente;M;Illeso;0;;Non accertato;Inesploso
5912853;8;12/04/2022 15:05:00;Strada Urbana;PIAZZA ATTILIO MUGGIA;all'intersezione con;VIA CALTAGIRONE;VIA CALTAGIRONE;;;Scontro laterale fra veicoli in marcia;Rotatoria;Due carreggiate;Asciutto;Asfaltata;Orizzontale;Sereno;Scarso;Buona;;0;0;0;2;12.654;41.9097;-1;2;Autovettura privata;In marcia / fermata / arresto;Conducente;F;Illeso;0;;Non accertato;Inesploso
5912865;4;12/04/2022 19:00:00;Strada Urbana;VIA FEO BELCARI;all'intersezione con;VIA DOMENICO CAVALCA;VIA DOMENICO CAVALCA;;;Scontro laterale fra veicoli in marcia;Incrocio;Una carreggiata a doppio senso;Asciutto;Asfaltata;Verticale;Sereno;Scarso;Buona;;1;0;0;1;12.5577;41.9772;-1;1;Autovettura privata;In marcia / fermata / arresto;Conducente;M;Illeso;0;;Non accertato;Inesploso
5912865;4;12/04/2022 19:00:00;Strada Urbana;VIA FEO BELCARI;all'intersezione con;VIA DOMENICO CAVALCA;VIA DOMENICO CAVALCA;;;Scontro laterale fra veicoli in marcia;Incrocio;Una carreggiata a doppio senso;Asciutto;Asfaltata;Verticale;Sereno;Scarso;Buona;;1;0;0;1;12.5577;41.9772;-1;2;Monopattino elettrico;In marcia / fermata / arresto;Conducente;M;Rimandato;0;NON DECEDUTO;Non accertato;Inesploso
5912869;17;08/04/2022 12:15:00;Strada Urbana;PIAZZA GIUSEPPE MAZZINI;in prossimit�;;del civico n.;27;;Scontro laterale fra veicoli in marcia;Rotatoria;Una carreggiata a senso unico di marcia;Asciutto;Asfaltata;Verticale ed orizzontale;Sereno;Normale;Buona;;0;0;0;2;12.4629;41.9162;-1;1;Autovettura privata;In marcia / fermata / arresto;Conducente;M;Illeso;0;;;
5912869;17;08/04/2022 12:15:00;Strada Urbana;PIAZZA GIUSEPPE MAZZINI;in prossimit�;;del civico n.;27;;Scontro laterale fra veicoli in marcia;Rotatoria;Una carreggiata a senso unico di marcia;Asciutto;Asfaltata;Verticale ed orizzontale;Sereno;Normale;Buona;;0;0;0;2;12.4629;41.9162;-1;2;Autocarro superiore 35 q.;In marcia / fermata / arresto;Conducente;M;Illeso;0;;;
5912876;8;12/04/2022 18:15:00;Strada Urbana;VIALE DELL'ARCHIGINNASIO;da specificare;;;;rotatoria via Gismondi;Scontro laterale fra veicoli in marcia;Rotatoria;Una carreggiata a senso unico di marcia;Asciutto;Asfaltata;Verticale ed orizzontale;Sereno;Scarso;Buona;;0;0;0;2;12.6393;41.8494;-1;1;Autovettura privata;In marcia / fermata / arresto;Conducente;F;Illeso;0;;Non accertato;Inesploso
5912876;8;12/04/2022 18:15:00;Strada Urbana;VIALE DELL'ARCHIGINNASIO;da specificare;;;;rotatoria via Gismondi;Scontro laterale fra veicoli in marcia;Rotatoria;Una carreggiata a senso unico di marcia;Asciutto;Asfaltata;Verticale ed orizzontale;Sereno;Scarso;Buona;;0;0;0;2;12.6393;41.8494;-1;2;Autovettura privata;In marcia / fermata / arresto;Conducente;M;Illeso;0;;Non accertato;Inesploso
5912883;16;12/04/2022 15:30:00;Strada Urbana;VIA DEL CASALETTO;in corrispondenza;;del civico n.;140;;Scontro frontale/laterale SX fra veicoli in marcia;Rettilineo;Una carreggiata a doppio senso;Asciutto;Asfaltata;Verticale ed orizzontale;Sereno;Intenso;Buona;;0;1;0;1;12.439;41.8741;-1;1;Motociclo a solo;In marcia / fermata / arresto;Conducente;M;Prognosi riservata;0;NON DECEDUTO;Non accertato;