Protocollo;Gruppo;DataOraIncidente;Localizzazione1;STRADA1;Localizzazione2;STRADA2;Strada02;Chilometrica;DaSpecificare;NaturaIncidente;particolaritastrade;TipoStrada;FondoStradale;Pavimentazione;Segnaletica;CondizioneAtmosferica;Traffico;Visibilita;Illuminazione;NUM_FERITI;NUM_RISERVATA;NUM_MORTI;NUM_ILLESI;Longitude;Latitude;Confermato;Progressivo;TipoVeicolo;StatoVeicolo;TipoPersona;Sesso;Tipolesione;Deceduto;DecedutoDopo;CinturaCascoUtilizzato;Airbag;
5914255;8;13/04/2022 16:45:00;Strada Urbana;VIA CASILINA;in prossimit�;;del civico n.;1381;;Tamponamento Multiplo;Rettilineo;Una carreggiata a doppio senso;Asciutto;Asfaltata;Verticale ed orizzontale;Sereno;Normale;Buona;;0;0;0;3;12.6169;41.863;-1;3;Autovettura privata;In marcia / fermata / arresto;Conducente;M;Illeso;0;;Non accertato;Inesploso
5914256;20;14/04/2022 00:35:00;Strada Urbana;VIALE DI TOR DI QUINTO;all'intersezione semaforizzata con;VIALE DEL FORO ITALICO;VIALE DEL FORO ITALICO;;;Tamponamento;Intersezione semaforizzata;Una carreggiata a doppio senso;Asciutto;Asfaltata;Verticale ed orizzontale;Sereno;Scarso;Buona;;0;0;0;3;12.4785;41.9447;-1;1;Autovettura privata;In marcia / fermata / arresto;Conducente;M;Illeso;0;;;
5914256;20;14/04/2022 00:35:00;Strada Urbana;VIALE DI TOR DI QUINTO;all'intersezione semaforizzata con;VIALE DEL FORO ITALICO;VIALE DEL FORO ITALICO;;;Tamponamento;Intersezione semaforizzata;Una carreggiata a doppio senso;Asciutto;Asfaltata;Verticale ed orizzontale;Sereno;Scarso;Buona;;0;0;0;3;12.4785;41.9447;-1;2;Autovettura di polizia;In marcia / fermata / arresto;Conducente;M;Illeso;0;;;
5914256;20;14/04/2022 00:35:00;Strada Urbana;VIALE DI TOR DI QUINTO;all'intersezione semaforizzata con;VIALE DEL FORO ITALICO;VIALE DEL FORO ITALICO;;;Tamponamento;Intersezione semaforizzata;Una carreggiata a doppio senso;Asciutto;Asfaltata;Verticale ed orizzontale;Sereno;Scarso;Buona;;0;0;0;3;12.4785;41.9447;-1;2;Autovettura di polizia;In marcia / fermata / arresto;Passeggero;M;Illeso;0;;;
5914259;19;13/04/2022 20:10:00;Strada Urbana;VIA DI CASAL DEL MARMO;in corrispondenza;;del civico n.;410;;Scontro frontale/laterale DX fra veicoli in marcia;Rettilineo;Una carreggiata a doppio senso;Asciutto;Asfaltata;Assente;Sereno;Normale;Buona;;1;0;0;2;12.3909;41.9447;-1;1;Autovettura privata;In marcia / fermata / arresto;Conducente;F;Illeso;0;;;
5914259;19;13/04/2022 20:10:00;Strada Urbana;VIA DI CASAL DEL MARMO;in corrispondenza;;del civico n.;410;;Scontro frontale/laterale DX fra veicoli in marcia;Rettilineo;Una carreggiata a doppio senso;Asciutto;Asfaltata;Assente;Sereno;Normale;Buona;;1;0;0;2;12.3909;41.9447;-1;2;Motociclo a solo;In marcia / fermata / arresto;Conducente;M;Rimandato;0;NON DECEDUTO;;
5914259;19;13/04/2022 20:10:00;Strada Urbana;VIA DI CASAL DEL MARMO;in corrispondenza;;del civico n.;410;;Scontro frontale/laterale DX fra veicoli in marcia;Rettilineo;Una carreggiata a doppio senso;Asciutto;Asfaltata;Assente;Sereno;Normale;Buona;;1;0;0;2;12.3909;41.9447;-1;3;Autovettura privata;In marcia / fermata / arresto;Conducente;M;Illeso;0;;;
5914263;15;13/04/2022 11:05:00;Strada Urbana;VIA PORTUENSE;da specificare;;;;fronte palo ACEA 2004;Scontro frontale/laterale DX fra veicoli in marcia;Rettilineo;Una carreggiata a doppio senso;Asciutto;Asfaltata;Verticale ed orizzontale;Sereno;Normale;Buona;;0;0;0;2;12.414;41.8469;-1;1;Autocarro inferiore 35 q.;In marcia / fermata / arresto;Conducente;M;Illeso;0;;Non accertato;Inesploso
5914263;15;13/04/2022 11:05:00;Strada Urbana;VIA PORTUENSE;da specificare;;;;fronte palo ACEA 2004;Scontro frontale/laterale DX fra veicoli in marcia;Rettilineo;Una carreggiata a doppio senso;Asciutto;Asfaltata;Verticale ed orizzontale;Sereno;Normale;Buona;;0;0;0;2;12.414;41.8469;-1;2;Autovettura privata;In marcia / fermata / arresto;Conducente;M;Illeso;0;;Non accertato;Inesploso
5914273;19;13/04/2022 16:45:00;Strada Urbana;VIA MATTIA BATTISTINI;all'intersezione con;VIA DEL FORTE BRASCHI;VIA DEL FORTE BRASCHI;;;Scontro laterale fra veicoli in marcia;Intersezione semaforizzata;Una carreggiata a doppio senso;Asciutto;Asfaltata;Verticale ed orizzontale;Sereno;Normale;Buona;;0;0;0;2;12.4185;41.9127;-1;1;Autovettura privata;In marcia / fermata / arresto;Conducente;F;Illeso;0;;Non accertato;
5914273;19;13/04/2022 16:45:00;Strada Urbana;VIA MATTIA BATTISTINI;all'intersezione con;VIA DEL FORTE BRASCHI;VIA DEL FORTE BRASCHI;;;Scontro laterale fra veicoli in marcia;Intersezione semaforizzata;Una carreggiata a doppio senso;Asciutto;Asfaltata;Verticale ed orizzontale;Sereno;Normale;Buona;;0;0;0;2;12.4185;41.9127;-1;2;Autovettura privata;In marcia / fermata / arresto;Conducente;M;Illeso;0;;Non accertato;
5914274;12;13/04/2022 16:00:00;Strada Urbana;VIA DI ACQUA ACETOSA OSTIENSE;all'intersezione con;VIALE ITALO CALVINO;VIALE ITALO CALVINO;;;Scontro frontale/laterale DX fra veicoli in marcia;Intersezione stradale segnalata;Una carreggiata a doppio senso;Asciutto;Asfaltata;Verticale ed orizzontale;Sereno;Normale;Sufficiente;;2;0;0;1;12.4674;41.8048;-1;1;Autovettura privata;In marcia / fermata / arresto;Conducente;F;Illeso;0;;Non accertato;Inesploso
5914274;12;13/04/2022 16:00:00;Strada Urbana;VIA DI ACQUA ACETOSA OSTIENSE;all'intersezione con;VIALE ITALO CALVINO;VIALE ITALO CALVINO;;;Scontro frontale/laterale DX fra veicoli in marcia;Intersezione stradale segnalata;Una carreggiata a doppio senso;Asciutto;Asfaltata;Verticale ed orizzontale;Sereno;Normale;Sufficiente;;2;0;0;1;12.4674;41.8048;-1;1;Autovettura privata;In marcia / fermata / arresto;Passeggero;F;Rimandato;0;NON DECEDUTO;Non accertato;Inesploso
5914274;12;13/04/2022 16:00:00;Strada Urbana;VIA DI ACQUA ACETOSA OSTIENSE;all'intersezione con;VIALE ITALO CALVINO;VIALE ITALO CALVINO;;;Scontro frontale/laterale DX fra veicoli in marcia;Intersezione stradale segnalata;Una carreggiata a doppio senso;Asciutto;Asfaltata;Verticale ed orizzontale;Sereno;Normale;Sufficiente;;2;0;0;1;12.4674;41.8048;-1;2;Autovettura privata;In marcia / fermata / arresto;Conducente;M;Rimandato;0;NON DECEDUTO;Non accertato;Inesploso
5914277;11;13/04/2022 15:10:00;Strada Urbana;VIA ROSA RAIMONDI GARIBALDI;da specificare;;;;ALTEZZA CIV.95;Veicolo in marcia contro veicolo fermo;Rettilineo;Una carreggiata a senso unico di marcia;Asciutto;Asfaltata;Verticale ed orizzontale;Sereno;Scarso;Buona;;0;0;0;2;12.4914;41.858;-1;1;Autovettura privata;In marcia / fermata / arresto;Conducente;M;Illeso;0;;Non accertato;
5914277;11;13/04/2022 15:10:00;Strada Urbana;VIA ROSA RAIMONDI GARIBALDI;da specificare;;;;ALTEZZA CIV.95;Veicolo in marcia contro veicolo fermo;Rettilineo;Una carreggiata a senso unico di marcia;Asciutto;Asfaltata;Verticale ed orizzontale;Sereno;Scarso;Buona;;0;0;0;2;12.4914;41.858;-1;2;Autovettura privata;In marcia / fermata / arresto;Conducente;M;Illeso;0;;Non accertato;
5914279;18;13/04/2022 20:50:00;Strada Urbana;VIALE ISACCO NEWTON;da specificare;;;;altezza via Castellina Marittima;Scontro frontale fra veicoli in marcia;Rettilineo;Due carreggiate;Asciutto;Asfaltata;Verticale ed orizzontale;Sereno;Normale;Sufficiente;;2;0;0;1;12.4427;41.8481;-1;1;Autovettura privata;In marcia / fermata / arresto;Conducente;M;Rifiuta cure immediate;0;NON DECEDUTO;Non accertato;Inesploso
5914279;18;13/04/2022 20:50:00;Strada Urbana;VIALE ISACCO NEWTON;da specificare;;;;altezza via Castellina Marittima;Scontro frontale fra veicoli in marcia;Rettilineo;Due carreggiate;Asciutto;Asfaltata;Verticale ed orizzontale;Sereno;Normale;Sufficiente;;2;0;0;1;12.4427;41.8481;-1;1;Autovettura privata;In marcia / fermata / arresto;Passeggero;F;Rimandato;0;NON DECEDUTO;Non accertato;Inesploso
5914279;18;13/04/2022 20:50:00;Strada Urbana;VIALE ISACCO NEWTON;da specificare;;;;altezza via Castellina Marittima;Scontro frontale fra veicoli in marcia;Rettilineo;Due carreggiate;Asciutto;Asfaltata;Verticale ed orizzontale;Sereno;Normale;Sufficiente;;2;0;0;1;12.4427;41.8481;-1;2;Autovettura privata;In marcia / fermata / arresto;Conducente;F;Illeso;0;;Non accertato;Inesploso
5914286;19;13/04/2022 17:40:00;Strada Urbana;PIAZZA CLEMENTE XI;all'intersezione con;VIA PASQUALE II;VIA PASQUALE II;;;Scontro frontale/laterale DX fra veicoli in marcia;Rotatoria;Una carreggiata a senso unico di marcia;Asciutto;Asfaltata;Verticale ed orizzontale;Sereno;Intenso;Buona;;0;0;0;4;12.4147;41.9139;-1;1;Autocarro inferiore 35 q.;In marcia / fermata / arresto;Conducente;M;Illeso;0;;Non accertato;
5914286;19;13/04/2022 17:40:00;Strada Urbana;PIAZZA CLEMENTE XI;all'intersezione con;VIA PASQUALE II;VIA PASQUALE II;;;Scontro frontale/laterale DX fra veicoli in marcia;Rotatoria;Una carreggiata a senso unico di marcia;Asciutto;Asfaltata;Verticale ed orizzontale;Sereno;Intenso;Buona;;0;0;0;4;12.4147;41.9139;-1;2;Autovettura privata;In marcia / fermata / arresto;Conducente;F;Illeso;0;;Non accertato;
5914286;19;13/04/2022 17:40:00;Strada Urbana;PIAZZA CLEMENTE XI;all'intersezione con;VIA PASQUALE II;VIA PASQUALE II;;;Scontro frontale/laterale DX fra veicoli in marcia;Rotatoria;Una carreggiata a senso unico di marcia;Asciutto;Asfaltata;Verticale ed orizzontale;Sereno;Intenso;Buona;;0;0;0;4;12.4147;41.9139;-1;2;Autovettura privata;In marcia / fermata / arresto;Passeggero;M;Illeso;0;;Non accertato;
5914286;19;13/04/2022 17:40:00;Strada Urbana;PIAZZA CLEMENTE XI;all'intersezione con;VIA PASQUALE II;VIA PASQUALE II;;;Scontro frontale/laterale DX fra veicoli in marcia;Rotatoria;Una carreggiata a senso unico di marcia;Asciutto;Asfaltata;Verticale ed orizzontale;Sereno;Intenso;Buona;;0;0;0;4;12.4147;41.9139;-1;2;Autovettura privata;In marcia / fermata / arresto;Passeggero;M;Illeso;0;;Non accertato;
5914308;20;13/04/2022 13:40:00;Strada Urbana;VIA DELLA STORTA;in corrispondenza;;del civico n.;930;;Scontro frontale/laterale SX fra veicoli in marcia;Rettilineo;Una carreggiata a doppio senso;Asciutto;Asfaltata;Verticale ed orizzontale;Sereno;Normale;Buona;;0;0;0;2;12.3819;42.0034;-1;1;Motociclo a solo;In marcia / fermata / arresto;Conducente;M;Illeso;0;;;
5914308;20;13/04/2022 13:40:00;Strada Urbana;VIA DELLA STORTA;in corrispondenza;;del civico n.;930;;Scontro frontale/laterale SX fra veicoli in marcia;Rettilineo;Una carreggiata a doppio senso;Asciutto;Asfaltata;Verticale ed orizzontale;Sereno;Normale;Buona;;0;0;0;2;12.3819;42.0034;-1;2;Autovettura privata;In marcia / fermata / arresto;Conducente;M;Illeso;0;;;
5914308;20;13/04/2022 13:40:00;Strada Urbana;VIA DELLA STORTA;in corrispondenza;;del civico n.;930;;Scontro frontale/laterale SX fra veicoli in marcia;Rettilineo;Una carreggiata a doppio senso;Asciutto;Asfaltata;Verticale ed orizzontale;Sereno;Normale;Buona;;0;0;0;2;12.3819;42.0034;-1;3;Autovettura privata;Sosta;;;;;;;
5914309;8;13/04/2022 17:35:00;Strada Urbana;VIA JACOPO TORRITI;in corrispondenza;;del civico n.;2;;Scontro laterale fra veicoli in marcia;Rettilineo;Una carreggiata a senso unico di marcia;Asciutto;Asfaltata;Assente;Sereno;Normale;Buona;;0;0;0;2;12.6262;41.8681;-1;1;Autovettura privata;In marcia / fermata / arresto;Conducente;M;Illeso;0;;Non accertato;Inesploso
5914309;8;13/04/2022 17:35:00;Strada Urbana;VIA JACOPO TORRITI;in corrispondenza;;del civico n.;2;;Scontro laterale fra veicoli in marcia;Rettilineo;Una carreggiata a senso unico di marcia;Asciutto;Asfaltata;Assente;Sereno;Normale;Buona;;0;0;0;2;12.6262;41.8681;-1;2;Autovettura privata;In marcia / fermata / arresto;Conducente;F;Illeso;0;;Non accertato;Inesploso
5914310;11;13/04/2022 16:34:00;Strada Urbana;VIA DEI GEORGOFILI;all'intersezione con;VIA DELL'ACCADEMIA DEL CIMENTO;VIA DELL'ACCADEMIA DEL CIMENTO;;;Scontro frontale/laterale SX fra veicoli in marcia;Intersezione stradale segnalata;Una carreggiata a doppio senso;Asciutto;Asfaltata;Verticale ed orizzontale;Sereno;Normale;Buona;;0;0;0;2;12.4931;41.8525;-1;1;Autovettura privata;In marcia / fermata / arresto;Conducente;M;Illeso;0;;Non accertato;
5914310;11;13/04/2022 16:34:00;Strada Urbana;VIA DEI GEORGOFILI;all'intersezione con;VIA DELL'ACCADEMIA DEL CIMENTO;VIA DELL'ACCADEMIA DEL CIMENTO;;;Scontro frontale/laterale SX fra veicoli in marcia;Intersezione stradale segnalata;Una carreggiata a doppio senso;Asciutto;Asfaltata;Verticale ed orizzontale;Sereno;Normale;Buona;;0;0;0;2;12.4931;41.8525;-1;2;Autovettura privata;In marcia / fermata / arresto;Conducente;M;Illeso;0;;;
5914311;15;13/04/2022 13:10:00;Strada Urbana;VIA PORTUENSE;all'intersezione con;VIALE DEI COLLI PORTUENSI;VIALE DEI COLLI PORTUENSI;;;Scontro laterale fra veicoli in marcia;Intersezione semaforizzata;Una carreggiata a doppio senso;Asciutto;Asfaltata;Verticale ed orizzontale;Sereno;Intenso;Buona;;0;0;0;3;12.414;41.8469;-1;1;Autovettura privata;In marcia / fermata / arresto;Conducente;F;Illeso;0;;Non accertato;Inesploso
5914311;15;13/04/2022 13:10:00;Strada Urbana;VIA PORTUENSE;all'intersezione con;VIALE DEI COLLI PORTUENSI;VIALE DEI COLLI PORTUENSI;;;Scontro laterale fra veicoli in marcia;Intersezione semaforizzata;Una carreggiata a doppio senso;Asciutto;Asfaltata;Verticale ed orizzontale;Sereno;Intenso;Buona;;0;0;0;3;12.414;41.8469;-1;2;Autovettura privata;In marcia / fermata / arresto;Conducente;M;Illeso;0;;Non accertato;Inesploso
5914311;15;13/04/2022 13:10:00;Strada Urbana;VIA PORTUENSE;all'intersezione con;VIALE DEI COLLI PORTUENSI;VIALE DEI COLLI PORTUENSI;;;Scontro laterale fra veicoli in marcia;Intersezione semaforizzata;Una carreggiata a doppio senso;Asciutto;Asfaltata;Verticale ed orizzontale;Sereno;Intenso;Buona;;0;0;0;3;12.414;41.8469;-1;2;Autovettura privata;In marcia / fermata / arresto;Passeggero;F;Illeso;0;;Non accertato;Inesploso
5914313;4;13/04/2022 06:50:00;Strada Urbana;VIA DEI PRATI FISCALI;da specificare;;;;fronte via A. SILVANI;Veicolo in marcia che urta buche nella carreggiata;Curva a visuale libera;Pi� di due carreggiate;Asciutto;Asfaltata;Verticale ed orizzontale;Sereno;Normale;Buona;;1;0;0;0;12.5165;41.9461;-1;1;Motociclo a solo;In marcia / fermata / arresto;Conducente;M;Rimandato;0;NON DECEDUTO;;
5914320;1;13/04/2022 20:03:00;Strada Urbana;VIA VITTORIO VENETO;in corrispondenza;;del civico n.;24;;Veicolo in marcia contro ostacolo accidentale;Rettilineo;Una carreggiata a doppio senso;Asciutto;Asfaltata;Verticale ed orizzontale;Sereno;Normale;Sufficiente;;1;0;0;0;12.4881;41.9048;-1;1;Velocipede;In marcia / fermata / arresto;Conducente;M;Rimandato;0;NON DECEDUTO;Esente;
5914321;8;13/04/2022 17:56:00;Strada Urbana;VIA DI TOR BELLA MONACA;da specificare;;;;altezza VIA P. F.  QUAGLIA;Scontro frontale/laterale SX fra veicoli in marcia;Rettilineo;Due carreggiate;Asciutto;Asfaltata;Verticale ed orizzontale;Sereno;Normale;Sufficiente;;0;0;0;3;12.6281;41.8764;-1;1;Autovettura privata;In marcia / fermata / arresto;Conducente;M;Illeso;0;;Non accertato;Inesploso
5914321;8;13/04/2022 17:56:00;Strada Urbana;VIA DI TOR BELLA MONACA;da specificare;;;;altezza VIA P. F.  QUAGLIA;Scontro frontale/laterale SX fra veicoli in marcia;Rettilineo;Due carreggiate;Asciutto;Asfaltata;Verticale ed orizzontale;Sereno;Normale;Sufficiente;;0;0;0;3;12.6281;41.8764;-1;2;Autovettura privata;In marcia / fermata / arresto;Conducente;M;Illeso;0;;Non accertato;Inesploso
5914321;8;13/04/2022 17:56:00;Strada Urbana;VIA DI TOR BELLA MONACA;da specificare;;;;altezza VIA P. F.  QUAGLIA;Scontro frontale/laterale SX fra veicoli in marcia;Rettilineo;Due carreggiate;Asciutto;Asfaltata;Verticale ed orizzontale;Sereno;Normale;Sufficiente;;0;0;0;3;12.6281;41.8764;-1;2;Autovettura privata;In marcia / fermata / arresto;Passeggero;F;Illeso;0;;Non accertato;Inesploso
5914326;8;13/04/2022 23:40:00;Strada Urbana;VIA CASILINA;in prossimit�;;del civico n.;1585;;Scontro laterale fra veicoli in marcia;Rettilineo;Due carreggiate;Asciutto;Asfaltata;Verticale ed orizzontale;Sereno;Scarso;Sufficiente;;1;0;0;5;12.6341;41.8634;-1;1;Autovettura privata;In marcia / fermata / arresto;Conducente;M;Rimandato;0;NON DECEDUTO;;
5914326;8;13/04/2022 23:40:00;Strada Urbana;VIA CASILINA;in prossimit�;;del civico n.;1585;;Scontro laterale fra veicoli in marcia;Rettilineo;Due carreggiate;Asciutto;Asfaltata;Verticale ed orizzontale;Sereno;Scarso;Sufficiente;;1;0;0;5;12.6341;41.8634;-1;2;Autovettura privata;In marcia / fermata / arresto;Conducente;M;Illeso;0;;;
5914326;8;13/04/2022 23:40:00;Strada Urbana;VIA CASILINA;in prossimit�;;del civico n.;1585;;Scontro laterale fra veicoli in marcia;Rettilineo;Due carreggiate;Asciutto;Asfaltata;Verticale ed orizzontale;Sereno;Scarso;Sufficiente;;1;0;0;5;12.6341;41.8634;-1;2;Autovettura privata;In marcia / fermata / arresto;Passeggero;F;Illeso;0;;;
5914326;8;13/04/2022 23:40:00;Strada Urbana;VIA CASILINA;in prossimit�;;del civico n.;1585;;Scontro laterale fra veicoli in marcia;Rettilineo;Due carreggiate;Asciutto;Asfaltata;Verticale ed orizzontale;Sereno;Scarso;Sufficiente;;1;0;0;5;12.6341;41.8634;-1;2;Autovettura privata;In marcia / fermata / arresto;Passeggero;F;Illeso;0;;;
5914326;8;13/04/2022 23:40:00;Strada Urbana;VIA CASILINA;in prossimit�;;del civico n.;1585;;Scontro laterale fra veicoli in marcia;Rettilineo;Due carreggiate;Asciutto;Asfaltata;Verticale ed orizzontale;Sereno;Scarso;Sufficiente;;1;0;0;5;12.6341;41.8634;-1;2;Autovettura privata;In marcia / fermata / arresto;Passeggero;M;Illeso;0;;;
5914326;8;13/04/2022 23:40:00;Strada Urbana;VIA CASILINA;in prossimit�;;del civico n.;1585;;Scontro laterale fra veicoli in marcia;Rettilineo;Due carreggiate;Asciutto;Asfaltata;Verticale ed orizzontale;Sereno;Scarso;Sufficiente;;1;0;0;5;12.6341;41.8634;-1;2;Autovettura privata;In marcia / fermata / arresto;Passeggero;M;Illeso;0;;;
5914331;13;13/04/2022 07:45:00;Strada Urbana;LUNGOMARE DUILIO;da specificare;;;;pross intersezione semaforizzata via dei pescatori;Veicolo in marcia contro veicolo arresto;Rettilineo;Pi� di due carreggiate;Asciutto;Asfaltata;Verticale ed orizzontale;Sereno;Normale;Buona;;0;0;0;2;12.3028;41.7193;-1;1;Autovettura privata;In marcia / fermata / arresto;Conducente;F;Illeso;0;;Non accertato;Inesploso
5914331;13;13/04/2022 07:45:00;Strada Urbana;LUNGOMARE DUILIO;da specificare;;;;pross intersezione semaforizzata via dei pescatori;Veicolo in marcia contro veicolo arresto;Rettilineo;Pi� di due carreggiate;Asciutto;Asfaltata;Verticale ed orizzontale;Sereno;Normale;Buona;;0;0;0;2;12.3028;41.7193;-1;2;Autovettura privata;In marcia / fermata / arresto;Conducente;F;Illeso;0;;Non accertato;Inesploso
5914333;6;13/04/2022 14:55:00;Strada Urbana;VIA TOR DE' SCHIAVI;da specificare;;;;all'altezza di Via Anagni;Scontro laterale fra veicoli in marcia;Rettilineo;Due carreggiate;Asciutto;Asfaltata;Verticale ed orizzontale;Sereno;Normale;Buona;;0;0;0;2;12.5605;41.8906;-1;1;Autovettura privata;In marcia / fermata / arresto;Conducente;M;Illeso;0;;Non accertato;
5914333;6;13/04/2022 14:55:00;Strada Urbana;VIA TOR DE' SCHIAVI;da specificare;;;;all'altezza di Via Anagni;Scontro laterale fra veicoli in marcia;Rettilineo;Due carreggiate;Asciutto;Asfaltata;Verticale ed orizzontale;Sereno;Normale;Buona;;0;0;0;2;12.5605;41.8906;-1;2;Autovettura di soccorso;In marcia / fermata / arresto;Conducente;F;Illeso;0;;Non accertato;Inesploso
5914334;20;13/04/2022 16:30:00;Strada Urbana;VIA BACCANO;in prossimit�;;del civico n.;10;;Investimento di pedone;Rettilineo;Una carreggiata a doppio senso;Asciutto;Asfaltata;Verticale ed orizzontale;Sereno;Intenso;Buona;;1;0;0;1;12.4929;41.9968;-1;;;;Pedone;M;Ricoverato;0;NON DECEDUTO;;
5914334;20;13/04/2022 16:30:00;Strada Urbana;VIA BACCANO;in prossimit�;;del civico n.;10;;Investimento di pedone;Rettilineo;Una carreggiata a doppio senso;Asciutto;Asfaltata;Verticale ed orizzontale;Sereno;Intenso;Buona;;1;0;0;1;12.4929;41.9968;-1;1;Autovettura privata;In marcia / fermata / arresto;Conducente;M;Illeso;0;;Non accertato;Inesploso
5914335;6;14/04/2022 02:35:00;Strada Urbana;VIA CORI;in corrispondenza;;del civico n.;48;;Veicolo in marcia contro veicoli in sosta;Rettilineo;Una carreggiata a senso unico di marcia;Asciutto;Asfaltata;Assente;Sereno;Scarso;Buona;;0;0;0;1;12.5497;41.8875;-1;1;Autovettura privata;In marcia / fermata / arresto;Conducente;F;Illeso;0;;Non accertato;Inesploso
5914335;6;14/04/2022 02:35:00;Strada Urbana;VIA CORI;in corrispondenza;;del civico n.;48;;Veicolo in marcia contro veicoli in sosta;Rettilineo;Una carreggiata a senso unico di marcia;Asciutto;Asfaltata;Assente;Sereno;Scarso;Buona;;0;0;0;1;12.5497;41.8875;-1;2;Autovettura privata;Sosta;;;;;;;
5914335;6;14/04/2022 02:35:00;Strada Urbana;VIA CORI;in corrispondenza;;del civico n.;48;;Veicolo in marcia contro veicoli in sosta;Rettilineo;Una carreggiata a senso unico di marcia;Asciutto;Asfaltata;Assente;Sereno;Scarso;Buona;;0;0;0;1;12.5497;41.8875;-1;3;Autovettura privata;Sosta;;;;;;;
5914336;20;13/04/2022 06:30:00;Statale;VIA CASSIA;all'intersezione con;VIA SERGIO BRAGATO;VIA SERGIO BRAGATO;;;Scontro laterale fra veicoli in marcia;Incrocio;Una carreggiata a doppio senso;Asciutto;Asfaltata;Verticale ed orizzontale;Sereno;Normale;Buona;;1;0;0;1;12.4137;41.9828;-1;1;Autovettura privata;In marcia / fermata / arresto;Conducente;M;Illeso;0;;;
5914336;20;13/04/2022 06:30:00;Statale;VIA CASSIA;all'intersezione con;VIA SERGIO BRAGATO;VIA SERGIO BRAGATO;;;Scontro laterale fra veicoli in marcia;Incrocio;Una carreggiata a doppio senso;Asciutto;Asfaltata;Verticale ed orizzontale;Sereno;Normale;Buona;;1;0;0;1;12.4137;41.9828;-1;2;Motociclo a solo;In marcia / fermata / arresto;Conducente;M;Ricoverato;0;NON DECEDUTO;;
5914338;12;13/04/2022 16:35:00;Statale;VIA PONTINA;in prossimit�;;della chilometrica;16.2;;Veicolo in marcia contro ostacolo accidentale;Rettilineo;Due carreggiate;Asciutto;Asfaltata;Verticale ed orizzontale;Sereno;Intenso;Buona;;1;0;0;0;12.4525;41.797;-1;1;Motociclo a solo;In marcia / fermata / arresto;Conducente;M;Rimandato;0;NON DECEDUTO;;
5914339;7;13/04/2022 23:30:00;Strada Urbana;VIA PRENESTINA;in corrispondenza;;del civico n.;82;;Scontro frontale/laterale SX fra veicoli in marcia;Rettilineo;Due carreggiate;Asciutto;Asfaltata;Verticale ed orizzontale;Sereno;Scarso;Sufficiente;;1;0;0;2;12.5247;41.8909;-1;1;Motociclo a solo;In marcia / fermata / arresto;Conducente;M;Ricoverato;0;NON DECEDUTO;;
5914339;7;13/04/2022 23:30:00;Strada Urbana;VIA PRENESTINA;in corrispondenza;;del civico n.;82;;Scontro frontale/laterale SX fra veicoli in marcia;Rettilineo;Due carreggiate;Asciutto;Asfaltata;Verticale ed orizzontale;Sereno;Scarso;Sufficiente;;1;0;0;2;12.5247;41.8909;-1;2;Autovettura privata;In marcia / fermata / arresto;Conducente;M;Illeso;0;;;Inesploso
5914339;7;13/04/2022 23:30:00;Strada Urbana;VIA PRENESTINA;in corrispondenza;;del civico n.;82;;Scontro frontale/laterale SX fra veicoli in marcia;Rettilineo;Due carreggiate;Asciutto;Asfaltata;Verticale ed orizzontale;Sereno;Scarso;Sufficiente;;1;0;0;2;12.5247;41.8909;-1;2;Autovettura privata;In marcia / fermata / arresto;Passeggero;M;Illeso;0;;;Inesploso
5914341;15;13/04/2022 15:00:00;Strada Urbana;VIA ANTONIO PACINOTTI;da specificare;;;;prossimit� fronte civico 14/A;Investimento di pedone;Rettilineo;Una carreggiata a doppio senso;Asciutto;Asfaltata;Orizzontale;Sereno;Scarso;Buona;;1;0;0;1;12.4675;41.871;-1;;;;Pedone;M;Rimandato;0;NON DECEDUTO;;
5914341;15;13/04/2022 15:00:00;Strada Urbana;VIA ANTONIO PACINOTTI;da specificare;;;;prossimit� fronte civico 14/A;Investimento di pedone;Rettilineo;Una carreggiata a doppio senso;Asciutto;Asfaltata;Orizzontale;Sereno;Scarso;Buona;;1;0;0;1;12.4675;41.871;-1;1;Autovettura privata;In marcia / fermata / arresto;Conducente;M;Illeso;0;;Non accertato;Inesploso
5914347;10;13/04/2022 23:45:00;Strada Urbana;VIA FRANCESCO ROSASPINA;in prossimit�;;del civico n.;73;;Veicolo in marcia contro veicoli in sosta;Rettilineo;Una carreggiata a senso unico di marcia;Asciutto;Asfaltata;Assente;Sereno;Scarso;Sufficiente;;0;0;0;2;12.622;41.8678;-1;1;Autovettura privata;In marcia / fermata / arresto;Conducente;F;Illeso;0;;Non accertato;Inesploso
5914347;10;13/04/2022 23:45:00;Strada Urbana;VIA FRANCESCO ROSASPINA;in prossimit�;;del civico n.;73;;Veicolo in marcia contro veicoli in sosta;Rettilineo;Una carreggiata a senso unico di marcia;Asciutto;Asfaltata;Assente;Sereno;Scarso;Sufficiente;;0;0;0;2;12.622;41.8678;-1;1;Autovettura privata;In marcia / fermata / arresto;Passeggero;F;Illeso;0;;Non accertato;Inesploso
5914347;10;13/04/2022 23:45:00;Strada Urbana;VIA FRANCESCO ROSASPINA;in prossimit�;;del civico n.;73;;Veicolo in marcia contro veicoli in sosta;Rettilineo;Una carreggiata a senso unico di marcia;Asciutto;Asfaltata;Assente;Sereno;Scarso;Sufficiente;;0;0;0;2;12.622;41.8678;-1;2;Autovettura privata;Sosta;;;;;;;