Protocollo;Gruppo;DataOraIncidente;Localizzazione1;STRADA1;Localizzazione2;STRADA2;Strada02;Chilometrica;DaSpecificare;NaturaIncidente;particolaritastrade;TipoStrada;FondoStradale;Pavimentazione;Segnaletica;CondizioneAtmosferica;Traffico;Visibilita;Illuminazione;NUM_FERITI;NUM_RISERVATA;NUM_MORTI;NUM_ILLESI;Longitude;Latitude;Confermato;Progressivo;TipoVeicolo;StatoVeicolo;TipoPersona;Sesso;Tipolesione;Deceduto;DecedutoDopo;CinturaCascoUtilizzato;Airbag;
5915036;17;13/04/2022 18:20:00;Strada Urbana;VIA DELLA GIULIANA;in corrispondenza;;del civico n.;13;;Scontro laterale fra veicoli in marcia;Rettilineo;Una carreggiata a doppio senso;Asciutto;Asfaltata;Verticale ed orizzontale;Sereno;Normale;Buona;;0;0;0;3;12.4546;41.9111;-1;1;Autovettura privata;In marcia / fermata / arresto;Conducente;F;Illeso;0;;;
5915036;17;13/04/2022 18:20:00;Strada Urbana;VIA DELLA GIULIANA;in corrispondenza;;del civico n.;13;;Scontro laterale fra veicoli in marcia;Rettilineo;Una carreggiata a doppio senso;Asciutto;Asfaltata;Verticale ed orizzontale;Sereno;Normale;Buona;;0;0;0;3;12.4546;41.9111;-1;2;Motociclo con passeggero;In marcia / fermata / arresto;Conducente;M;Illeso;0;;;
5915036;17;13/04/2022 18:20:00;Strada Urbana;VIA DELLA GIULIANA;in corrispondenza;;del civico n.;13;;Scontro laterale fra veicoli in marcia;Rettilineo;Una carreggiata a doppio senso;Asciutto;Asfaltata;Verticale ed orizzontale;Sereno;Normale;Buona;;0;0;0;3;12.4546;41.9111;-1;2;Motociclo con passeggero;In marcia / fermata / arresto;Passeggero;F;Illeso;0;;;
5915038;9;14/04/2022 07:50:00;Strada Urbana;VIA LICIA;in prossimit�;;del civico n.;5;;Veicolo in marcia contro veicolo arresto;Rettilineo;Una carreggiata a doppio senso;Asciutto;Asfaltata;Verticale ed orizzontale;Sereno;Normale;Buona;;0;0;0;2;12.503;41.8797;-1;1;Autovettura pubblica;In marcia / fermata / arresto;Conducente;M;Illeso;0;;Non accertato;Inesploso
5915038;9;14/04/2022 07:50:00;Strada Urbana;VIA LICIA;in prossimit�;;del civico n.;5;;Veicolo in marcia contro veicolo arresto;Rettilineo;Una carreggiata a doppio senso;Asciutto;Asfaltata;Verticale ed orizzontale;Sereno;Normale;Buona;;0;0;0;2;12.503;41.8797;-1;2;Autocarro inferiore 35 q.;Allontanatosi;Conducente;M;Illeso;0;;Non accertato;Inesploso
5915088;9;14/04/2022 08:55:00;Strada Urbana;PIAZZA ARMENIA;in prossimit�;;del civico n.;4;;Investimento di pedone;Rettilineo;Una carreggiata a doppio senso;Asciutto;Asfaltata;Verticale ed orizzontale;Sereno;Intenso;Buona;;1;0;0;2;12.5087;41.8783;-1;;;;Pedone;F;Ricoverato;0;NON DECEDUTO;;
5915088;9;14/04/2022 08:55:00;Strada Urbana;PIAZZA ARMENIA;in prossimit�;;del civico n.;4;;Investimento di pedone;Rettilineo;Una carreggiata a doppio senso;Asciutto;Asfaltata;Verticale ed orizzontale;Sereno;Intenso;Buona;;1;0;0;2;12.5087;41.8783;-1;1;Motociclo a solo;In marcia / fermata / arresto;Conducente;M;Illeso;0;;Non accertato;
5915088;9;14/04/2022 08:55:00;Strada Urbana;PIAZZA ARMENIA;in prossimit�;;del civico n.;4;;Investimento di pedone;Rettilineo;Una carreggiata a doppio senso;Asciutto;Asfaltata;Verticale ed orizzontale;Sereno;Intenso;Buona;;1;0;0;2;12.5087;41.8783;-1;2;Autocarro inferiore 35 q.;In marcia / fermata / arresto;Conducente;M;Illeso;0;;Non accertato;Inesploso
5915112;13;12/04/2022 10:15:00;Strada Urbana;VIALE DEI ROMAGNOLI;all'intersezione con;VIA GIUSEPPE FIORELLI;VIA GIUSEPPE FIORELLI;;;Scontro frontale/laterale DX fra veicoli in marcia;Intersezione stradale segnalata;Due carreggiate;Asciutto;Asfaltata;Verticale ed orizzontale;Sereno;Scarso;Buona;;0;0;0;2;12.3133;41.7654;-1;1;Autovettura privata;In marcia / fermata / arresto;Conducente;M;Illeso;0;;;
5915112;13;12/04/2022 10:15:00;Strada Urbana;VIALE DEI ROMAGNOLI;all'intersezione con;VIA GIUSEPPE FIORELLI;VIA GIUSEPPE FIORELLI;;;Scontro frontale/laterale DX fra veicoli in marcia;Intersezione stradale segnalata;Due carreggiate;Asciutto;Asfaltata;Verticale ed orizzontale;Sereno;Scarso;Buona;;0;0;0;2;12.3133;41.7654;-1;2;Autocarro inferiore 35 q.;In marcia / fermata / arresto;Conducente;M;Illeso;0;;;
5915195;15;14/04/2022 11:30:00;Strada Urbana;VIA LEONARDO GREPPI;in corrispondenza;;del civico n.;85;;Veicolo in marcia contro veicoli in sosta;Rettilineo;Una carreggiata a doppio senso;Asciutto;Asfaltata;Assente;Nuvoloso;Normale;Buona;;0;0;0;1;12.4579;41.8624;-1;1;Autovettura privata;In marcia / fermata / arresto;Conducente;F;Illeso;0;;;
5915195;15;14/04/2022 11:30:00;Strada Urbana;VIA LEONARDO GREPPI;in corrispondenza;;del civico n.;85;;Veicolo in marcia contro veicoli in sosta;Rettilineo;Una carreggiata a doppio senso;Asciutto;Asfaltata;Assente;Nuvoloso;Normale;Buona;;0;0;0;1;12.4579;41.8624;-1;2;Autovettura privata;Sosta;;;;;;;
5915195;15;14/04/2022 11:30:00;Strada Urbana;VIA LEONARDO GREPPI;in corrispondenza;;del civico n.;85;;Veicolo in marcia contro veicoli in sosta;Rettilineo;Una carreggiata a doppio senso;Asciutto;Asfaltata;Assente;Nuvoloso;Normale;Buona;;0;0;0;1;12.4579;41.8624;-1;3;Autovettura privata;Sosta;;;;;;;
5915195;15;14/04/2022 11:30:00;Strada Urbana;VIA LEONARDO GREPPI;in corrispondenza;;del civico n.;85;;Veicolo in marcia contro veicoli in sosta;Rettilineo;Una carreggiata a doppio senso;Asciutto;Asfaltata;Assente;Nuvoloso;Normale;Buona;;0;0;0;1;12.4579;41.8624;-1;4;Autovettura privata;Sosta;;;;;;;
5915212;3;12/04/2022 19:15:00;Strada Urbana;VIA CESARE DE LOLLIS;da specificare;;;;altezza via dei dalmati;Tamponamento;Rettilineo;Una carreggiata a senso unico di marcia;Asciutto;Asfaltata;Verticale ed orizzontale;Sereno;Normale;Buona;;0;0;0;3;12.5161;41.9012;-1;1;Autovettura privata;In marcia / fermata / arresto;Conducente;M;Illeso;0;;;
5915212;3;12/04/2022 19:15:00;Strada Urbana;VIA CESARE DE LOLLIS;da specificare;;;;altezza via dei dalmati;Tamponamento;Rettilineo;Una carreggiata a senso unico di marcia;Asciutto;Asfaltata;Verticale ed orizzontale;Sereno;Normale;Buona;;0;0;0;3;12.5161;41.9012;-1;2;Autovettura privata;In marcia / fermata / arresto;Conducente;M;Illeso;0;;;
5915212;3;12/04/2022 19:15:00;Strada Urbana;VIA CESARE DE LOLLIS;da specificare;;;;altezza via dei dalmati;Tamponamento;Rettilineo;Una carreggiata a senso unico di marcia;Asciutto;Asfaltata;Verticale ed orizzontale;Sereno;Normale;Buona;;0;0;0;3;12.5161;41.9012;-1;2;Autovettura privata;In marcia / fermata / arresto;Passeggero;M;Illeso;0;;;
5915214;3;13/04/2022 20:50:00;Strada Urbana;VIA TIBURTINA;da specificare;;;;prox fronte 221;Tamponamento Multiplo;Rettilineo;Una carreggiata a doppio senso;Asciutto;Asfaltata;Verticale ed orizzontale;Sereno;Normale;Buona;;0;0;0;7;12.5171;41.8999;-1;1;Autovettura privata;In marcia / fermata / arresto;Conducente;M;Illeso;0;;Non accertato;Inesploso
5915214;3;13/04/2022 20:50:00;Strada Urbana;VIA TIBURTINA;da specificare;;;;prox fronte 221;Tamponamento Multiplo;Rettilineo;Una carreggiata a doppio senso;Asciutto;Asfaltata;Verticale ed orizzontale;Sereno;Normale;Buona;;0;0;0;7;12.5171;41.8999;-1;2;Autovettura privata;In marcia / fermata / arresto;Conducente;M;Illeso;0;;Non accertato;Inesploso
5915214;3;13/04/2022 20:50:00;Strada Urbana;VIA TIBURTINA;da specificare;;;;prox fronte 221;Tamponamento Multiplo;Rettilineo;Una carreggiata a doppio senso;Asciutto;Asfaltata;Verticale ed orizzontale;Sereno;Normale;Buona;;0;0;0;7;12.5171;41.8999;-1;3;Autovettura privata;In marcia / fermata / arresto;Conducente;F;Illeso;0;;Non accertato;Inesploso
5915214;3;13/04/2022 20:50:00;Strada Urbana;VIA TIBURTINA;da specificare;;;;prox fronte 221;Tamponamento Multiplo;Rettilineo;Una carreggiata a doppio senso;Asciutto;Asfaltata;Verticale ed orizzontale;Sereno;Normale;Buona;;0;0;0;7;12.5171;41.8999;-1;4;Autovettura privata;In marcia / fermata / arresto;Conducente;M;Illeso;0;;Non accertato;Inesploso
5915214;3;13/04/2022 20:50:00;Strada Urbana;VIA TIBURTINA;da specificare;;;;prox fronte 221;Tamponamento Multiplo;Rettilineo;Una carreggiata a doppio senso;Asciutto;Asfaltata;Verticale ed orizzontale;Sereno;Normale;Buona;;0;0;0;7;12.5171;41.8999;-1;4;Autovettura privata;In marcia / fermata / arresto;Passeggero;M;Illeso;0;;Non accertato;Inesploso
5915214;3;13/04/2022 20:50:00;Strada Urbana;VIA TIBURTINA;da specificare;;;;prox fronte 221;Tamponamento Multiplo;Rettilineo;Una carreggiata a doppio senso;Asciutto;Asfaltata;Verticale ed orizzontale;Sereno;Normale;Buona;;0;0;0;7;12.5171;41.8999;-1;4;Autovettura privata;In marcia / fermata / arresto;Passeggero;M;Illeso;0;;Non accertato;Inesploso
5915214;3;13/04/2022 20:50:00;Strada Urbana;VIA TIBURTINA;da specificare;;;;prox fronte 221;Tamponamento Multiplo;Rettilineo;Una carreggiata a doppio senso;Asciutto;Asfaltata;Verticale ed orizzontale;Sereno;Normale;Buona;;0;0;0;7;12.5171;41.8999;-1;4;Autovettura privata;In marcia / fermata / arresto;Passeggero;M;Illeso;0;;Non accertato;Inesploso
5915220;3;13/04/2022 20:25:00;Strada Urbana;VIA NOMENTANA;da specificare;;;;alt. fr. via Novara;Investimento di pedone;Rettilineo;Pi� di due carreggiate;Asciutto;Asfaltata;Verticale ed orizzontale;Sereno;Normale;Sufficiente;;1;0;0;1;12.5076;41.9137;-1;;;;Pedone;M;Illeso;0;;;
5915220;3;13/04/2022 20:25:00;Strada Urbana;VIA NOMENTANA;da specificare;;;;alt. fr. via Novara;Investimento di pedone;Rettilineo;Pi� di due carreggiate;Asciutto;Asfaltata;Verticale ed orizzontale;Sereno;Normale;Sufficiente;;1;0;0;1;12.5076;41.9137;-1;1;Motociclo a solo;In marcia / fermata / arresto;Conducente;F;Rimandato;0;NON DECEDUTO;Non accertato;
5915256;3;13/04/2022 00:05:00;Strada Urbana;VIA TIBURTINA;da specificare;;;;alt. ingresso cimitero Verano prox fr p. Crociate;Veicolo in marcia contro ostacolo fisso;Rettilineo;Pi� di due carreggiate;Asciutto;Asfaltata;Orizzontale;Sereno;Scarso;Buona;;1;0;0;0;12.5268;41.9081;-1;1;Autovettura privata;In marcia / fermata / arresto;Conducente;M;Rimandato;0;NON DECEDUTO;;
5915261;18;14/04/2022 16:20:00;Strada Urbana;VIA CARDINAL PACCA;in corrispondenza;;del civico n.;10;;Veicolo in marcia contro veicolo in sosta;Rettilineo;Una carreggiata a senso unico di marcia;Asciutto;Asfaltata;Verticale ed orizzontale;Sereno;Normale;Buona;;0;0;0;1;12.431;41.8927;-1;1;Autocarro inferiore 35 q.;In marcia / fermata / arresto;Conducente;M;Illeso;0;;Non accertato;Inesploso
5915261;18;14/04/2022 16:20:00;Strada Urbana;VIA CARDINAL PACCA;in corrispondenza;;del civico n.;10;;Veicolo in marcia contro veicolo in sosta;Rettilineo;Una carreggiata a senso unico di marcia;Asciutto;Asfaltata;Verticale ed orizzontale;Sereno;Normale;Buona;;0;0;0;1;12.431;41.8927;-1;2;Autovettura privata;Sosta;;;;;;;
5915268;3;14/04/2022 11:20:00;Strada Urbana;Tangenziale Est direzione S. Giovanni;da specificare;;;;altezza Verano fronte easybox;Tamponamento;Rettilineo;Una carreggiata a senso unico di marcia;Asciutto;Asfaltata;Verticale ed orizzontale;Sereno;Intenso;Buona;;1;0;0;1;12.5186;41.8962;-1;1;Autovettura privata;In marcia / fermata / arresto;Conducente;F;Rimandato;0;NON DECEDUTO;;
5915268;3;14/04/2022 11:20:00;Strada Urbana;Tangenziale Est direzione S. Giovanni;da specificare;;;;altezza Verano fronte easybox;Tamponamento;Rettilineo;Una carreggiata a senso unico di marcia;Asciutto;Asfaltata;Verticale ed orizzontale;Sereno;Intenso;Buona;;1;0;0;1;12.5186;41.8962;-1;2;Autovettura privata;In marcia / fermata / arresto;Conducente;F;Illeso;0;;;
5915320;3;14/04/2022 09:30:00;Strada Urbana;Tangenziale Est direzione S. Giovanni;da specificare;;;;altezza sacrario;Tamponamento;Rettilineo;Una carreggiata a senso unico di marcia;Asciutto;Asfaltata;Verticale ed orizzontale;Sereno;Intenso;Buona;;0;0;0;2;12.5103;41.8852;-1;1;Autovettura privata;In marcia / fermata / arresto;Conducente;F;Illeso;0;;Non accertato;Inesploso
5915320;3;14/04/2022 09:30:00;Strada Urbana;Tangenziale Est direzione S. Giovanni;da specificare;;;;altezza sacrario;Tamponamento;Rettilineo;Una carreggiata a senso unico di marcia;Asciutto;Asfaltata;Verticale ed orizzontale;Sereno;Intenso;Buona;;0;0;0;2;12.5103;41.8852;-1;2;Autobus turistico;In marcia / fermata / arresto;Conducente;M;Illeso;0;;Non accertato;Inesploso
5915322;12;14/04/2022 15:25:00;Statale entro l'abitato;VIA CLARICE TARTUFARI;in prossimit�;;del civico n.;94;;Tamponamento;Rettilineo;Una carreggiata a doppio senso;Asciutto;Asfaltata;Verticale ed orizzontale;Sereno;Intenso;Buona;;1;0;0;1;12.4375;41.7521;-1;1;Autovettura privata;In marcia / fermata / arresto;Conducente;M;Ricoverato;0;NON DECEDUTO;Non accertato;Inesploso
5915322;12;14/04/2022 15:25:00;Statale entro l'abitato;VIA CLARICE TARTUFARI;in prossimit�;;del civico n.;94;;Tamponamento;Rettilineo;Una carreggiata a doppio senso;Asciutto;Asfaltata;Verticale ed orizzontale;Sereno;Intenso;Buona;;1;0;0;1;12.4375;41.7521;-1;2;Autovettura privata;In marcia / fermata / arresto;Conducente;M;Illeso;0;;Non accertato;Inesploso
5915427;12;14/04/2022 13:00:00;Strada Urbana;VIA TOMMASO ARCIDIACONO;in corrispondenza;;del civico n.;115;;Veicolo in marcia contro veicolo in sosta;Rettilineo;Una carreggiata a senso unico di marcia;Asciutto;Asfaltata;Verticale ed orizzontale;Sereno;Scarso;Buona;;0;0;0;1;12.5092;41.8231;-1;1;Autovettura privata;Sosta;;;;;;;
5915427;12;14/04/2022 13:00:00;Strada Urbana;VIA TOMMASO ARCIDIACONO;in corrispondenza;;del civico n.;115;;Veicolo in marcia contro veicolo in sosta;Rettilineo;Una carreggiata a senso unico di marcia;Asciutto;Asfaltata;Verticale ed orizzontale;Sereno;Scarso;Buona;;0;0;0;1;12.5092;41.8231;-1;2;Autovettura privata;In marcia / fermata / arresto;Conducente;M;Illeso;0;;;
5915728;11;13/04/2022 23:20:00;Strada Urbana;VIA DI GROTTA PERFETTA;all'intersezione con;VICOLO DELL'ANNUNZIATELLA;VICOLO DELL'ANNUNZIATELLA;;;Veicolo in marcia contro ostacolo fisso;Rotatoria;Una carreggiata a doppio senso;Asciutto;Asfaltata;Verticale ed orizzontale;Sereno;Scarso;Buona;;0;0;0;2;12.5109;41.8355;-1;1;Autovettura di polizia;In marcia / fermata / arresto;Conducente;M;Illeso;0;;Non accertato;
5915728;11;13/04/2022 23:20:00;Strada Urbana;VIA DI GROTTA PERFETTA;all'intersezione con;VICOLO DELL'ANNUNZIATELLA;VICOLO DELL'ANNUNZIATELLA;;;Veicolo in marcia contro ostacolo fisso;Rotatoria;Una carreggiata a doppio senso;Asciutto;Asfaltata;Verticale ed orizzontale;Sereno;Scarso;Buona;;0;0;0;2;12.5109;41.8355;-1;1;Autovettura di polizia;In marcia / fermata / arresto;Passeggero;M;Illeso;0;;Non accertato;
5915745;3;11/04/2022 18:30:00;Strada Urbana;PIAZZALE DELLE PROVINCIE;da specificare;;;;prox via Catania;Tamponamento;Rotatoria;Una carreggiata a senso unico di marcia;Asciutto;Asfaltata;Verticale ed orizzontale;Sereno;Intenso;Buona;;1;0;0;1;12.521;41.9095;-1;1;Motociclo a solo;In marcia / fermata / arresto;Conducente;F;Rimandato;0;NON DECEDUTO;;
5915745;3;11/04/2022 18:30:00;Strada Urbana;PIAZZALE DELLE PROVINCIE;da specificare;;;;prox via Catania;Tamponamento;Rotatoria;Una carreggiata a senso unico di marcia;Asciutto;Asfaltata;Verticale ed orizzontale;Sereno;Intenso;Buona;;1;0;0;1;12.521;41.9095;-1;2;Autovettura privata;In marcia / fermata / arresto;Conducente;M;Illeso;0;;;
5915748;11;14/04/2022 22:00:00;Strada Urbana;VIA DELLE MORATELLE;in prossimit�;;del palo luce n.;20;;Veicolo in marcia contro ostacolo fisso;Rettilineo;Una carreggiata a doppio senso;Asciutto;Asfaltata;Assente;Sereno;Scarso;Buona;;0;0;0;1;12.3447;41.8332;-1;1;Autovettura privata;In marcia / fermata / arresto;Conducente;M;Illeso;0;;Non accertato;
5915753;3;11/04/2022 18:55:00;Strada Urbana;CIRCONVALLAZIONE NOMENTANA;in prossimit�;;del civico n.;330;;Scontro laterale fra veicoli in marcia;Rettilineo;Una carreggiata a senso unico di marcia;Asciutto;Asfaltata;Verticale ed orizzontale;Sereno;Scarso;Buona;;0;0;0;3;12.5268;41.9183;-1;1;Autovettura privata;In marcia / fermata / arresto;Conducente;M;Illeso;0;;Non accertato;Inesploso
5915753;3;11/04/2022 18:55:00;Strada Urbana;CIRCONVALLAZIONE NOMENTANA;in prossimit�;;del civico n.;330;;Scontro laterale fra veicoli in marcia;Rettilineo;Una carreggiata a senso unico di marcia;Asciutto;Asfaltata;Verticale ed orizzontale;Sereno;Scarso;Buona;;0;0;0;3;12.5268;41.9183;-1;2;Autovettura privata;In marcia / fermata / arresto;Conducente;F;Illeso;0;;Non accertato;Inesploso
5915753;3;11/04/2022 18:55:00;Strada Urbana;CIRCONVALLAZIONE NOMENTANA;in prossimit�;;del civico n.;330;;Scontro laterale fra veicoli in marcia;Rettilineo;Una carreggiata a senso unico di marcia;Asciutto;Asfaltata;Verticale ed orizzontale;Sereno;Scarso;Buona;;0;0;0;3;12.5268;41.9183;-1;2;Autovettura privata;In marcia / fermata / arresto;Passeggero;F;Illeso;0;;Non accertato;Inesploso
5915756;11;14/04/2022 13:08:00;Strada Urbana;VIA ARDEATINA;all'intersezione con;VIA VIGGIANO;VIA VIGGIANO;;;Tamponamento Multiplo;Incrocio;Una carreggiata a doppio senso;Asciutto;Asfaltata;Verticale ed orizzontale;Nuvoloso;Normale;Buona;;0;0;0;3;12.5179;41.8336;-1;1;Autovettura privata;In marcia / fermata / arresto;Conducente;M;Illeso;0;;Non accertato;
5915756;11;14/04/2022 13:08:00;Strada Urbana;VIA ARDEATINA;all'intersezione con;VIA VIGGIANO;VIA VIGGIANO;;;Tamponamento Multiplo;Incrocio;Una carreggiata a doppio senso;Asciutto;Asfaltata;Verticale ed orizzontale;Nuvoloso;Normale;Buona;;0;0;0;3;12.5179;41.8336;-1;2;Autovettura privata;In marcia / fermata / arresto;Conducente;M;Illeso;0;;;
5915756;11;14/04/2022 13:08:00;Strada Urbana;VIA ARDEATINA;all'intersezione con;VIA VIGGIANO;VIA VIGGIANO;;;Tamponamento Multiplo;Incrocio;Una carreggiata a doppio senso;Asciutto;Asfaltata;Verticale ed orizzontale;Nuvoloso;Normale;Buona;;0;0;0;3;12.5179;41.8336;-1;3;Autovettura privata;In marcia / fermata / arresto;Conducente;M;Illeso;0;;;
5915757;10;15/04/2022 01:00:00;Strada Urbana;VIA AL QUARTO MIGLIO;all'intersezione con;VIA LAURENZANA;VIA LAURENZANA;;;Scontro frontale/laterale SX fra veicoli in marcia;Intersezione stradale segnalata;Una carreggiata a senso unico di marcia;Asciutto;Asfaltata;Verticale;Sereno;Scarso;Sufficiente;;1;0;0;1;12.5476;41.8449;-1;1;Autovettura privata;In marcia / fermata / arresto;Conducente;M;Rimandato;0;NON DECEDUTO;Non accertato;Esploso
5915757;10;15/04/2022 01:00:00;Strada Urbana;VIA AL QUARTO MIGLIO;all'intersezione con;VIA LAURENZANA;VIA LAURENZANA;;;Scontro frontale/laterale SX fra veicoli in marcia;Intersezione stradale segnalata;Una carreggiata a senso unico di marcia;Asciutto;Asfaltata;Verticale;Sereno;Scarso;Sufficiente;;1;0;0;1;12.5476;41.8449;-1;2;Autovettura privata;In marcia / fermata / arresto;Conducente;M;Illeso;0;;Non accertato;Esploso
5915764;3;11/04/2022 15:55:00;Strada Urbana;VIA TIBURTINA;all'intersezione con;VIA DEGLI ETRUSCHI;VIA DEGLI ETRUSCHI;;;Scontro frontale/laterale DX fra veicoli in marcia;Intersezione stradale segnalata;Una carreggiata a doppio senso;Asciutto;Asfaltata;Verticale ed orizzontale;Sereno;Intenso;Buona;;1;0;0;3;12.5147;41.8977;-1;1;Autovettura privata;In marcia / fermata / arresto;Conducente;M;Illeso;0;;;
5915764;3;11/04/2022 15:55:00;Strada Urbana;VIA TIBURTINA;all'intersezione con;VIA DEGLI ETRUSCHI;VIA DEGLI ETRUSCHI;;;Scontro frontale/laterale DX fra veicoli in marcia;Intersezione stradale segnalata;Una carreggiata a doppio senso;Asciutto;Asfaltata;Verticale ed orizzontale;Sereno;Intenso;Buona;;1;0;0;3;12.5147;41.8977;-1;1;Autovettura privata;In marcia / fermata / arresto;Passeggero;F;Illeso;0;;;
5915764;3;11/04/2022 15:55:00;Strada Urbana;VIA TIBURTINA;all'intersezione con;VIA DEGLI ETRUSCHI;VIA DEGLI ETRUSCHI;;;Scontro frontale/laterale DX fra veicoli in marcia;Intersezione stradale segnalata;Una carreggiata a doppio senso;Asciutto;Asfaltata;Verticale ed orizzontale;Sereno;Intenso;Buona;;1;0;0;3;12.5147;41.8977;-1;2;Ciclomotore con passeggero;In marcia / fermata / arresto;Conducente;M;Rifiuta cure immediate;0;NON DECEDUTO;;
5915764;3;11/04/2022 15:55:00;Strada Urbana;VIA TIBURTINA;all'intersezione con;VIA DEGLI ETRUSCHI;VIA DEGLI ETRUSCHI;;;Scontro frontale/laterale DX fra veicoli in marcia;Intersezione stradale segnalata;Una carreggiata a doppio senso;Asciutto;Asfaltata;Verticale ed orizzontale;Sereno;Intenso;Buona;;1;0;0;3;12.5147;41.8977;-1;2;Ciclomotore con passeggero;In marcia / fermata / arresto;Passeggero;M;Illeso;0;;;
5915770;11;14/04/2022 12:45:00;Strada Urbana;VIA GABRIELLO CHIABRERA;in corrispondenza;;del civico n.;33;;Veicolo in marcia contro veicoli in arresto;Rettilineo;Due carreggiate;Asciutto;Asfaltata;Orizzontale;Sereno;Normale;Buona;;0;0;0;5;12.4799;41.8553;-1;1;Autovettura privata;In marcia / fermata / arresto;Conducente;F;Illeso;0;;;
5915770;11;14/04/2022 12:45:00;Strada Urbana;VIA GABRIELLO CHIABRERA;in corrispondenza;;del civico n.;33;;Veicolo in marcia contro veicoli in arresto;Rettilineo;Due carreggiate;Asciutto;Asfaltata;Orizzontale;Sereno;Normale;Buona;;0;0;0;5;12.4799;41.8553;-1;1;Autovettura privata;In marcia / fermata / arresto;Passeggero;M;Illeso;0;;;
5915770;11;14/04/2022 12:45:00;Strada Urbana;VIA GABRIELLO CHIABRERA;in corrispondenza;;del civico n.;33;;Veicolo in marcia contro veicoli in arresto;Rettilineo;Due carreggiate;Asciutto;Asfaltata;Orizzontale;Sereno;Normale;Buona;;0;0;0;5;12.4799;41.8553;-1;2;Autovettura privata;In marcia / fermata / arresto;Conducente;M;Illeso;0;;;
5915770;11;14/04/2022 12:45:00;Strada Urbana;VIA GABRIELLO CHIABRERA;in corrispondenza;;del civico n.;33;;Veicolo in marcia contro veicoli in arresto;Rettilineo;Due carreggiate;Asciutto;Asfaltata;Orizzontale;Sereno;Normale;Buona;;0;0;0;5;12.4799;41.8553;-1;2;Autovettura privata;In marcia / fermata / arresto;Passeggero;M;Illeso;0;;;
5915770;11;14/04/2022 12:45:00;Strada Urbana;VIA GABRIELLO CHIABRERA;in corrispondenza;;del civico n.;33;;Veicolo in marcia contro veicoli in arresto;Rettilineo;Due carreggiate;Asciutto;Asfaltata;Orizzontale;Sereno;Normale;Buona;;0;0;0;5;12.4799;41.8553;-1;3;Autovettura privata;In marcia / fermata / arresto;Conducente;M;Illeso;0;;;
5915772;15;14/04/2022 15:00:00;Strada Urbana;VIA PORTUENSE;da specificare;;;;fronte civico 485;Tamponamento;Rettilineo;Una carreggiata a doppio senso;Asciutto;Asfaltata;Verticale ed orizzontale;Sereno;Normale;Buona;;0;0;0;3;12.414;41.8469;-1;1;Autovettura privata;In marcia / fermata / arresto;Conducente;M;Illeso;0;;Non accertato;Inesploso
5915772;15;14/04/2022 15:00:00;Strada Urbana;VIA PORTUENSE;da specificare;;;;fronte civico 485;Tamponamento;Rettilineo;Una carreggiata a doppio senso;Asciutto;Asfaltata;Verticale ed orizzontale;Sereno;Normale;Buona;;0;0;0;3;12.414;41.8469;-1;1;Autovettura privata;In marcia / fermata / arresto;Passeggero;F;Illeso;0;;Non accertato;Inesploso
5915772;15;14/04/2022 15:00:00;Strada Urbana;VIA PORTUENSE;da specificare;;;;fronte civico 485;Tamponamento;Rettilineo;Una carreggiata a doppio senso;Asciutto;Asfaltata;Verticale ed orizzontale;Sereno;Normale;Buona;;0;0;0;3;12.414;41.8469;-1;2;Autovettura privata;In marcia / fermata / arresto;Conducente;M;Illeso;0;;Non accertato;Inesploso
5915774;3;11/04/2022 14:40:00;Strada Urbana;CIRCONVALLAZIONE TIBURTINA;da specificare;;;;prox palo acea 34 direzione s. Giovanni;Tamponamento Multiplo;Rettilineo;Pi� di due carreggiate;Asciutto;Asfaltata;Verticale ed orizzontale;Sereno;Intenso;Buona;;1;0;0;2;12.5258;41.898;-1;1;Autovettura privata;In marcia / fermata / arresto;Conducente;F;Rimandato;0;NON DECEDUTO;;
5915774;3;11/04/2022 14:40:00;Strada Urbana;CIRCONVALLAZIONE TIBURTINA;da specificare;;;;prox palo acea 34 direzione s. Giovanni;Tamponamento Multiplo;Rettilineo;Pi� di due carreggiate;Asciutto;Asfaltata;Verticale ed orizzontale;Sereno;Intenso;Buona;;1;0;0;2;12.5258;41.898;-1;2;Autocarro inferiore 35 q.;In marcia / fermata / arresto;Conducente;M;Illeso;0;;;
5915774;3;11/04/2022 14:40:00;Strada Urbana;CIRCONVALLAZIONE TIBURTINA;da specificare;;;;prox palo acea 34 direzione s. Giovanni;Tamponamento Multiplo;Rettilineo;Pi� di due carreggiate;Asciutto;Asfaltata;Verticale ed orizzontale;Sereno;Intenso;Buona;;1;0;0;2;12.5258;41.898;-1;3;Autovettura privata;In marcia / fermata / arresto;Conducente;M;Illeso;0;;;
5915785;11;14/04/2022 18:00:00;Strada Urbana;VIA ROCCO DA CESINALE;all'intersezione con;VIA ANTONIO MANNUCCI;VIA ANTONIO MANNUCCI;;;Scontro frontale/laterale SX fra veicoli in marcia;Incrocio;Una carreggiata a senso unico di marcia;Asciutto;Asfaltata;Verticale;Sereno;Scarso;Buona;;0;0;0;2;12.4903;41.8649;-1;1;Autovettura privata;In marcia / fermata / arresto;Conducente;M;Illeso;0;;Non accertato;