Protocollo;Gruppo;DataOraIncidente;Localizzazione1;STRADA1;Localizzazione2;STRADA2;Strada02;Chilometrica;DaSpecificare;NaturaIncidente;particolaritastrade;TipoStrada;FondoStradale;Pavimentazione;Segnaletica;CondizioneAtmosferica;Traffico;Visibilita;Illuminazione;NUM_FERITI;NUM_RISERVATA;NUM_MORTI;NUM_ILLESI;Longitude;Latitude;Confermato;Progressivo;TipoVeicolo;StatoVeicolo;TipoPersona;Sesso;Tipolesione;Deceduto;DecedutoDopo;CinturaCascoUtilizzato;Airbag;
5918314;12;16/04/2022 18:15:00;Statale;VIA PONTINA;in corrispondenza;;della chilometrica;12.9;;Tamponamento;Rettilineo;Due carreggiate;Asciutto;Asfaltata;Verticale ed orizzontale;Sereno;Normale;Buona;;2;0;0;2;12.4522;41.794;-1;2;Motociclo con passeggero;In marcia / fermata / arresto;Conducente;M;Ricoverato;0;NON DECEDUTO;Non accertato;
5918314;12;16/04/2022 18:15:00;Statale;VIA PONTINA;in corrispondenza;;della chilometrica;12.9;;Tamponamento;Rettilineo;Due carreggiate;Asciutto;Asfaltata;Verticale ed orizzontale;Sereno;Normale;Buona;;2;0;0;2;12.4522;41.794;-1;2;Motociclo con passeggero;In marcia / fermata / arresto;Passeggero;F;Rimandato;0;NON DECEDUTO;Non accertato;
5918324;12;16/04/2022 20:10:00;Strada Urbana;VIA OSTIENSE;all'intersezione con;VIA DEL RISARO;VIA DEL RISARO;;;Scontro laterale fra veicoli in marcia;Incrocio;Due carreggiate;Asciutto;Asfaltata;Verticale ed orizzontale;Sereno;Normale;Sufficiente;;0;0;0;2;12.4229;41.8109;-1;1;Autocarro inferiore 35 q.;In marcia / fermata / arresto;Conducente;M;Illeso;0;;Non accertato;Inesploso
5918324;12;16/04/2022 20:10:00;Strada Urbana;VIA OSTIENSE;all'intersezione con;VIA DEL RISARO;VIA DEL RISARO;;;Scontro laterale fra veicoli in marcia;Incrocio;Due carreggiate;Asciutto;Asfaltata;Verticale ed orizzontale;Sereno;Normale;Sufficiente;;0;0;0;2;12.4229;41.8109;-1;2;Autovettura privata;In marcia / fermata / arresto;Conducente;M;Illeso;0;;Non accertato;Inesploso
5918340;11;16/04/2022 12:25:00;Strada Urbana;LARGO LEO LONGANESI;in prossimit�;;del civico n.;8;;Scontro laterale fra veicoli in marcia;Curva senza visuale libera;Una carreggiata a senso unico di marcia;Asciutto;Asfaltata;Verticale;Sereno;Scarso;Buona;;2;0;0;1;12.4917;41.8418;-1;1;Autocarro inferiore 35 q.;In marcia / fermata / arresto;Conducente;M;Illeso;0;;Non accertato;
5918340;11;16/04/2022 12:25:00;Strada Urbana;LARGO LEO LONGANESI;in prossimit�;;del civico n.;8;;Scontro laterale fra veicoli in marcia;Curva senza visuale libera;Una carreggiata a senso unico di marcia;Asciutto;Asfaltata;Verticale;Sereno;Scarso;Buona;;2;0;0;1;12.4917;41.8418;-1;2;Motociclo con passeggero;In marcia / fermata / arresto;Conducente;M;Rifiuta cure immediate;0;NON DECEDUTO;Non accertato;
5918340;11;16/04/2022 12:25:00;Strada Urbana;LARGO LEO LONGANESI;in prossimit�;;del civico n.;8;;Scontro laterale fra veicoli in marcia;Curva senza visuale libera;Una carreggiata a senso unico di marcia;Asciutto;Asfaltata;Verticale;Sereno;Scarso;Buona;;2;0;0;1;12.4917;41.8418;-1;2;Motociclo con passeggero;In marcia / fermata / arresto;Passeggero;M;Rifiuta cure immediate;0;NON DECEDUTO;Non accertato;
5918344;1;16/04/2022 13:40:00;Strada Urbana;VIA FERDINANDO DI SAVOIA;all'intersezione con;VIA MARIA ADELAIDE;VIA MARIA ADELAIDE;;;Scontro laterale fra veicoli in marcia;Intersezione stradale segnalata;Una carreggiata a senso unico di marcia;Asciutto;Asfaltata;Verticale ed orizzontale;Sereno;Normale;Buona;;0;0;0;3;12.4746;41.9103;-1;1;Autovettura privata;In marcia / fermata / arresto;Conducente;M;Illeso;0;;;
5918344;1;16/04/2022 13:40:00;Strada Urbana;VIA FERDINANDO DI SAVOIA;all'intersezione con;VIA MARIA ADELAIDE;VIA MARIA ADELAIDE;;;Scontro laterale fra veicoli in marcia;Intersezione stradale segnalata;Una carreggiata a senso unico di marcia;Asciutto;Asfaltata;Verticale ed orizzontale;Sereno;Normale;Buona;;0;0;0;3;12.4746;41.9103;-1;2;Autovettura privata;In marcia / fermata / arresto;Conducente;M;Illeso;0;;;
5918344;1;16/04/2022 13:40:00;Strada Urbana;VIA FERDINANDO DI SAVOIA;all'intersezione con;VIA MARIA ADELAIDE;VIA MARIA ADELAIDE;;;Scontro laterale fra veicoli in marcia;Intersezione stradale segnalata;Una carreggiata a senso unico di marcia;Asciutto;Asfaltata;Verticale ed orizzontale;Sereno;Normale;Buona;;0;0;0;3;12.4746;41.9103;-1;2;Autovettura privata;In marcia / fermata / arresto;Passeggero;M;Illeso;0;;;
5918349;11;16/04/2022 13:30:00;Strada Urbana;VIA DELL'AEROSCALO;da specificare;;;;VIA APPIA NUOVA;Scontro frontale/laterale SX fra veicoli in marcia;Rettilineo;Una carreggiata a doppio senso;Asciutto;Asfaltata;Verticale ed orizzontale;Sereno;Scarso;Buona;;0;0;0;5;12.5859;41.7958;-1;1;Autovettura privata;In marcia / fermata / arresto;Conducente;F;Illeso;0;;;
5918349;11;16/04/2022 13:30:00;Strada Urbana;VIA DELL'AEROSCALO;da specificare;;;;VIA APPIA NUOVA;Scontro frontale/laterale SX fra veicoli in marcia;Rettilineo;Una carreggiata a doppio senso;Asciutto;Asfaltata;Verticale ed orizzontale;Sereno;Scarso;Buona;;0;0;0;5;12.5859;41.7958;-1;1;Autovettura privata;In marcia / fermata / arresto;Passeggero;F;Illeso;0;;;
5918349;11;16/04/2022 13:30:00;Strada Urbana;VIA DELL'AEROSCALO;da specificare;;;;VIA APPIA NUOVA;Scontro frontale/laterale SX fra veicoli in marcia;Rettilineo;Una carreggiata a doppio senso;Asciutto;Asfaltata;Verticale ed orizzontale;Sereno;Scarso;Buona;;0;0;0;5;12.5859;41.7958;-1;1;Autovettura privata;In marcia / fermata / arresto;Passeggero;F;Illeso;0;;;
5918349;11;16/04/2022 13:30:00;Strada Urbana;VIA DELL'AEROSCALO;da specificare;;;;VIA APPIA NUOVA;Scontro frontale/laterale SX fra veicoli in marcia;Rettilineo;Una carreggiata a doppio senso;Asciutto;Asfaltata;Verticale ed orizzontale;Sereno;Scarso;Buona;;0;0;0;5;12.5859;41.7958;-1;2;Autovettura privata;In marcia / fermata / arresto;Conducente;M;Illeso;0;;;
5918349;11;16/04/2022 13:30:00;Strada Urbana;VIA DELL'AEROSCALO;da specificare;;;;VIA APPIA NUOVA;Scontro frontale/laterale SX fra veicoli in marcia;Rettilineo;Una carreggiata a doppio senso;Asciutto;Asfaltata;Verticale ed orizzontale;Sereno;Scarso;Buona;;0;0;0;5;12.5859;41.7958;-1;2;Autovettura privata;In marcia / fermata / arresto;Passeggero;M;Illeso;0;;;
5918350;20;15/04/2022 23:15:00;Strada Urbana;VIA FLAMINIA NUOVA;da specificare;;;;fermata bus n.72341(Flaminia/SaxaRubra);Scontro laterale fra veicoli in marcia;Rettilineo;Una carreggiata a doppio senso;Asciutto;Asfaltata;Orizzontale;Sereno;Scarso;Buona;;0;0;0;2;12.4792;41.9609;-1;1;Autovettura privata;In marcia / fermata / arresto;Conducente;M;Illeso;0;;;
5918350;20;15/04/2022 23:15:00;Strada Urbana;VIA FLAMINIA NUOVA;da specificare;;;;fermata bus n.72341(Flaminia/SaxaRubra);Scontro laterale fra veicoli in marcia;Rettilineo;Una carreggiata a doppio senso;Asciutto;Asfaltata;Orizzontale;Sereno;Scarso;Buona;;0;0;0;2;12.4792;41.9609;-1;2;Autovettura privata;In marcia / fermata / arresto;Conducente;M;Illeso;0;;;
5918353;1;17/04/2022 05:20:00;Strada Urbana;LUNGOTEVERE TESTACCIO;da specificare;;;;FRONTE INTERSEZIONE VIA G. FERRARIS;Veicolo in marcia contro veicoli in sosta;Curva a visuale libera;Una carreggiata a doppio senso;Asciutto;Asfaltata;Verticale ed orizzontale;Sereno;Scarso;Sufficiente;;0;0;0;1;12.4707;41.878;-1;1;Autovettura privata;In marcia / fermata / arresto;Conducente;M;Illeso;0;;;
5918353;1;17/04/2022 05:20:00;Strada Urbana;LUNGOTEVERE TESTACCIO;da specificare;;;;FRONTE INTERSEZIONE VIA G. FERRARIS;Veicolo in marcia contro veicoli in sosta;Curva a visuale libera;Una carreggiata a doppio senso;Asciutto;Asfaltata;Verticale ed orizzontale;Sereno;Scarso;Sufficiente;;0;0;0;1;12.4707;41.878;-1;2;Autovettura privata;Sosta;;;;;;;
5918353;1;17/04/2022 05:20:00;Strada Urbana;LUNGOTEVERE TESTACCIO;da specificare;;;;FRONTE INTERSEZIONE VIA G. FERRARIS;Veicolo in marcia contro veicoli in sosta;Curva a visuale libera;Una carreggiata a doppio senso;Asciutto;Asfaltata;Verticale ed orizzontale;Sereno;Scarso;Sufficiente;;0;0;0;1;12.4707;41.878;-1;3;Autovettura privata;Sosta;;;;;;;
5918353;1;17/04/2022 05:20:00;Strada Urbana;LUNGOTEVERE TESTACCIO;da specificare;;;;FRONTE INTERSEZIONE VIA G. FERRARIS;Veicolo in marcia contro veicoli in sosta;Curva a visuale libera;Una carreggiata a doppio senso;Asciutto;Asfaltata;Verticale ed orizzontale;Sereno;Scarso;Sufficiente;;0;0;0;1;12.4707;41.878;-1;4;Autovettura privata;Sosta;;;;;;;
5918353;1;17/04/2022 05:20:00;Strada Urbana;LUNGOTEVERE TESTACCIO;da specificare;;;;FRONTE INTERSEZIONE VIA G. FERRARIS;Veicolo in marcia contro veicoli in sosta;Curva a visuale libera;Una carreggiata a doppio senso;Asciutto;Asfaltata;Verticale ed orizzontale;Sereno;Scarso;Sufficiente;;0;0;0;1;12.4707;41.878;-1;5;Autovettura privata;Sosta;;;;;;;
5918353;1;17/04/2022 05:20:00;Strada Urbana;LUNGOTEVERE TESTACCIO;da specificare;;;;FRONTE INTERSEZIONE VIA G. FERRARIS;Veicolo in marcia contro veicoli in sosta;Curva a visuale libera;Una carreggiata a doppio senso;Asciutto;Asfaltata;Verticale ed orizzontale;Sereno;Scarso;Sufficiente;;0;0;0;1;12.4707;41.878;-1;6;Autovettura privata;Sosta;;;;;;;
5918353;1;17/04/2022 05:20:00;Strada Urbana;LUNGOTEVERE TESTACCIO;da specificare;;;;FRONTE INTERSEZIONE VIA G. FERRARIS;Veicolo in marcia contro veicoli in sosta;Curva a visuale libera;Una carreggiata a doppio senso;Asciutto;Asfaltata;Verticale ed orizzontale;Sereno;Scarso;Sufficiente;;0;0;0;1;12.4707;41.878;-1;7;Autovettura privata;Sosta;;;;;;;
5918353;1;17/04/2022 05:20:00;Strada Urbana;LUNGOTEVERE TESTACCIO;da specificare;;;;FRONTE INTERSEZIONE VIA G. FERRARIS;Veicolo in marcia contro veicoli in sosta;Curva a visuale libera;Una carreggiata a doppio senso;Asciutto;Asfaltata;Verticale ed orizzontale;Sereno;Scarso;Sufficiente;;0;0;0;1;12.4707;41.878;-1;8;Autovettura privata;Sosta;;;;;;;
5918357;20;16/04/2022 09:20:00;Statale entro l'abitato;VIA CASSIA;da specificare;;;;VIA CAPPELLETTA DELLA GIUSTINIANA P. PALO ACEA2353;Investimento di pedone;Rettilineo;Una carreggiata a doppio senso;Asciutto;Asfaltata;Verticale ed orizzontale;Sereno;Normale;Sufficiente;;1;0;0;1;12.4137;41.9828;-1;;;;Pedone;F;Rimandato;0;NON DECEDUTO;;
5918357;20;16/04/2022 09:20:00;Statale entro l'abitato;VIA CASSIA;da specificare;;;;VIA CAPPELLETTA DELLA GIUSTINIANA P. PALO ACEA2353;Investimento di pedone;Rettilineo;Una carreggiata a doppio senso;Asciutto;Asfaltata;Verticale ed orizzontale;Sereno;Normale;Sufficiente;;1;0;0;1;12.4137;41.9828;-1;1;Autovettura privata;In marcia / fermata / arresto;Conducente;F;Illeso;0;;;
5918359;10;15/04/2022 14:20:00;Strada Urbana;VIA APPIA NUOVA;da specificare;;;;altezza Via di san Tarcisio;Tamponamento;Rettilineo;Due carreggiate;Asciutto;Asfaltata;Verticale ed orizzontale;Sereno;Normale;Buona;;0;0;0;2;12.5514;41.8434;-1;1;Autovettura privata;In marcia / fermata / arresto;Conducente;M;Illeso;0;;Non accertato;
5918359;10;15/04/2022 14:20:00;Strada Urbana;VIA APPIA NUOVA;da specificare;;;;altezza Via di san Tarcisio;Tamponamento;Rettilineo;Due carreggiate;Asciutto;Asfaltata;Verticale ed orizzontale;Sereno;Normale;Buona;;0;0;0;2;12.5514;41.8434;-1;2;Autovettura privata;In marcia / fermata / arresto;Conducente;M;Illeso;0;;;
5918361;10;15/04/2022 19:00:00;Strada Urbana;VIA ENRICO FERRI;da specificare;;;;area parcheggio inteno att. comm.le "Ipercarni";Scontro frontale fra veicoli in marcia;Rettilineo;Una carreggiata a senso unico di marcia;Asciutto;Asfaltata;Orizzontale;Sereno;Normale;Buona;;0;0;0;4;12.5988;41.8505;-1;1;Autovettura privata;In marcia / fermata / arresto;Conducente;M;Illeso;0;;Non accertato;Inesploso
5918361;10;15/04/2022 19:00:00;Strada Urbana;VIA ENRICO FERRI;da specificare;;;;area parcheggio inteno att. comm.le "Ipercarni";Scontro frontale fra veicoli in marcia;Rettilineo;Una carreggiata a senso unico di marcia;Asciutto;Asfaltata;Orizzontale;Sereno;Normale;Buona;;0;0;0;4;12.5988;41.8505;-1;1;Autovettura privata;In marcia / fermata / arresto;Passeggero;M;Illeso;0;;;
5918361;10;15/04/2022 19:00:00;Strada Urbana;VIA ENRICO FERRI;da specificare;;;;area parcheggio inteno att. comm.le "Ipercarni";Scontro frontale fra veicoli in marcia;Rettilineo;Una carreggiata a senso unico di marcia;Asciutto;Asfaltata;Orizzontale;Sereno;Normale;Buona;;0;0;0;4;12.5988;41.8505;-1;1;Autovettura privata;In marcia / fermata / arresto;Passeggero;M;Illeso;0;;;
5918361;10;15/04/2022 19:00:00;Strada Urbana;VIA ENRICO FERRI;da specificare;;;;area parcheggio inteno att. comm.le "Ipercarni";Scontro frontale fra veicoli in marcia;Rettilineo;Una carreggiata a senso unico di marcia;Asciutto;Asfaltata;Orizzontale;Sereno;Normale;Buona;;0;0;0;4;12.5988;41.8505;-1;2;Autocarro inferiore 35 q.;In marcia / fermata / arresto;Conducente;M;Illeso;0;;;
5918362;20;16/04/2022 10:30:00;Strada Urbana;LUNGOTEVERE MARESCIALLO CADORNA;da specificare;;;;PROSS. MORRA DI LAVRIANO;Scontro laterale fra veicoli in marcia;Rettilineo;Una carreggiata a doppio senso;Asciutto;Asfaltata;Verticale ed orizzontale;Sereno;Normale;Buona;;0;0;0;2;12.4582;41.928;-1;1;Autovettura privata;In marcia / fermata / arresto;Conducente;F;Illeso;0;;Non accertato;
5918362;20;16/04/2022 10:30:00;Strada Urbana;LUNGOTEVERE MARESCIALLO CADORNA;da specificare;;;;PROSS. MORRA DI LAVRIANO;Scontro laterale fra veicoli in marcia;Rettilineo;Una carreggiata a doppio senso;Asciutto;Asfaltata;Verticale ed orizzontale;Sereno;Normale;Buona;;0;0;0;2;12.4582;41.928;-1;2;Autovettura privata;In marcia / fermata / arresto;Conducente;M;Illeso;0;;;
5918363;10;16/04/2022 02:00:00;Strada Urbana;VIA FABRIZIO LUSCINO;all'intersezione con;VIA LUCIO SESTIO;VIA LUCIO SESTIO;;;Scontro frontale/laterale SX fra veicoli in marcia;Incrocio;Una carreggiata a senso unico di marcia;Asciutto;Asfaltata;Verticale ed orizzontale;Sereno;Normale;Buona;;0;0;0;2;12.5542;41.8568;-1;1;Autovettura privata;In marcia / fermata / arresto;Conducente;F;Illeso;0;;Non accertato;Esploso
5918363;10;16/04/2022 02:00:00;Strada Urbana;VIA FABRIZIO LUSCINO;all'intersezione con;VIA LUCIO SESTIO;VIA LUCIO SESTIO;;;Scontro frontale/laterale SX fra veicoli in marcia;Incrocio;Una carreggiata a senso unico di marcia;Asciutto;Asfaltata;Verticale ed orizzontale;Sereno;Normale;Buona;;0;0;0;2;12.5542;41.8568;-1;2;Autovettura privata;In marcia / fermata / arresto;Conducente;M;Illeso;0;;Non accertato;Inesploso
5918365;20;16/04/2022 12:15:00;Provinciale entro l'abitato;VIA TIBERINA;in prossimit�;;del civico n.;184;;Ribaltamento senza urto contro ostacolo fisso;Curva a visuale libera;Una carreggiata a doppio senso;Asciutto;Asfaltata;Verticale ed orizzontale;Sereno;Normale;Buona;;1;0;0;2;12.503;42.0128;-1;1;Autovettura privata;In marcia / fermata / arresto;Conducente;M;Illeso;0;;;
5918365;20;16/04/2022 12:15:00;Provinciale entro l'abitato;VIA TIBERINA;in prossimit�;;del civico n.;184;;Ribaltamento senza urto contro ostacolo fisso;Curva a visuale libera;Una carreggiata a doppio senso;Asciutto;Asfaltata;Verticale ed orizzontale;Sereno;Normale;Buona;;1;0;0;2;12.503;42.0128;-1;1;Autovettura privata;In marcia / fermata / arresto;Passeggero;F;Illeso;0;;;
5918365;20;16/04/2022 12:15:00;Provinciale entro l'abitato;VIA TIBERINA;in prossimit�;;del civico n.;184;;Ribaltamento senza urto contro ostacolo fisso;Curva a visuale libera;Una carreggiata a doppio senso;Asciutto;Asfaltata;Verticale ed orizzontale;Sereno;Normale;Buona;;1;0;0;2;12.503;42.0128;-1;2;Motociclo a solo;In marcia / fermata / arresto;Conducente;M;Rimandato;0;NON DECEDUTO;;
5918366;10;16/04/2022 17:50:00;Strada Urbana;VIA TUSCOLANA;all'intersezione semaforizzata con;VIA LUCIO SESTIO;VIA LUCIO SESTIO;;;Investimento di pedone;Intersezione semaforizzata;Due carreggiate;Asciutto;Asfaltata;Verticale ed orizzontale;Sereno;Normale;Buona;;2;0;0;1;12.5571;41.8598;-1;;;;Pedone;F;Rimandato;0;NON DECEDUTO;;
5918366;10;16/04/2022 17:50:00;Strada Urbana;VIA TUSCOLANA;all'intersezione semaforizzata con;VIA LUCIO SESTIO;VIA LUCIO SESTIO;;;Investimento di pedone;Intersezione semaforizzata;Due carreggiate;Asciutto;Asfaltata;Verticale ed orizzontale;Sereno;Normale;Buona;;2;0;0;1;12.5571;41.8598;-1;;;;Pedone;M;Rifiuta cure immediate;0;NON DECEDUTO;;
5918366;10;16/04/2022 17:50:00;Strada Urbana;VIA TUSCOLANA;all'intersezione semaforizzata con;VIA LUCIO SESTIO;VIA LUCIO SESTIO;;;Investimento di pedone;Intersezione semaforizzata;Due carreggiate;Asciutto;Asfaltata;Verticale ed orizzontale;Sereno;Normale;Buona;;2;0;0;1;12.5571;41.8598;-1;1;Monopattino elettrico;In marcia / fermata / arresto;Conducente;F;Illeso;0;;Esente;Inesistente
5918371;20;16/04/2022 16:10:00;Strada Urbana;VIA DELLA CAMILLUCCIA;in corrispondenza;;del civico n.;697;;Veicolo in marcia contro ostacolo fisso;Rettilineo;Una carreggiata a doppio senso;Asciutto;Asfaltata;Orizzontale;Sereno;Scarso;Buona;;1;0;0;0;12.4556;41.9497;-1;1;Ciclomotore;In marcia / fermata / arresto;Conducente;M;Rimandato;0;NON DECEDUTO;;
5918378;11;16/04/2022 21:30:00;Strada Urbana;VIA CRISTOFORO COLOMBO;da specificare;;;;pross.t� civico 157 - palo luce n. 59;Tamponamento;Rettilineo;Pi� di due carreggiate;Asciutto;Asfaltata;Verticale ed orizzontale;Sereno;Normale;Buona;;0;0;0;5;12.497;41.8658;-1;1;Autovettura privata;In marcia / fermata / arresto;Conducente;M;Illeso;0;;;
5918378;11;16/04/2022 21:30:00;Strada Urbana;VIA CRISTOFORO COLOMBO;da specificare;;;;pross.t� civico 157 - palo luce n. 59;Tamponamento;Rettilineo;Pi� di due carreggiate;Asciutto;Asfaltata;Verticale ed orizzontale;Sereno;Normale;Buona;;0;0;0;5;12.497;41.8658;-1;1;Autovettura privata;In marcia / fermata / arresto;Passeggero;F;Illeso;0;;;
5918378;11;16/04/2022 21:30:00;Strada Urbana;VIA CRISTOFORO COLOMBO;da specificare;;;;pross.t� civico 157 - palo luce n. 59;Tamponamento;Rettilineo;Pi� di due carreggiate;Asciutto;Asfaltata;Verticale ed orizzontale;Sereno;Normale;Buona;;0;0;0;5;12.497;41.8658;-1;2;Autovettura privata;In marcia / fermata / arresto;Conducente;F;Illeso;0;;;
5918378;11;16/04/2022 21:30:00;Strada Urbana;VIA CRISTOFORO COLOMBO;da specificare;;;;pross.t� civico 157 - palo luce n. 59;Tamponamento;Rettilineo;Pi� di due carreggiate;Asciutto;Asfaltata;Verticale ed orizzontale;Sereno;Normale;Buona;;0;0;0;5;12.497;41.8658;-1;2;Autovettura privata;In marcia / fermata / arresto;Passeggero;F;Illeso;0;;;
5918378;11;16/04/2022 21:30:00;Strada Urbana;VIA CRISTOFORO COLOMBO;da specificare;;;;pross.t� civico 157 - palo luce n. 59;Tamponamento;Rettilineo;Pi� di due carreggiate;Asciutto;Asfaltata;Verticale ed orizzontale;Sereno;Normale;Buona;;0;0;0;5;12.497;41.8658;-1;2;Autovettura privata;In marcia / fermata / arresto;Passeggero;M;Illeso;0;;;
5918379;20;16/04/2022 16:40:00;Strada Urbana;VIA CASSIA;in corrispondenza;;del civico n.;F.405;;Veicolo in marcia contro ostacolo accidentale;Rettilineo;Una carreggiata a doppio senso;Asciutto;Asfaltata;Orizzontale;Sereno;Normale;Buona;;1;0;0;0;12.4137;41.9828;-1;1;Ciclomotore;In marcia / fermata / arresto;Conducente;M;Rimandato;0;NON DECEDUTO;;
5918380;10;16/04/2022 23:25:00;Strada Urbana;VIALE TITO LABIENO;all'intersezione semaforizzata con;VIA QUINTILIO VARO;VIA QUINTILIO VARO;;;Scontro frontale/laterale DX fra veicoli in marcia;Intersezione semaforizzata;Due carreggiate;Asciutto;Asfaltata;Verticale ed orizzontale;Nuvoloso;Scarso;Buona;;3;0;0;0;12.5664;41.8528;-1;1;Autovettura privata;In marcia / fermata / arresto;Conducente;M;Rimandato;0;NON DECEDUTO;Non accertato;Inesploso
5918380;10;16/04/2022 23:25:00;Strada Urbana;VIALE TITO LABIENO;all'intersezione semaforizzata con;VIA QUINTILIO VARO;VIA QUINTILIO VARO;;;Scontro frontale/laterale DX fra veicoli in marcia;Intersezione semaforizzata;Due carreggiate;Asciutto;Asfaltata;Verticale ed orizzontale;Nuvoloso;Scarso;Buona;;3;0;0;0;12.5664;41.8528;-1;2;Autovettura privata;In marcia / fermata / arresto;Conducente;F;Rimandato;0;NON DECEDUTO;Non accertato;Inesploso
5918380;10;16/04/2022 23:25:00;Strada Urbana;VIALE TITO LABIENO;all'intersezione semaforizzata con;VIA QUINTILIO VARO;VIA QUINTILIO VARO;;;Scontro frontale/laterale DX fra veicoli in marcia;Intersezione semaforizzata;Due carreggiate;Asciutto;Asfaltata;Verticale ed orizzontale;Nuvoloso;Scarso;Buona;;3;0;0;0;12.5664;41.8528;-1;2;Autovettura privata;In marcia / fermata / arresto;Passeggero;F;Rimandato;0;NON DECEDUTO;Non accertato;Esploso
5918380;10;16/04/2022 23:25:00;Strada Urbana;VIALE TITO LABIENO;all'intersezione semaforizzata con;VIA QUINTILIO VARO;VIA QUINTILIO VARO;;;Scontro frontale/laterale DX fra veicoli in marcia;Intersezione semaforizzata;Due carreggiate;Asciutto;Asfaltata;Verticale ed orizzontale;Nuvoloso;Scarso;Buona;;3;0;0;0;12.5664;41.8528;-1;3;Autovettura privata;Sosta;;;;;;;
5918381;7;15/04/2022 08:45:00;Strada Urbana;VIA DEI LICHENI;all'intersezione con;VIA DELLE MIMOSE;VIA DELLE MIMOSE;;;Tamponamento;Incrocio;Una carreggiata a senso unico di marcia;Asciutto;Asfaltata;Verticale ed orizzontale;Nuvoloso;Normale;Buona;;1;0;0;1;12.5704;41.8764;-1;1;Autovettura privata;In marcia / fermata / arresto;Conducente;M;Illeso;0;;Non accertato;Inesploso
5918381;7;15/04/2022 08:45:00;Strada Urbana;VIA DEI LICHENI;all'intersezione con;VIA DELLE MIMOSE;VIA DELLE MIMOSE;;;Tamponamento;Incrocio;Una carreggiata a senso unico di marcia;Asciutto;Asfaltata;Verticale ed orizzontale;Nuvoloso;Normale;Buona;;1;0;0;1;12.5704;41.8764;-1;2;Motociclo a solo;In marcia / fermata / arresto;Conducente;M;Rimandato;0;NON DECEDUTO;Non accertato;
5918395;7;15/04/2022 13:15:00;Strada Urbana;VIA ANGELO VISCOGLIOSI;in corrispondenza;;del palo luce n.;7;;Veicolo in marcia contro veicoli in sosta;Rettilineo;Una carreggiata a doppio senso;Asciutto;Asfaltata;Verticale ed orizzontale;Sereno;Normale;Buona;;1;0;0;0;12.5898;41.8822;-1;1;Autovettura privata;In marcia / fermata / arresto;Conducente;M;Rimandato;0;NON DECEDUTO;;Esploso
5918395;7;15/04/2022 13:15:00;Strada Urbana;VIA ANGELO VISCOGLIOSI;in corrispondenza;;del palo luce n.;7;;Veicolo in marcia contro veicoli in sosta;Rettilineo;Una carreggiata a doppio senso;Asciutto;Asfaltata;Verticale ed orizzontale;Sereno;Normale;Buona;;1;0;0;0;12.5898;41.8822;-1;2;Autovettura privata;Sosta;;;;;;;
5918395;7;15/04/2022 13:15:00;Strada Urbana;VIA ANGELO VISCOGLIOSI;in corrispondenza;;del palo luce n.;7;;Veicolo in marcia contro veicoli in sosta;Rettilineo;Una carreggiata a doppio senso;Asciutto;Asfaltata;Verticale ed orizzontale;Sereno;Normale;Buona;;1;0;0;0;12.5898;41.8822;-1;3;Autovettura privata;Sosta;;;;;;;
5918403;11;17/04/2022 04:00:00;Strada Urbana;CIRCONVALLAZIONE OSTIENSE;in prossimit�;;del palo luce n.;68;;Veicolo in marcia contro veicoli in sosta;Rettilineo;Due carreggiate;Asciutto;Asfaltata;Verticale ed orizzontale;Sereno;Scarso;Buona;;1;0;0;0;12.4906;41.8674;-1;1;Autovettura privata;In marcia / fermata / arresto;Conducente;M;Rimandato;0;NON DECEDUTO;Non accertato;Inesploso
5918403;11;17/04/2022 04:00:00;Strada Urbana;CIRCONVALLAZIONE OSTIENSE;in prossimit�;;del palo luce n.;68;;Veicolo in marcia contro veicoli in sosta;Rettilineo;Due carreggiate;Asciutto;Asfaltata;Verticale ed orizzontale;Sereno;Scarso;Buona;;1;0;0;0;12.4906;41.8674;-1;2;Autovettura privata;Sosta;;;;;;;
5918403;11;17/04/2022 04:00:00;Strada Urbana;CIRCONVALLAZIONE OSTIENSE;in prossimit�;;del palo luce n.;68;;Veicolo in marcia contro veicoli in sosta;Rettilineo;Due carreggiate;Asciutto;Asfaltata;Verticale ed orizzontale;Sereno;Scarso;Buona;;1;0;0;0;12.4906;41.8674;-1;3;Autovettura privata;Sosta;;;;;;;
5918464;19;16/04/2022 14:00:00;Strada Urbana;VIA MATTIA BATTISTINI;all'intersezione semaforizzata con;VIA DEL FORTE BRASCHI;VIA DEL FORTE BRASCHI;;;Scontro frontale/laterale SX fra veicoli in marcia;Incrocio;Una carreggiata a doppio senso;Asciutto;Asfaltata;Verticale ed orizzontale;Sereno;Scarso;Buona;;0;0;0;2;12.4185;41.9127;-1;1;Autovettura privata;In marcia / fermata / arresto;Conducente;M;Illeso;0;;Non accertato;Inesploso
5918464;19;16/04/2022 14:00:00;Strada Urbana;VIA MATTIA BATTISTINI;all'intersezione semaforizzata con;VIA DEL FORTE BRASCHI;VIA DEL FORTE BRASCHI;;;Scontro frontale/laterale SX fra veicoli in marcia;Incrocio;Una carreggiata a doppio senso;Asciutto;Asfaltata;Verticale ed orizzontale;Sereno;Scarso;Buona;;0;0;0;2;12.4185;41.9127;-1;2;Motociclo a solo;In marcia / fermata / arresto;Conducente;M;Illeso;0;;Non accertato;
5918468;19;16/04/2022 18:50:00;Strada Urbana;VIA ANGELO FAVA;in corrispondenza;;del civico n.;2d;;Investimento di pedone;Rettilineo;Una carreggiata a senso unico di marcia;Asciutto;Asfaltata;Orizzontale;Sereno;Scarso;Buona;;1;0;0;1;12.4252;41.9441;-1;;;;Pedone;M;Rifiuta cure immediate;0;NON DECEDUTO;;