Protocollo;Gruppo;DataOraIncidente;Localizzazione1;STRADA1;Localizzazione2;STRADA2;Strada02;Chilometrica;DaSpecificare;NaturaIncidente;particolaritastrade;TipoStrada;FondoStradale;Pavimentazione;Segnaletica;CondizioneAtmosferica;Traffico;Visibilita;Illuminazione;NUM_FERITI;NUM_RISERVATA;NUM_MORTI;NUM_ILLESI;Longitude;Latitude;Confermato;Progressivo;TipoVeicolo;StatoVeicolo;TipoPersona;Sesso;Tipolesione;Deceduto;DecedutoDopo;CinturaCascoUtilizzato;Airbag;
5918947;20;17/04/2022 13:15:00;Provinciale;VIA VEIENTANA NUOVA;da specificare;;;;direzione Viterbo alt. uscita Prima Porta;Tamponamento Multiplo;Rettilineo;Due carreggiate;Asciutto;Asfaltata;Orizzontale;Sereno;Normale;Buona;;3;0;0;8;12.4318;42.0271;-1;3;Autovettura privata;In marcia / fermata / arresto;Passeggero;F;Rimandato;0;NON DECEDUTO;Non accertato;
5918947;20;17/04/2022 13:15:00;Provinciale;VIA VEIENTANA NUOVA;da specificare;;;;direzione Viterbo alt. uscita Prima Porta;Tamponamento Multiplo;Rettilineo;Due carreggiate;Asciutto;Asfaltata;Orizzontale;Sereno;Normale;Buona;;3;0;0;8;12.4318;42.0271;-1;3;Autovettura privata;In marcia / fermata / arresto;Passeggero;M;Illeso;0;;Non accertato;
5918947;20;17/04/2022 13:15:00;Provinciale;VIA VEIENTANA NUOVA;da specificare;;;;direzione Viterbo alt. uscita Prima Porta;Tamponamento Multiplo;Rettilineo;Due carreggiate;Asciutto;Asfaltata;Orizzontale;Sereno;Normale;Buona;;3;0;0;8;12.4318;42.0271;-1;4;Autovettura privata;In marcia / fermata / arresto;Conducente;M;Illeso;0;;Non accertato;
5918947;20;17/04/2022 13:15:00;Provinciale;VIA VEIENTANA NUOVA;da specificare;;;;direzione Viterbo alt. uscita Prima Porta;Tamponamento Multiplo;Rettilineo;Due carreggiate;Asciutto;Asfaltata;Orizzontale;Sereno;Normale;Buona;;3;0;0;8;12.4318;42.0271;-1;4;Autovettura privata;In marcia / fermata / arresto;Passeggero;M;Rimandato;0;NON DECEDUTO;Non accertato;
5918954;20;17/04/2022 23:00:00;Strada Urbana;VIA TRIONFALE;da specificare;;;;prossimit� via Iannicelli;Veicolo in marcia contro animale;Rettilineo;Una carreggiata a senso unico di marcia;Asciutto;Asfaltata;Verticale ed orizzontale;Sereno;Scarso;Sufficiente;;1;0;0;1;12.4092;41.9743;-1;1;Autovettura privata;In marcia / fermata / arresto;Conducente;M;Illeso;0;;;
5918954;20;17/04/2022 23:00:00;Strada Urbana;VIA TRIONFALE;da specificare;;;;prossimit� via Iannicelli;Veicolo in marcia contro animale;Rettilineo;Una carreggiata a senso unico di marcia;Asciutto;Asfaltata;Verticale ed orizzontale;Sereno;Scarso;Sufficiente;;1;0;0;1;12.4092;41.9743;-1;1;Autovettura privata;In marcia / fermata / arresto;Passeggero;M;Rimandato;0;NON DECEDUTO;;
5918959;20;17/04/2022 12:10:00;Strada Urbana;VIA TRIONFALE;in corrispondenza;;del civico n.;13826;;Tamponamento;Rettilineo;Una carreggiata a senso unico di marcia;Asciutto;Asfaltata;Verticale ed orizzontale;Sereno;Normale;Buona;;0;0;0;2;12.408;41.9819;-1;1;Autovettura privata;In marcia / fermata / arresto;Conducente;M;Illeso;0;;Non accertato;
5918959;20;17/04/2022 12:10:00;Strada Urbana;VIA TRIONFALE;in corrispondenza;;del civico n.;13826;;Tamponamento;Rettilineo;Una carreggiata a senso unico di marcia;Asciutto;Asfaltata;Verticale ed orizzontale;Sereno;Normale;Buona;;0;0;0;2;12.408;41.9819;-1;2;Autovettura privata;In marcia / fermata / arresto;Conducente;M;Illeso;0;;Non accertato;
5918975;10;17/04/2022 11:30:00;Strada Urbana;VIALE OPITA OPPIO;in prossimit�;;del civico n.;64;;Scontro laterale fra veicoli in marcia;Rettilineo;Una carreggiata a doppio senso;Asciutto;Asfaltata;Assente;Sereno;Scarso;Buona;;1;0;0;1;12.5495;41.8611;-1;1;Autovettura privata;In marcia / fermata / arresto;Conducente;M;Illeso;0;;Non accertato;Inesploso
5918975;10;17/04/2022 11:30:00;Strada Urbana;VIALE OPITA OPPIO;in prossimit�;;del civico n.;64;;Scontro laterale fra veicoli in marcia;Rettilineo;Una carreggiata a doppio senso;Asciutto;Asfaltata;Assente;Sereno;Scarso;Buona;;1;0;0;1;12.5495;41.8611;-1;2;Motociclo a solo;In marcia / fermata / arresto;Conducente;M;Rifiuta cure immediate;0;NON DECEDUTO;Non accertato;
5918979;15;17/04/2022 12:20:00;Strada Urbana;VIA PORTUENSE;in corrispondenza;;del civico n.;741;;Scontro laterale fra veicoli in marcia;Pendenza;Una carreggiata a doppio senso;Asciutto;Asfaltata;Orizzontale;Sereno;Normale;Buona;;4;0;0;2;12.429;41.8503;-1;1;Autovettura privata;In marcia / fermata / arresto;Conducente;M;Ricoverato;0;NON DECEDUTO;Non accertato;
5918979;15;17/04/2022 12:20:00;Strada Urbana;VIA PORTUENSE;in corrispondenza;;del civico n.;741;;Scontro laterale fra veicoli in marcia;Pendenza;Una carreggiata a doppio senso;Asciutto;Asfaltata;Orizzontale;Sereno;Normale;Buona;;4;0;0;2;12.429;41.8503;-1;1;Autovettura privata;In marcia / fermata / arresto;Passeggero;F;Rimandato;0;NON DECEDUTO;Non accertato;
5918979;15;17/04/2022 12:20:00;Strada Urbana;VIA PORTUENSE;in corrispondenza;;del civico n.;741;;Scontro laterale fra veicoli in marcia;Pendenza;Una carreggiata a doppio senso;Asciutto;Asfaltata;Orizzontale;Sereno;Normale;Buona;;4;0;0;2;12.429;41.8503;-1;1;Autovettura privata;In marcia / fermata / arresto;Passeggero;F;Illeso;0;;Non accertato;
5918979;15;17/04/2022 12:20:00;Strada Urbana;VIA PORTUENSE;in corrispondenza;;del civico n.;741;;Scontro laterale fra veicoli in marcia;Pendenza;Una carreggiata a doppio senso;Asciutto;Asfaltata;Orizzontale;Sereno;Normale;Buona;;4;0;0;2;12.429;41.8503;-1;1;Autovettura privata;In marcia / fermata / arresto;Passeggero;M;Illeso;0;;Non accertato;
5918979;15;17/04/2022 12:20:00;Strada Urbana;VIA PORTUENSE;in corrispondenza;;del civico n.;741;;Scontro laterale fra veicoli in marcia;Pendenza;Una carreggiata a doppio senso;Asciutto;Asfaltata;Orizzontale;Sereno;Normale;Buona;;4;0;0;2;12.429;41.8503;-1;2;Autovettura privata;In marcia / fermata / arresto;Conducente;M;Rimandato;0;NON DECEDUTO;Non accertato;Esploso
5918979;15;17/04/2022 12:20:00;Strada Urbana;VIA PORTUENSE;in corrispondenza;;del civico n.;741;;Scontro laterale fra veicoli in marcia;Pendenza;Una carreggiata a doppio senso;Asciutto;Asfaltata;Orizzontale;Sereno;Normale;Buona;;4;0;0;2;12.429;41.8503;-1;2;Autovettura privata;In marcia / fermata / arresto;Passeggero;F;Rimandato;0;NON DECEDUTO;Non accertato;
5918987;12;17/04/2022 18:00:00;Strada Urbana;PIAZZA GUGLIELMO MARCONI;da specificare;;;;prox palo acea 67 dir. Roma centro;Scontro laterale fra veicoli in marcia;Rotatoria;Una carreggiata a senso unico di marcia;Asciutto;Asfaltata;Verticale ed orizzontale;Sereno;Normale;Buona;;0;0;0;2;12.4711;41.8335;-1;1;Autovettura privata;In marcia / fermata / arresto;Conducente;F;Illeso;0;;Non accertato;Inesploso
5918987;12;17/04/2022 18:00:00;Strada Urbana;PIAZZA GUGLIELMO MARCONI;da specificare;;;;prox palo acea 67 dir. Roma centro;Scontro laterale fra veicoli in marcia;Rotatoria;Una carreggiata a senso unico di marcia;Asciutto;Asfaltata;Verticale ed orizzontale;Sereno;Normale;Buona;;0;0;0;2;12.4711;41.8335;-1;2;Autovettura privata;In marcia / fermata / arresto;Conducente;M;Illeso;0;;;
5918988;6;17/04/2022 18:00:00;Strada Urbana;VIA DI CENTOCELLE;in prossimit�;;del civico n.;110;;Scontro frontale fra veicoli in marcia;Curva senza visuale libera;Una carreggiata a senso unico di marcia;Asciutto;Asfaltata;Verticale ed orizzontale;Sereno;Scarso;Buona;;1;0;0;1;12.5495;41.8736;-1;1;Autovettura privata;In marcia / fermata / arresto;Conducente;F;Rifiuta cure immediate;0;NON DECEDUTO;Non accertato;Inesploso
5918988;6;17/04/2022 18:00:00;Strada Urbana;VIA DI CENTOCELLE;in prossimit�;;del civico n.;110;;Scontro frontale fra veicoli in marcia;Curva senza visuale libera;Una carreggiata a senso unico di marcia;Asciutto;Asfaltata;Verticale ed orizzontale;Sereno;Scarso;Buona;;1;0;0;1;12.5495;41.8736;-1;1;Autovettura privata;In marcia / fermata / arresto;Passeggero;F;Illeso;0;;;
5918988;6;17/04/2022 18:00:00;Strada Urbana;VIA DI CENTOCELLE;in prossimit�;;del civico n.;110;;Scontro frontale fra veicoli in marcia;Curva senza visuale libera;Una carreggiata a senso unico di marcia;Asciutto;Asfaltata;Verticale ed orizzontale;Sereno;Scarso;Buona;;1;0;0;1;12.5495;41.8736;-1;2;Monopattino elettrico;Allontanatosi;;;;;;;
5919000;6;18/04/2022 00:15:00;Strada Urbana;PIAZZALE PRENESTINO;da specificare;;;;F.C. 36;Tamponamento;Rettilineo;Due carreggiate;Asciutto;Asfaltata;Verticale ed orizzontale;Sereno;Scarso;Buona;;0;0;0;1;12.5265;41.8908;-1;1;Autovettura privata;In marcia / fermata / arresto;Conducente;M;Illeso;0;;Non accertato;Inesploso
5919000;6;18/04/2022 00:15:00;Strada Urbana;PIAZZALE PRENESTINO;da specificare;;;;F.C. 36;Tamponamento;Rettilineo;Due carreggiate;Asciutto;Asfaltata;Verticale ed orizzontale;Sereno;Scarso;Buona;;0;0;0;1;12.5265;41.8908;-1;2;Autovettura privata;Allontanatosi;;;;;;;
5919010;3;15/04/2022 08:20:00;Strada Urbana;VIA TIBURTINA;in prossimit�;;del civico n.;143;;Veicolo in marcia contro veicoli in sosta;Rettilineo;Una carreggiata a doppio senso;Asciutto;Asfaltata;Verticale ed orizzontale;Nuvoloso;Normale;Buona;;0;0;0;2;12.5155;41.8991;-1;1;Autovettura privata;In marcia / fermata / arresto;Conducente;M;Illeso;0;;;
5919010;3;15/04/2022 08:20:00;Strada Urbana;VIA TIBURTINA;in prossimit�;;del civico n.;143;;Veicolo in marcia contro veicoli in sosta;Rettilineo;Una carreggiata a doppio senso;Asciutto;Asfaltata;Verticale ed orizzontale;Nuvoloso;Normale;Buona;;0;0;0;2;12.5155;41.8991;-1;2;Autovettura privata;Sosta;Passeggero;M;Illeso;0;;;
5919010;3;15/04/2022 08:20:00;Strada Urbana;VIA TIBURTINA;in prossimit�;;del civico n.;143;;Veicolo in marcia contro veicoli in sosta;Rettilineo;Una carreggiata a doppio senso;Asciutto;Asfaltata;Verticale ed orizzontale;Nuvoloso;Normale;Buona;;0;0;0;2;12.5155;41.8991;-1;3;Autovettura privata;Sosta;;;;;;;
5919017;12;17/04/2022 19:40:00;Strada Urbana;VIA CRISTOFORO COLOMBO;all'intersezione con;VIALE EUROPA;VIALE EUROPA;;;Scontro laterale fra veicoli in marcia;Incrocio;Pi� di due carreggiate;Asciutto;Asfaltata;Verticale ed orizzontale;Sereno;Normale;Buona;;0;0;0;7;12.4689;41.831;-1;1;Autovettura privata;In marcia / fermata / arresto;Conducente;M;Illeso;0;;Non accertato;Inesploso
5919017;12;17/04/2022 19:40:00;Strada Urbana;VIA CRISTOFORO COLOMBO;all'intersezione con;VIALE EUROPA;VIALE EUROPA;;;Scontro laterale fra veicoli in marcia;Incrocio;Pi� di due carreggiate;Asciutto;Asfaltata;Verticale ed orizzontale;Sereno;Normale;Buona;;0;0;0;7;12.4689;41.831;-1;1;Autovettura privata;In marcia / fermata / arresto;Passeggero;F;Illeso;0;;Non accertato;Inesploso
5919017;12;17/04/2022 19:40:00;Strada Urbana;VIA CRISTOFORO COLOMBO;all'intersezione con;VIALE EUROPA;VIALE EUROPA;;;Scontro laterale fra veicoli in marcia;Incrocio;Pi� di due carreggiate;Asciutto;Asfaltata;Verticale ed orizzontale;Sereno;Normale;Buona;;0;0;0;7;12.4689;41.831;-1;1;Autovettura privata;In marcia / fermata / arresto;Passeggero;F;Illeso;0;;Non accertato;Inesploso
5919017;12;17/04/2022 19:40:00;Strada Urbana;VIA CRISTOFORO COLOMBO;all'intersezione con;VIALE EUROPA;VIALE EUROPA;;;Scontro laterale fra veicoli in marcia;Incrocio;Pi� di due carreggiate;Asciutto;Asfaltata;Verticale ed orizzontale;Sereno;Normale;Buona;;0;0;0;7;12.4689;41.831;-1;1;Autovettura privata;In marcia / fermata / arresto;Passeggero;F;Illeso;0;;Non accertato;Inesploso
5919017;12;17/04/2022 19:40:00;Strada Urbana;VIA CRISTOFORO COLOMBO;all'intersezione con;VIALE EUROPA;VIALE EUROPA;;;Scontro laterale fra veicoli in marcia;Incrocio;Pi� di due carreggiate;Asciutto;Asfaltata;Verticale ed orizzontale;Sereno;Normale;Buona;;0;0;0;7;12.4689;41.831;-1;2;Autovettura privata;In marcia / fermata / arresto;Conducente;F;Illeso;0;;Non accertato;Inesploso
5919017;12;17/04/2022 19:40:00;Strada Urbana;VIA CRISTOFORO COLOMBO;all'intersezione con;VIALE EUROPA;VIALE EUROPA;;;Scontro laterale fra veicoli in marcia;Incrocio;Pi� di due carreggiate;Asciutto;Asfaltata;Verticale ed orizzontale;Sereno;Normale;Buona;;0;0;0;7;12.4689;41.831;-1;2;Autovettura privata;In marcia / fermata / arresto;Passeggero;F;Illeso;0;;Non accertato;Inesploso
5919020;3;15/04/2022 13:00:00;Strada Urbana;VIA CATANIA;all'intersezione semaforizzata con;PIAZZA LECCE;PIAZZA LECCE;;;Scontro laterale fra veicoli in marcia;Intersezione semaforizzata;Una carreggiata a doppio senso;Asciutto;Asfaltata;Verticale ed orizzontale;Sereno;Normale;Buona;;1;0;0;1;12.5186;41.9101;-1;1;Autovettura privata;In marcia / fermata / arresto;Conducente;M;Illeso;0;;Non accertato;Inesploso
5919020;3;15/04/2022 13:00:00;Strada Urbana;VIA CATANIA;all'intersezione semaforizzata con;PIAZZA LECCE;PIAZZA LECCE;;;Scontro laterale fra veicoli in marcia;Intersezione semaforizzata;Una carreggiata a doppio senso;Asciutto;Asfaltata;Verticale ed orizzontale;Sereno;Normale;Buona;;1;0;0;1;12.5186;41.9101;-1;2;Motociclo a solo;In marcia / fermata / arresto;Conducente;M;Rimandato;0;NON DECEDUTO;Non accertato;
5919046;3;16/04/2022 11:55:00;Strada Urbana;VIA NOMENTANA;all'intersezione con;VIA GIUSEPPE TOMASSETTI;VIA GIUSEPPE TOMASSETTI;;;Scontro frontale/laterale DX fra veicoli in marcia;Intersezione semaforizzata;Pi� di due carreggiate;Asciutto;Asfaltata;Verticale ed orizzontale;Sereno;Normale;Buona;;0;0;0;4;12.5123;41.9167;-1;1;Autovettura privata;In marcia / fermata / arresto;Conducente;F;Illeso;0;;;
5919046;3;16/04/2022 11:55:00;Strada Urbana;VIA NOMENTANA;all'intersezione con;VIA GIUSEPPE TOMASSETTI;VIA GIUSEPPE TOMASSETTI;;;Scontro frontale/laterale DX fra veicoli in marcia;Intersezione semaforizzata;Pi� di due carreggiate;Asciutto;Asfaltata;Verticale ed orizzontale;Sereno;Normale;Buona;;0;0;0;4;12.5123;41.9167;-1;1;Autovettura privata;In marcia / fermata / arresto;Passeggero;M;Illeso;0;;;
5919046;3;16/04/2022 11:55:00;Strada Urbana;VIA NOMENTANA;all'intersezione con;VIA GIUSEPPE TOMASSETTI;VIA GIUSEPPE TOMASSETTI;;;Scontro frontale/laterale DX fra veicoli in marcia;Intersezione semaforizzata;Pi� di due carreggiate;Asciutto;Asfaltata;Verticale ed orizzontale;Sereno;Normale;Buona;;0;0;0;4;12.5123;41.9167;-1;1;Autovettura privata;In marcia / fermata / arresto;Passeggero;F;Illeso;0;;;
5919046;3;16/04/2022 11:55:00;Strada Urbana;VIA NOMENTANA;all'intersezione con;VIA GIUSEPPE TOMASSETTI;VIA GIUSEPPE TOMASSETTI;;;Scontro frontale/laterale DX fra veicoli in marcia;Intersezione semaforizzata;Pi� di due carreggiate;Asciutto;Asfaltata;Verticale ed orizzontale;Sereno;Normale;Buona;;0;0;0;4;12.5123;41.9167;-1;2;Motociclo a solo;In marcia / fermata / arresto;Conducente;M;Illeso;0;;;
5919189;11;17/04/2022 17:00:00;Strada Urbana;VIA APPIA ANTICA;in corrispondenza;;del civico n.;129;;Veicolo in marcia contro veicolo fermo;Rettilineo;Una carreggiata a senso unico di marcia;Asciutto;Lastricata;Verticale ed orizzontale;Sereno;Normale;Buona;;0;0;0;2;12.5184;41.8542;-1;1;Autovettura privata;In marcia / fermata / arresto;Conducente;F;Illeso;0;;Non accertato;Inesploso
5919189;11;17/04/2022 17:00:00;Strada Urbana;VIA APPIA ANTICA;in corrispondenza;;del civico n.;129;;Veicolo in marcia contro veicolo fermo;Rettilineo;Una carreggiata a senso unico di marcia;Asciutto;Lastricata;Verticale ed orizzontale;Sereno;Normale;Buona;;0;0;0;2;12.5184;41.8542;-1;2;Velocipede;In marcia / fermata / arresto;Conducente;M;Illeso;0;;Esente;
5919418;13;17/04/2022 20:30:00;Comunale extraurbana;VIA DEL LIDO DI CASTELPORZIANO;da specificare;;;;prossimit� Viale della Villa di Plinio;Veicolo in marcia contro veicoli in sosta;Rettilineo;Una carreggiata a doppio senso;Asciutto;Asfaltata;Assente;Sereno;Normale;Sufficiente;;0;0;0;3;12.3398;41.727;-1;1;Autovettura privata;In marcia / fermata / arresto;Conducente;M;Illeso;0;;Non accertato;Inesploso
5919418;13;17/04/2022 20:30:00;Comunale extraurbana;VIA DEL LIDO DI CASTELPORZIANO;da specificare;;;;prossimit� Viale della Villa di Plinio;Veicolo in marcia contro veicoli in sosta;Rettilineo;Una carreggiata a doppio senso;Asciutto;Asfaltata;Assente;Sereno;Normale;Sufficiente;;0;0;0;3;12.3398;41.727;-1;1;Autovettura privata;In marcia / fermata / arresto;Passeggero;M;Illeso;0;;Non accertato;Inesploso
5919418;13;17/04/2022 20:30:00;Comunale extraurbana;VIA DEL LIDO DI CASTELPORZIANO;da specificare;;;;prossimit� Viale della Villa di Plinio;Veicolo in marcia contro veicoli in sosta;Rettilineo;Una carreggiata a doppio senso;Asciutto;Asfaltata;Assente;Sereno;Normale;Sufficiente;;0;0;0;3;12.3398;41.727;-1;2;Autovettura privata;Sosta;;;;;;;
5919418;13;17/04/2022 20:30:00;Comunale extraurbana;VIA DEL LIDO DI CASTELPORZIANO;da specificare;;;;prossimit� Viale della Villa di Plinio;Veicolo in marcia contro veicoli in sosta;Rettilineo;Una carreggiata a doppio senso;Asciutto;Asfaltata;Assente;Sereno;Normale;Sufficiente;;0;0;0;3;12.3398;41.727;-1;3;Autovettura privata;Sosta;Passeggero;F;Illeso;0;;Non accertato;Inesploso
5919461;9;18/04/2022 18:30:00;Strada Urbana;PIAZZA ZAMA;all'intersezione con;VIA CONCORDIA;VIA CONCORDIA;;;Scontro frontale/laterale DX fra veicoli in marcia;Incrocio;Una carreggiata a senso unico di marcia;Asciutto;Asfaltata;Verticale ed orizzontale;Sereno;Normale;Buona;;2;0;0;1;12.5098;41.8765;-1;1;Autovettura privata;In marcia / fermata / arresto;Conducente;M;Illeso;0;;;
5919461;9;18/04/2022 18:30:00;Strada Urbana;PIAZZA ZAMA;all'intersezione con;VIA CONCORDIA;VIA CONCORDIA;;;Scontro frontale/laterale DX fra veicoli in marcia;Incrocio;Una carreggiata a senso unico di marcia;Asciutto;Asfaltata;Verticale ed orizzontale;Sereno;Normale;Buona;;2;0;0;1;12.5098;41.8765;-1;2;Motociclo con passeggero;In marcia / fermata / arresto;Conducente;M;Rimandato;0;NON DECEDUTO;;
5919461;9;18/04/2022 18:30:00;Strada Urbana;PIAZZA ZAMA;all'intersezione con;VIA CONCORDIA;VIA CONCORDIA;;;Scontro frontale/laterale DX fra veicoli in marcia;Incrocio;Una carreggiata a senso unico di marcia;Asciutto;Asfaltata;Verticale ed orizzontale;Sereno;Normale;Buona;;2;0;0;1;12.5098;41.8765;-1;2;Motociclo con passeggero;In marcia / fermata / arresto;Passeggero;F;Rimandato;0;NON DECEDUTO;;
5919643;11;18/04/2022 19:20:00;Strada Urbana;VIA OSTIENSE;all'intersezione semaforizzata con;VIA PELLEGRINO MATTEUCCI;VIA PELLEGRINO MATTEUCCI;;;Scontro laterale fra veicoli in marcia;Intersezione semaforizzata;Pi� di due carreggiate;Asciutto;Asfaltata;Verticale ed orizzontale;Sereno;Scarso;Buona;;0;0;0;3;12.4803;41.8723;-1;1;Autovettura privata;In marcia / fermata / arresto;Conducente;M;Illeso;0;;Non accertato;
5919643;11;18/04/2022 19:20:00;Strada Urbana;VIA OSTIENSE;all'intersezione semaforizzata con;VIA PELLEGRINO MATTEUCCI;VIA PELLEGRINO MATTEUCCI;;;Scontro laterale fra veicoli in marcia;Intersezione semaforizzata;Pi� di due carreggiate;Asciutto;Asfaltata;Verticale ed orizzontale;Sereno;Scarso;Buona;;0;0;0;3;12.4803;41.8723;-1;1;Autovettura privata;In marcia / fermata / arresto;Passeggero;F;Illeso;0;;Non accertato;
5919643;11;18/04/2022 19:20:00;Strada Urbana;VIA OSTIENSE;all'intersezione semaforizzata con;VIA PELLEGRINO MATTEUCCI;VIA PELLEGRINO MATTEUCCI;;;Scontro laterale fra veicoli in marcia;Intersezione semaforizzata;Pi� di due carreggiate;Asciutto;Asfaltata;Verticale ed orizzontale;Sereno;Scarso;Buona;;0;0;0;3;12.4803;41.8723;-1;2;Autovettura privata;In marcia / fermata / arresto;Conducente;F;Illeso;0;;Non accertato;
5919664;8;16/04/2022 13:05:00;Strada Urbana;VIALE PAOLO FERDINANDO QUAGLIA;in prossimit�;;del civico n.;94;;Tamponamento Multiplo;Rettilineo;Una carreggiata a doppio senso;Asciutto;Asfaltata;Orizzontale;Sereno;Normale;Sufficiente;;2;0;0;5;12.5929;41.8665;-1;1;Autovettura privata;In marcia / fermata / arresto;Conducente;M;Illeso;0;;Non accertato;Inesploso
5919664;8;16/04/2022 13:05:00;Strada Urbana;VIALE PAOLO FERDINANDO QUAGLIA;in prossimit�;;del civico n.;94;;Tamponamento Multiplo;Rettilineo;Una carreggiata a doppio senso;Asciutto;Asfaltata;Orizzontale;Sereno;Normale;Sufficiente;;2;0;0;5;12.5929;41.8665;-1;2;Autovettura privata;In marcia / fermata / arresto;Conducente;M;Illeso;0;;Non accertato;Inesploso
5919664;8;16/04/2022 13:05:00;Strada Urbana;VIALE PAOLO FERDINANDO QUAGLIA;in prossimit�;;del civico n.;94;;Tamponamento Multiplo;Rettilineo;Una carreggiata a doppio senso;Asciutto;Asfaltata;Orizzontale;Sereno;Normale;Sufficiente;;2;0;0;5;12.5929;41.8665;-1;2;Autovettura privata;In marcia / fermata / arresto;Passeggero;F;Illeso;0;;Non accertato;Inesploso
5919664;8;16/04/2022 13:05:00;Strada Urbana;VIALE PAOLO FERDINANDO QUAGLIA;in prossimit�;;del civico n.;94;;Tamponamento Multiplo;Rettilineo;Una carreggiata a doppio senso;Asciutto;Asfaltata;Orizzontale;Sereno;Normale;Sufficiente;;2;0;0;5;12.5929;41.8665;-1;2;Autovettura privata;In marcia / fermata / arresto;Passeggero;M;Illeso;0;;Non accertato;Inesploso
5919664;8;16/04/2022 13:05:00;Strada Urbana;VIALE PAOLO FERDINANDO QUAGLIA;in prossimit�;;del civico n.;94;;Tamponamento Multiplo;Rettilineo;Una carreggiata a doppio senso;Asciutto;Asfaltata;Orizzontale;Sereno;Normale;Sufficiente;;2;0;0;5;12.5929;41.8665;-1;2;Autovettura privata;In marcia / fermata / arresto;Passeggero;M;Illeso;0;;Non accertato;Inesploso
5919664;8;16/04/2022 13:05:00;Strada Urbana;VIALE PAOLO FERDINANDO QUAGLIA;in prossimit�;;del civico n.;94;;Tamponamento Multiplo;Rettilineo;Una carreggiata a doppio senso;Asciutto;Asfaltata;Orizzontale;Sereno;Normale;Sufficiente;;2;0;0;5;12.5929;41.8665;-1;3;Autovettura privata;In marcia / fermata / arresto;Conducente;F;Rifiuta cure immediate;0;NON DECEDUTO;Non accertato;Inesploso
5919664;8;16/04/2022 13:05:00;Strada Urbana;VIALE PAOLO FERDINANDO QUAGLIA;in prossimit�;;del civico n.;94;;Tamponamento Multiplo;Rettilineo;Una carreggiata a doppio senso;Asciutto;Asfaltata;Orizzontale;Sereno;Normale;Sufficiente;;2;0;0;5;12.5929;41.8665;-1;3;Autovettura privata;In marcia / fermata / arresto;Passeggero;F;Rifiuta cure immediate;0;NON DECEDUTO;Non accertato;Inesploso
5919689;13;19/04/2022 01:40:00;Strada Urbana;VIA CRISTOFORO COLOMBO;all'intersezione con;VIA DI GROTTA PERFETTA;VIA DI GROTTA PERFETTA;;;Veicolo in marcia contro ostacolo fisso;Intersezione semaforizzata;Pi� di due carreggiate;Asciutto;Asfaltata;Verticale ed orizzontale;Sereno;Normale;Buona;;0;0;1;0;12.4115;41.7858;0;1;Autovettura privata;In marcia / fermata / arresto;Conducente;F;Deceduto durante trasporto;-1;;;
5919691;8;16/04/2022 16:45:00;Strada Urbana;VIA DI LUNGHEZZINA;all'intersezione con;VIA CESARE SALDINI;VIA CESARE SALDINI;;;Tamponamento Multiplo;Incrocio;Una carreggiata a doppio senso;Asciutto;Asfaltata;Orizzontale;Nuvoloso;Scarso;Buona;;1;0;0;4;12.708;41.9293;-1;1;Autovettura privata;In marcia / fermata / arresto;Conducente;M;Illeso;0;;Non accertato;Inesploso
5919691;8;16/04/2022 16:45:00;Strada Urbana;VIA DI LUNGHEZZINA;all'intersezione con;VIA CESARE SALDINI;VIA CESARE SALDINI;;;Tamponamento Multiplo;Incrocio;Una carreggiata a doppio senso;Asciutto;Asfaltata;Orizzontale;Nuvoloso;Scarso;Buona;;1;0;0;4;12.708;41.9293;-1;1;Autovettura privata;In marcia / fermata / arresto;Passeggero;F;Illeso;0;;Non accertato;Inesploso
5919691;8;16/04/2022 16:45:00;Strada Urbana;VIA DI LUNGHEZZINA;all'intersezione con;VIA CESARE SALDINI;VIA CESARE SALDINI;;;Tamponamento Multiplo;Incrocio;Una carreggiata a doppio senso;Asciutto;Asfaltata;Orizzontale;Nuvoloso;Scarso;Buona;;1;0;0;4;12.708;41.9293;-1;1;Autovettura privata;In marcia / fermata / arresto;Passeggero;M;Illeso;0;;Non accertato;Inesploso
5919691;8;16/04/2022 16:45:00;Strada Urbana;VIA DI LUNGHEZZINA;all'intersezione con;VIA CESARE SALDINI;VIA CESARE SALDINI;;;Tamponamento Multiplo;Incrocio;Una carreggiata a doppio senso;Asciutto;Asfaltata;Orizzontale;Nuvoloso;Scarso;Buona;;1;0;0;4;12.708;41.9293;-1;2;Motociclo con passeggero;In marcia / fermata / arresto;Conducente;M;Illeso;0;;Non accertato;
5919691;8;16/04/2022 16:45:00;Strada Urbana;VIA DI LUNGHEZZINA;all'intersezione con;VIA CESARE SALDINI;VIA CESARE SALDINI;;;Tamponamento Multiplo;Incrocio;Una carreggiata a doppio senso;Asciutto;Asfaltata;Orizzontale;Nuvoloso;Scarso;Buona;;1;0;0;4;12.708;41.9293;-1;3;Motociclo con passeggero;In marcia / fermata / arresto;Conducente;M;Rimandato;0;NON DECEDUTO;Non accertato;
5919692;7;15/04/2022 17:50:00;Strada Urbana;VIALE PALMIRO TOGLIATTI;da specificare;;;;fronte Via dei Sesami;Tamponamento;Rettilineo;Una carreggiata a senso unico di marcia;Asciutto;Asfaltata;Verticale ed orizzontale;Sereno;Normale;Buona;;1;0;0;2;12.5733;41.8831;-1;1;Autovettura privata;In marcia / fermata / arresto;Conducente;M;Illeso;0;;Non accertato;Inesploso