Protocollo;Gruppo;DataOraIncidente;Localizzazione1;STRADA1;Localizzazione2;STRADA2;Strada02;Chilometrica;DaSpecificare;NaturaIncidente;particolaritastrade;TipoStrada;FondoStradale;Pavimentazione;Segnaletica;CondizioneAtmosferica;Traffico;Visibilita;Illuminazione;NUM_FERITI;NUM_RISERVATA;NUM_MORTI;NUM_ILLESI;Longitude;Latitude;Confermato;Progressivo;TipoVeicolo;StatoVeicolo;TipoPersona;Sesso;Tipolesione;Deceduto;DecedutoDopo;CinturaCascoUtilizzato;Airbag;
5921054;20;19/04/2022 15:30:00;Provinciale;VIA TIBERINA;da specificare;;;;intersezione con via Pian dell'Olmo;Tamponamento Multiplo;Rettilineo;Una carreggiata a doppio senso;Asciutto;Asfaltata;Verticale ed orizzontale;Sereno;Normale;Buona;;0;0;0;4;12.5051;42.0265;-1;4;Autocarro inferiore 35 q.;In marcia / fermata / arresto;Conducente;M;Illeso;0;;;
5921059;9;19/04/2022 14:50:00;Strada Urbana;VIA MATERA;in corrispondenza;;del civico n.;12;;Infortunio per sola frenata improvvisa;Rettilineo;Una carreggiata a doppio senso;Asciutto;Asfaltata;Verticale ed orizzontale;Sereno;Normale;Buona;;1;0;0;1;12.5183;41.8825;-1;1;Motociclo a solo;In marcia / fermata / arresto;Conducente;M;Rimandato;0;NON DECEDUTO;Non accertato;
5921059;9;19/04/2022 14:50:00;Strada Urbana;VIA MATERA;in corrispondenza;;del civico n.;12;;Infortunio per sola frenata improvvisa;Rettilineo;Una carreggiata a doppio senso;Asciutto;Asfaltata;Verticale ed orizzontale;Sereno;Normale;Buona;;1;0;0;1;12.5183;41.8825;-1;2;Autovettura privata;In marcia / fermata / arresto;Conducente;M;Illeso;0;;Non accertato;Inesploso
5921060;20;19/04/2022 11:50:00;Strada Urbana;VIA DELLA STORTA;in prossimit�;;del civico n.;924;;Scontro frontale/laterale DX fra veicoli in marcia;Curva a visuale libera;Una carreggiata a doppio senso;Asciutto;Asfaltata;Verticale ed orizzontale;Sereno;Normale;Buona;;0;0;0;2;12.3816;42.0032;-1;1;Autovettura privata;In marcia / fermata / arresto;Conducente;M;Illeso;0;;Non accertato;
5921060;20;19/04/2022 11:50:00;Strada Urbana;VIA DELLA STORTA;in prossimit�;;del civico n.;924;;Scontro frontale/laterale DX fra veicoli in marcia;Curva a visuale libera;Una carreggiata a doppio senso;Asciutto;Asfaltata;Verticale ed orizzontale;Sereno;Normale;Buona;;0;0;0;2;12.3816;42.0032;-1;2;Autovettura privata;In marcia / fermata / arresto;Conducente;F;Illeso;0;;Non accertato;
5921076;7;19/04/2022 12:00:00;Strada Urbana;VIA COLLATINA;all'intersezione con;VIA ACHILLE VERTUNNI;VIA ACHILLE VERTUNNI;;;Scontro frontale/laterale DX fra veicoli in marcia;Incrocio;Una carreggiata a doppio senso;Asciutto;Asfaltata;Verticale ed orizzontale;Sereno;Normale;Buona;;0;0;0;2;12.6151;41.9042;-1;1;Autovettura privata;In marcia / fermata / arresto;Conducente;F;Illeso;0;;Non accertato;Inesploso
5921076;7;19/04/2022 12:00:00;Strada Urbana;VIA COLLATINA;all'intersezione con;VIA ACHILLE VERTUNNI;VIA ACHILLE VERTUNNI;;;Scontro frontale/laterale DX fra veicoli in marcia;Incrocio;Una carreggiata a doppio senso;Asciutto;Asfaltata;Verticale ed orizzontale;Sereno;Normale;Buona;;0;0;0;2;12.6151;41.9042;-1;2;Autovettura privata;In marcia / fermata / arresto;Conducente;F;Illeso;0;;Non accertato;Inesploso
5921077;4;19/04/2022 10:15:00;Strada Urbana;VIA PALMIANO;da specificare;;;;prossimit� VIA CAMERATA PICENA;Veicolo in marcia contro ostacolo accidentale;Rettilineo;Una carreggiata a doppio senso;Asciutto;Asfaltata;Verticale ed orizzontale;Sereno;Scarso;Buona;;0;0;0;1;12.5199;41.983;-1;1;Motociclo a solo;In marcia / fermata / arresto;Conducente;M;Illeso;0;;Non accertato;
5921080;1;19/04/2022 19:30:00;Strada Urbana;VIA DEI SABINI;in corrispondenza;;del civico n.;13;;Veicolo in marcia contro veicolo in sosta;Rettilineo;Una carreggiata a senso unico di marcia;Asciutto;Asfaltata;Verticale ed orizzontale;Sereno;Normale;Sufficiente;;0;0;0;1;12.4812;41.9007;-1;1;Ciclomotore;In marcia / fermata / arresto;Conducente;F;Illeso;0;;;
5921080;1;19/04/2022 19:30:00;Strada Urbana;VIA DEI SABINI;in corrispondenza;;del civico n.;13;;Veicolo in marcia contro veicolo in sosta;Rettilineo;Una carreggiata a senso unico di marcia;Asciutto;Asfaltata;Verticale ed orizzontale;Sereno;Normale;Sufficiente;;0;0;0;1;12.4812;41.9007;-1;2;Motociclo a solo;Sosta;;;;;;;
5921081;19;19/04/2022 18:50:00;Strada Urbana;VIA POGGIO DELLE CORTI;in prossimit�;;del civico n.;14;;Investimento di pedone;Rettilineo;Una carreggiata a senso unico di marcia;Asciutto;Asfaltata;Verticale ed orizzontale;Sereno;Scarso;Buona;;1;0;0;1;12.3751;41.9486;-1;;;;Pedone;F;Rimandato;0;NON DECEDUTO;;
5921081;19;19/04/2022 18:50:00;Strada Urbana;VIA POGGIO DELLE CORTI;in prossimit�;;del civico n.;14;;Investimento di pedone;Rettilineo;Una carreggiata a senso unico di marcia;Asciutto;Asfaltata;Verticale ed orizzontale;Sereno;Scarso;Buona;;1;0;0;1;12.3751;41.9486;-1;1;Autovettura privata;In marcia / fermata / arresto;Conducente;M;Illeso;0;;;
5921082;5;19/04/2022 08:10:00;Strada Urbana;VIA TIBURTINA;in corrispondenza;;del civico n.;944;;Scontro frontale/laterale DX fra veicoli in marcia;Rettilineo;Pi� di due carreggiate;Asciutto;Asfaltata;Verticale ed orizzontale;Sereno;Normale;Buona;;0;0;0;2;12.5719;41.9245;-1;1;Autovettura privata;In marcia / fermata / arresto;Conducente;M;Illeso;0;;Non accertato;
5921082;5;19/04/2022 08:10:00;Strada Urbana;VIA TIBURTINA;in corrispondenza;;del civico n.;944;;Scontro frontale/laterale DX fra veicoli in marcia;Rettilineo;Pi� di due carreggiate;Asciutto;Asfaltata;Verticale ed orizzontale;Sereno;Normale;Buona;;0;0;0;2;12.5719;41.9245;-1;2;Autovettura privata;In marcia / fermata / arresto;Conducente;M;Illeso;0;;Non accertato;
5921102;4;19/04/2022 15:00:00;Statale entro l'abitato;VIA SALARIA;all'intersezione semaforizzata con;VIA DI CASTEL GIUBILEO;VIA DI CASTEL GIUBILEO;;;Veicolo in marcia contro veicolo in sosta;Intersezione semaforizzata;Due carreggiate;Asciutto;Asfaltata;Verticale ed orizzontale;Sereno;Normale;Buona;;0;0;0;1;12.5115;41.9873;-1;1;Autovettura privata;In marcia / fermata / arresto;Conducente;M;Illeso;0;;;
5921102;4;19/04/2022 15:00:00;Statale entro l'abitato;VIA SALARIA;all'intersezione semaforizzata con;VIA DI CASTEL GIUBILEO;VIA DI CASTEL GIUBILEO;;;Veicolo in marcia contro veicolo in sosta;Intersezione semaforizzata;Due carreggiate;Asciutto;Asfaltata;Verticale ed orizzontale;Sereno;Normale;Buona;;0;0;0;1;12.5115;41.9873;-1;2;Motociclo a solo;Sosta;;;;;;;
5921103;4;19/04/2022 13:35:00;Statale;VIA SALARIA;all'intersezione con;VIA DI CASTEL GIUBILEO;VIA DI CASTEL GIUBILEO;;;Scontro laterale fra veicoli in marcia;Intersezione stradale segnalata;Due carreggiate;Asciutto;Asfaltata;Verticale ed orizzontale;Sereno;Normale;Buona;;1;0;0;1;12.5115;41.9873;-1;1;Motociclo a solo;In marcia / fermata / arresto;Conducente;M;Rimandato;0;NON DECEDUTO;Non accertato;
5921103;4;19/04/2022 13:35:00;Statale;VIA SALARIA;all'intersezione con;VIA DI CASTEL GIUBILEO;VIA DI CASTEL GIUBILEO;;;Scontro laterale fra veicoli in marcia;Intersezione stradale segnalata;Due carreggiate;Asciutto;Asfaltata;Verticale ed orizzontale;Sereno;Normale;Buona;;1;0;0;1;12.5115;41.9873;-1;2;Autocarro inferiore 35 q.;In marcia / fermata / arresto;Conducente;M;Illeso;0;;Non accertato;Inesploso
5921120;4;19/04/2022 16:45:00;Strada Urbana;VIA DI TOR S. GIOVANNI;da specificare;;;;prossimit� VIA CARLO BARAVALLE;Scontro frontale/laterale DX fra veicoli in marcia;Rettilineo;Una carreggiata a doppio senso;Asciutto;Asfaltata;Verticale ed orizzontale;Sereno;Scarso;Buona;;1;0;0;2;12.5718;41.9866;-1;1;Autocarro inferiore 35 q.;In marcia / fermata / arresto;Conducente;M;Illeso;0;;Non accertato;
5921120;4;19/04/2022 16:45:00;Strada Urbana;VIA DI TOR S. GIOVANNI;da specificare;;;;prossimit� VIA CARLO BARAVALLE;Scontro frontale/laterale DX fra veicoli in marcia;Rettilineo;Una carreggiata a doppio senso;Asciutto;Asfaltata;Verticale ed orizzontale;Sereno;Scarso;Buona;;1;0;0;2;12.5718;41.9866;-1;1;Autocarro inferiore 35 q.;In marcia / fermata / arresto;Passeggero;M;Illeso;0;;Non accertato;
5921120;4;19/04/2022 16:45:00;Strada Urbana;VIA DI TOR S. GIOVANNI;da specificare;;;;prossimit� VIA CARLO BARAVALLE;Scontro frontale/laterale DX fra veicoli in marcia;Rettilineo;Una carreggiata a doppio senso;Asciutto;Asfaltata;Verticale ed orizzontale;Sereno;Scarso;Buona;;1;0;0;2;12.5718;41.9866;-1;2;Autovettura privata;In marcia / fermata / arresto;Conducente;M;Rimandato;0;NON DECEDUTO;Non accertato;
5921123;1;19/04/2022 17:30:00;Strada Urbana;VIA MARSALA;in prossimit�;;del civico n.;42;;Veicolo in marcia contro ostacolo fisso;Rettilineo;Pi� di due carreggiate;Asciutto;Asfaltata;Verticale ed orizzontale;Sereno;Normale;Buona;;0;0;0;1;;;0;1;Autovettura privata;In marcia / fermata / arresto;Conducente;M;Illeso;0;;;
5921124;20;19/04/2022 11:30:00;Strada Urbana;VIA CITTA' DELLA PIEVE;in prossimit�;;del civico n.;83;;Scontro laterale fra veicoli in marcia;Rettilineo;Una carreggiata a senso unico di marcia;Asciutto;Asfaltata;Verticale ed orizzontale;Sereno;Scarso;Buona;;0;0;0;3;12.4753;41.9433;-1;1;Autovettura privata;In marcia / fermata / arresto;Conducente;M;Illeso;0;;;
5921124;20;19/04/2022 11:30:00;Strada Urbana;VIA CITTA' DELLA PIEVE;in prossimit�;;del civico n.;83;;Scontro laterale fra veicoli in marcia;Rettilineo;Una carreggiata a senso unico di marcia;Asciutto;Asfaltata;Verticale ed orizzontale;Sereno;Scarso;Buona;;0;0;0;3;12.4753;41.9433;-1;2;Autovettura privata;In marcia / fermata / arresto;Conducente;F;Illeso;0;;;
5921124;20;19/04/2022 11:30:00;Strada Urbana;VIA CITTA' DELLA PIEVE;in prossimit�;;del civico n.;83;;Scontro laterale fra veicoli in marcia;Rettilineo;Una carreggiata a senso unico di marcia;Asciutto;Asfaltata;Verticale ed orizzontale;Sereno;Scarso;Buona;;0;0;0;3;12.4753;41.9433;-1;2;Autovettura privata;In marcia / fermata / arresto;Passeggero;F;Illeso;0;;;
5921143;12;19/04/2022 19:10:00;Provinciale entro l'abitato;VIA PONTINA;in corrispondenza;;della chilometrica;11.3;;Scontro laterale fra veicoli in marcia;Rettilineo;Due carreggiate;Asciutto;Asfaltata;Verticale ed orizzontale;Sereno;Intenso;Buona;;0;0;0;5;12.4522;41.794;-1;1;Autovettura privata;In marcia / fermata / arresto;Conducente;M;Illeso;0;;Utilizzato;Inesploso
5921143;12;19/04/2022 19:10:00;Provinciale entro l'abitato;VIA PONTINA;in corrispondenza;;della chilometrica;11.3;;Scontro laterale fra veicoli in marcia;Rettilineo;Due carreggiate;Asciutto;Asfaltata;Verticale ed orizzontale;Sereno;Intenso;Buona;;0;0;0;5;12.4522;41.794;-1;1;Autovettura privata;In marcia / fermata / arresto;Passeggero;F;Illeso;0;;Utilizzato;Inesploso
5921143;12;19/04/2022 19:10:00;Provinciale entro l'abitato;VIA PONTINA;in corrispondenza;;della chilometrica;11.3;;Scontro laterale fra veicoli in marcia;Rettilineo;Due carreggiate;Asciutto;Asfaltata;Verticale ed orizzontale;Sereno;Intenso;Buona;;0;0;0;5;12.4522;41.794;-1;1;Autovettura privata;In marcia / fermata / arresto;Passeggero;F;Illeso;0;;Utilizzato;Inesploso
5921143;12;19/04/2022 19:10:00;Provinciale entro l'abitato;VIA PONTINA;in corrispondenza;;della chilometrica;11.3;;Scontro laterale fra veicoli in marcia;Rettilineo;Due carreggiate;Asciutto;Asfaltata;Verticale ed orizzontale;Sereno;Intenso;Buona;;0;0;0;5;12.4522;41.794;-1;1;Autovettura privata;In marcia / fermata / arresto;Passeggero;M;Illeso;0;;Utilizzato;Inesploso
5921143;12;19/04/2022 19:10:00;Provinciale entro l'abitato;VIA PONTINA;in corrispondenza;;della chilometrica;11.3;;Scontro laterale fra veicoli in marcia;Rettilineo;Due carreggiate;Asciutto;Asfaltata;Verticale ed orizzontale;Sereno;Intenso;Buona;;0;0;0;5;12.4522;41.794;-1;2;Autovettura privata;In marcia / fermata / arresto;Conducente;F;Illeso;0;;Utilizzato;Inesploso
5921147;5;19/04/2022 09:40:00;Strada Urbana;VIALE PALMIRO TOGLIATTI;in prossimit�;;del civico n.;1627;;Tamponamento Multiplo;Rettilineo;Due carreggiate;Asciutto;Asfaltata;Orizzontale;Sereno;Normale;Buona;;0;0;0;4;12.5688;41.9173;-1;1;Autocarro inferiore 35 q.;In marcia / fermata / arresto;Conducente;F;Illeso;0;;Non accertato;
5921147;5;19/04/2022 09:40:00;Strada Urbana;VIALE PALMIRO TOGLIATTI;in prossimit�;;del civico n.;1627;;Tamponamento Multiplo;Rettilineo;Due carreggiate;Asciutto;Asfaltata;Orizzontale;Sereno;Normale;Buona;;0;0;0;4;12.5688;41.9173;-1;2;Autovettura privata;In marcia / fermata / arresto;Conducente;M;Illeso;0;;Non accertato;
5921147;5;19/04/2022 09:40:00;Strada Urbana;VIALE PALMIRO TOGLIATTI;in prossimit�;;del civico n.;1627;;Tamponamento Multiplo;Rettilineo;Due carreggiate;Asciutto;Asfaltata;Orizzontale;Sereno;Normale;Buona;;0;0;0;4;12.5688;41.9173;-1;2;Autovettura privata;In marcia / fermata / arresto;Passeggero;F;Illeso;0;;Non accertato;
5921147;5;19/04/2022 09:40:00;Strada Urbana;VIALE PALMIRO TOGLIATTI;in prossimit�;;del civico n.;1627;;Tamponamento Multiplo;Rettilineo;Due carreggiate;Asciutto;Asfaltata;Orizzontale;Sereno;Normale;Buona;;0;0;0;4;12.5688;41.9173;-1;3;Autovettura privata;In marcia / fermata / arresto;Conducente;F;Illeso;0;;Non accertato;
5921149;13;19/04/2022 15:15:00;Strada Urbana;VIA DIFILO;in prossimit�;;del civico n.;267;;Veicolo in marcia contro veicolo in sosta;Rettilineo;Una carreggiata a doppio senso;Asciutto;Asfaltata;Assente;Sereno;Normale;Buona;;1;0;0;0;12.3591;41.7592;-1;1;Autovettura privata;In marcia / fermata / arresto;Conducente;M;Rimandato;0;NON DECEDUTO;Non accertato;Esploso
5921149;13;19/04/2022 15:15:00;Strada Urbana;VIA DIFILO;in prossimit�;;del civico n.;267;;Veicolo in marcia contro veicolo in sosta;Rettilineo;Una carreggiata a doppio senso;Asciutto;Asfaltata;Assente;Sereno;Normale;Buona;;1;0;0;0;12.3591;41.7592;-1;2;Autovettura privata;Sosta;;;;;;;
5921151;13;19/04/2022 18:05:00;Strada Urbana;VIA DI ACILIA;in corrispondenza;;del civico n.;272;;Scontro frontale/laterale SX fra veicoli in marcia;Rettilineo;Una carreggiata a doppio senso;Asciutto;Asfaltata;Verticale ed orizzontale;Sereno;Intenso;Buona;;1;0;0;2;12.37;41.7751;-1;1;Autovettura privata;In marcia / fermata / arresto;Conducente;F;Illeso;0;;Non accertato;Inesploso
5921151;13;19/04/2022 18:05:00;Strada Urbana;VIA DI ACILIA;in corrispondenza;;del civico n.;272;;Scontro frontale/laterale SX fra veicoli in marcia;Rettilineo;Una carreggiata a doppio senso;Asciutto;Asfaltata;Verticale ed orizzontale;Sereno;Intenso;Buona;;1;0;0;2;12.37;41.7751;-1;1;Autovettura privata;In marcia / fermata / arresto;Passeggero;F;Illeso;0;;Non accertato;Inesploso
5921151;13;19/04/2022 18:05:00;Strada Urbana;VIA DI ACILIA;in corrispondenza;;del civico n.;272;;Scontro frontale/laterale SX fra veicoli in marcia;Rettilineo;Una carreggiata a doppio senso;Asciutto;Asfaltata;Verticale ed orizzontale;Sereno;Intenso;Buona;;1;0;0;2;12.37;41.7751;-1;2;Motociclo a solo;In marcia / fermata / arresto;Conducente;M;Rimandato;0;NON DECEDUTO;Non accertato;
5921153;13;19/04/2022 10:19:00;Strada Urbana;VIA DEI VELIERI;in prossimit�;;del civico n.;110;;Veicolo in marcia contro veicolo in sosta;Rettilineo;Due carreggiate;Asciutto;Asfaltata;Assente;Sereno;Normale;Buona;;0;0;0;1;12.276;41.737;-1;1;Autovettura privata;In marcia / fermata / arresto;Conducente;F;Illeso;0;;Non accertato;Inesploso
5921153;13;19/04/2022 10:19:00;Strada Urbana;VIA DEI VELIERI;in prossimit�;;del civico n.;110;;Veicolo in marcia contro veicolo in sosta;Rettilineo;Due carreggiate;Asciutto;Asfaltata;Assente;Sereno;Normale;Buona;;0;0;0;1;12.276;41.737;-1;2;Autovettura privata;Sosta;;;;;;;
5921155;17;15/04/2022 21:20:00;Strada Urbana;PIAZZALE DEGLI EROI;in corrispondenza;;del civico n.;4;;Infortunio per sola frenata improvvisa;Rettilineo;Una carreggiata a senso unico di marcia;Asciutto;Asfaltata;Verticale ed orizzontale;Sereno;Normale;Buona;;1;0;0;0;12.4485;41.9091;-1;1;Motociclo a solo;In marcia / fermata / arresto;Conducente;M;Rimandato;0;NON DECEDUTO;;
5921159;13;19/04/2022 14:00:00;Strada Urbana;VIALE ENRICO ORTOLANI;in corrispondenza;;del civico n.;99;;Scontro laterale fra veicoli in marcia;Rettilineo;Una carreggiata a doppio senso;Asciutto;Asfaltata;Orizzontale;Sereno;Normale;Buona;;0;0;0;2;12.3297;41.7699;-1;1;Autovettura privata;In marcia / fermata / arresto;Conducente;M;Illeso;0;;Non accertato;Inesploso
5921159;13;19/04/2022 14:00:00;Strada Urbana;VIALE ENRICO ORTOLANI;in corrispondenza;;del civico n.;99;;Scontro laterale fra veicoli in marcia;Rettilineo;Una carreggiata a doppio senso;Asciutto;Asfaltata;Orizzontale;Sereno;Normale;Buona;;0;0;0;2;12.3297;41.7699;-1;2;Autocarro inferiore 35 q.;In marcia / fermata / arresto;Conducente;M;Illeso;0;;Non accertato;Inesploso
5921161;20;19/04/2022 15:30:00;Regionale;VIA VEIENTANA NUOVA;in prossimit�;;della chilometrica;2;;Scontro laterale fra veicoli in marcia;Curva a visuale libera;Due carreggiate;Asciutto;Asfaltata;Orizzontale;Sereno;Normale;Buona;;0;0;0;1;12.4318;42.0271;-1;1;Autovettura privata;In marcia / fermata / arresto;Conducente;M;Illeso;0;;Non accertato;
5921161;20;19/04/2022 15:30:00;Regionale;VIA VEIENTANA NUOVA;in prossimit�;;della chilometrica;2;;Scontro laterale fra veicoli in marcia;Curva a visuale libera;Due carreggiate;Asciutto;Asfaltata;Orizzontale;Sereno;Normale;Buona;;0;0;0;1;12.4318;42.0271;-1;2;Autovettura privata;Allontanatosi;;;;;;;
5921162;10;19/04/2022 09:20:00;Strada Urbana;VIA SESTIO CALVINO;in corrispondenza;;del civico n.;79;;Veicolo in marcia contro veicoli in sosta;Rettilineo;Una carreggiata a senso unico di marcia;Asciutto;Asfaltata;Verticale ed orizzontale;Sereno;Normale;Buona;;0;0;0;2;12.5647;41.8533;-1;1;Autovettura privata;In marcia / fermata / arresto;Conducente;M;Illeso;0;;Non accertato;Inesploso
5921162;10;19/04/2022 09:20:00;Strada Urbana;VIA SESTIO CALVINO;in corrispondenza;;del civico n.;79;;Veicolo in marcia contro veicoli in sosta;Rettilineo;Una carreggiata a senso unico di marcia;Asciutto;Asfaltata;Verticale ed orizzontale;Sereno;Normale;Buona;;0;0;0;2;12.5647;41.8533;-1;2;Autocarro inferiore 35 q.;In marcia / fermata / arresto;Conducente;M;Illeso;0;;Non accertato;Inesploso
5921163;5;19/04/2022 11:00:00;Strada Urbana;VIA DEL CASALE DI S. BASILIO;all'intersezione semaforizzata con;VIA POLLENZA;VIA POLLENZA;;;Tamponamento;Intersezione semaforizzata;Una carreggiata a doppio senso;Asciutto;Asfaltata;Verticale ed orizzontale;Sereno;Normale;Buona;;0;0;0;3;12.5747;41.9409;-1;1;Autovettura privata;In marcia / fermata / arresto;Conducente;F;Illeso;0;;Non accertato;Inesploso
5921163;5;19/04/2022 11:00:00;Strada Urbana;VIA DEL CASALE DI S. BASILIO;all'intersezione semaforizzata con;VIA POLLENZA;VIA POLLENZA;;;Tamponamento;Intersezione semaforizzata;Una carreggiata a doppio senso;Asciutto;Asfaltata;Verticale ed orizzontale;Sereno;Normale;Buona;;0;0;0;3;12.5747;41.9409;-1;2;Autovettura privata;In marcia / fermata / arresto;Conducente;M;Illeso;0;;Non accertato;Inesploso
5921163;5;19/04/2022 11:00:00;Strada Urbana;VIA DEL CASALE DI S. BASILIO;all'intersezione semaforizzata con;VIA POLLENZA;VIA POLLENZA;;;Tamponamento;Intersezione semaforizzata;Una carreggiata a doppio senso;Asciutto;Asfaltata;Verticale ed orizzontale;Sereno;Normale;Buona;;0;0;0;3;12.5747;41.9409;-1;2;Autovettura privata;In marcia / fermata / arresto;Passeggero;F;Illeso;0;;Non accertato;Inesploso
5921170;13;19/04/2022 09:45:00;Strada Urbana;VIA CRISTOFORO COLOMBO;all'intersezione con;VIA ERMANNO WOLF FERRARI;VIA ERMANNO WOLF FERRARI;;;Scontro laterale fra veicoli in marcia;Intersezione semaforizzata;Pi� di due carreggiate;Asciutto;Asfaltata;Verticale ed orizzontale;Sereno;Intenso;Buona;;1;0;0;1;12.4115;41.7858;-1;1;Autovettura privata;In marcia / fermata / arresto;Conducente;M;Rimandato;0;NON DECEDUTO;Non accertato;Inesploso
5921170;13;19/04/2022 09:45:00;Strada Urbana;VIA CRISTOFORO COLOMBO;all'intersezione con;VIA ERMANNO WOLF FERRARI;VIA ERMANNO WOLF FERRARI;;;Scontro laterale fra veicoli in marcia;Intersezione semaforizzata;Pi� di due carreggiate;Asciutto;Asfaltata;Verticale ed orizzontale;Sereno;Intenso;Buona;;1;0;0;1;12.4115;41.7858;-1;2;Autovettura privata;In marcia / fermata / arresto;Conducente;M;Illeso;0;;Non accertato;Esploso
5921181;5;19/04/2022 12:15:00;Strada Urbana;VIALE FERNANDO SANTI;da specificare;;;;altezza rotatoria regolante il flusso per via Grot;Scontro laterale fra veicoli in marcia;Rotatoria;Due carreggiate;Asciutto;Asfaltata;Verticale ed orizzontale;Sereno;Scarso;Buona;;0;0;0;2;12.5655;41.9122;-1;1;Autovettura privata;In marcia / fermata / arresto;Conducente;M;Illeso;0;;Non accertato;Inesploso
5921181;5;19/04/2022 12:15:00;Strada Urbana;VIALE FERNANDO SANTI;da specificare;;;;altezza rotatoria regolante il flusso per via Grot;Scontro laterale fra veicoli in marcia;Rotatoria;Due carreggiate;Asciutto;Asfaltata;Verticale ed orizzontale;Sereno;Scarso;Buona;;0;0;0;2;12.5655;41.9122;-1;2;Autocarro inferiore 35 q.;In marcia / fermata / arresto;Conducente;M;Illeso;0;;Non accertato;Inesploso
5921183;1;19/04/2022 21:05:00;Strada Urbana;VIALE DI TRASTEVERE;all'intersezione con;PIAZZA SIDNEY SONNINO;PIAZZA SIDNEY SONNINO;;;Scontro frontale/laterale SX fra veicoli in marcia;Intersezione semaforizzata;Pi� di due carreggiate;Asciutto;Asfaltata;Verticale ed orizzontale;Sereno;Normale;Buona;;0;0;0;3;;;0;1;Autovettura privata;In marcia / fermata / arresto;Conducente;M;Illeso;0;;;
5921183;1;19/04/2022 21:05:00;Strada Urbana;VIALE DI TRASTEVERE;all'intersezione con;PIAZZA SIDNEY SONNINO;PIAZZA SIDNEY SONNINO;;;Scontro frontale/laterale SX fra veicoli in marcia;Intersezione semaforizzata;Pi� di due carreggiate;Asciutto;Asfaltata;Verticale ed orizzontale;Sereno;Normale;Buona;;0;0;0;3;;;0;1;Autovettura privata;In marcia / fermata / arresto;Passeggero;M;Illeso;0;;;
5921183;1;19/04/2022 21:05:00;Strada Urbana;VIALE DI TRASTEVERE;all'intersezione con;PIAZZA SIDNEY SONNINO;PIAZZA SIDNEY SONNINO;;;Scontro frontale/laterale SX fra veicoli in marcia;Intersezione semaforizzata;Pi� di due carreggiate;Asciutto;Asfaltata;Verticale ed orizzontale;Sereno;Normale;Buona;;0;0;0;3;;;0;2;Velocipede;In marcia / fermata / arresto;Conducente;F;Illeso;0;;Esente;
5921184;4;19/04/2022 22:10:00;Strada Urbana;VIA LUIGI BERTELLI;all'intersezione con;VIA EMILIO DE MARCHI;VIA EMILIO DE MARCHI;;;Scontro frontale/laterale DX fra veicoli in marcia;Intersezione stradale segnalata;Una carreggiata a senso unico di marcia;Asciutto;Asfaltata;Verticale;Sereno;Scarso;Sufficiente;;0;0;0;4;12.5418;41.9395;-1;1;Autovettura privata;In marcia / fermata / arresto;Conducente;M;Illeso;0;;;
5921184;4;19/04/2022 22:10:00;Strada Urbana;VIA LUIGI BERTELLI;all'intersezione con;VIA EMILIO DE MARCHI;VIA EMILIO DE MARCHI;;;Scontro frontale/laterale DX fra veicoli in marcia;Intersezione stradale segnalata;Una carreggiata a senso unico di marcia;Asciutto;Asfaltata;Verticale;Sereno;Scarso;Sufficiente;;0;0;0;4;12.5418;41.9395;-1;1;Autovettura privata;In marcia / fermata / arresto;Passeggero;M;Illeso;0;;;
5921184;4;19/04/2022 22:10:00;Strada Urbana;VIA LUIGI BERTELLI;all'intersezione con;VIA EMILIO DE MARCHI;VIA EMILIO DE MARCHI;;;Scontro frontale/laterale DX fra veicoli in marcia;Intersezione stradale segnalata;Una carreggiata a senso unico di marcia;Asciutto;Asfaltata;Verticale;Sereno;Scarso;Sufficiente;;0;0;0;4;12.5418;41.9395;-1;1;Autovettura privata;In marcia / fermata / arresto;Passeggero;F;Illeso;0;;;
5921184;4;19/04/2022 22:10:00;Strada Urbana;VIA LUIGI BERTELLI;all'intersezione con;VIA EMILIO DE MARCHI;VIA EMILIO DE MARCHI;;;Scontro frontale/laterale DX fra veicoli in marcia;Intersezione stradale segnalata;Una carreggiata a senso unico di marcia;Asciutto;Asfaltata;Verticale;Sereno;Scarso;Sufficiente;;0;0;0;4;12.5418;41.9395;-1;2;Autovettura privata;In marcia / fermata / arresto;Conducente;M;Illeso;0;;;
5921184;4;19/04/2022 22:10:00;Strada Urbana;VIA LUIGI BERTELLI;all'intersezione con;VIA EMILIO DE MARCHI;VIA EMILIO DE MARCHI;;;Scontro frontale/laterale DX fra veicoli in marcia;Intersezione stradale segnalata;Una carreggiata a senso unico di marcia;Asciutto;Asfaltata;Verticale;Sereno;Scarso;Sufficiente;;0;0;0;4;12.5418;41.9395;-1;3;Autovettura privata;Sosta;;;;;;;
5921189;5;19/04/2022 15:20:00;Strada Urbana;VIA DI MARCO SIMONE;in corrispondenza;;del civico n.;90;;Veicolo in marcia che urta buche nella carreggiata;Rettilineo;Una carreggiata a doppio senso;Asciutto;Asfaltata;Orizzontale;Sereno;Normale;Buona;;0;0;0;1;12.6284;41.9586;-1;1;Autovettura privata;In marcia / fermata / arresto;Conducente;M;Illeso;0;;;