Protocollo;Gruppo;DataOraIncidente;Localizzazione1;STRADA1;Localizzazione2;STRADA2;Strada02;Chilometrica;DaSpecificare;NaturaIncidente;particolaritastrade;TipoStrada;FondoStradale;Pavimentazione;Segnaletica;CondizioneAtmosferica;Traffico;Visibilita;Illuminazione;NUM_FERITI;NUM_RISERVATA;NUM_MORTI;NUM_ILLESI;Longitude;Latitude;Confermato;Progressivo;TipoVeicolo;StatoVeicolo;TipoPersona;Sesso;Tipolesione;Deceduto;DecedutoDopo;CinturaCascoUtilizzato;Airbag;
5922874;10;20/04/2022 15:25:00;Strada Urbana;VIA ANAGNINA;da specificare;;;;prossimit� della rampa GRA direzione RM-NA;Scontro laterale fra veicoli in marcia;Sottopasso non illuminato;Pi� di due carreggiate;Asciutto;Asfaltata;Verticale ed orizzontale;Nuvoloso;Normale;Buona;;0;0;0;3;12.5918;41.8374;-1;2;Motociclo con passeggero;In marcia / fermata / arresto;Conducente;M;Illeso;0;;Non accertato;
5922883;4;20/04/2022 17:10:00;Strada Urbana;VIALE JONIO;in corrispondenza;;del civico n.;303;;Scontro laterale fra veicoli in marcia;Curva senza visuale libera;Due carreggiate;Asciutto;Asfaltata;Verticale ed orizzontale;Nuvoloso;Normale;Buona;;0;0;0;3;12.5312;41.9455;-1;1;Autovettura di polizia;In marcia / fermata / arresto;Conducente;M;Illeso;0;;;
5922883;4;20/04/2022 17:10:00;Strada Urbana;VIALE JONIO;in corrispondenza;;del civico n.;303;;Scontro laterale fra veicoli in marcia;Curva senza visuale libera;Due carreggiate;Asciutto;Asfaltata;Verticale ed orizzontale;Nuvoloso;Normale;Buona;;0;0;0;3;12.5312;41.9455;-1;1;Autovettura di polizia;In marcia / fermata / arresto;Passeggero;M;Illeso;0;;;
5922883;4;20/04/2022 17:10:00;Strada Urbana;VIALE JONIO;in corrispondenza;;del civico n.;303;;Scontro laterale fra veicoli in marcia;Curva senza visuale libera;Due carreggiate;Asciutto;Asfaltata;Verticale ed orizzontale;Nuvoloso;Normale;Buona;;0;0;0;3;12.5312;41.9455;-1;2;Autovettura privata;In marcia / fermata / arresto;Conducente;F;Illeso;0;;;
5922886;15;20/04/2022 14:35:00;Strada Urbana;VIA DELLA MAGLIANA;in prossimit�;;del palo luce n.;293;;Tamponamento Multiplo;Rettilineo;Una carreggiata a doppio senso;Asciutto;Asfaltata;Orizzontale;Sereno;Normale;Buona;;1;0;0;4;12.4196;41.8317;-1;1;Autovettura privata;In marcia / fermata / arresto;Conducente;M;Rimandato;0;NON DECEDUTO;;Esploso
5922886;15;20/04/2022 14:35:00;Strada Urbana;VIA DELLA MAGLIANA;in prossimit�;;del palo luce n.;293;;Tamponamento Multiplo;Rettilineo;Una carreggiata a doppio senso;Asciutto;Asfaltata;Orizzontale;Sereno;Normale;Buona;;1;0;0;4;12.4196;41.8317;-1;2;Autovettura pubblica;In marcia / fermata / arresto;Conducente;M;Illeso;0;;;
5922886;15;20/04/2022 14:35:00;Strada Urbana;VIA DELLA MAGLIANA;in prossimit�;;del palo luce n.;293;;Tamponamento Multiplo;Rettilineo;Una carreggiata a doppio senso;Asciutto;Asfaltata;Orizzontale;Sereno;Normale;Buona;;1;0;0;4;12.4196;41.8317;-1;3;Autovettura privata;In marcia / fermata / arresto;Conducente;M;Illeso;0;;Non accertato;
5922886;15;20/04/2022 14:35:00;Strada Urbana;VIA DELLA MAGLIANA;in prossimit�;;del palo luce n.;293;;Tamponamento Multiplo;Rettilineo;Una carreggiata a doppio senso;Asciutto;Asfaltata;Orizzontale;Sereno;Normale;Buona;;1;0;0;4;12.4196;41.8317;-1;4;Autovettura privata;In marcia / fermata / arresto;Conducente;M;Illeso;0;;Non accertato;Inesploso
5922886;15;20/04/2022 14:35:00;Strada Urbana;VIA DELLA MAGLIANA;in prossimit�;;del palo luce n.;293;;Tamponamento Multiplo;Rettilineo;Una carreggiata a doppio senso;Asciutto;Asfaltata;Orizzontale;Sereno;Normale;Buona;;1;0;0;4;12.4196;41.8317;-1;5;Autovettura privata;In marcia / fermata / arresto;Conducente;M;Illeso;0;;Non accertato;Inesploso
5922889;4;20/04/2022 15:10:00;Strada Urbana;VIA JACOPO FERRETTI;all'intersezione con;VIA LUIGI CAPUANA;VIA LUIGI CAPUANA;;;Scontro laterale fra veicoli in marcia;Incrocio;Una carreggiata a doppio senso;Asciutto;Asfaltata;Verticale;Sereno;Normale;Buona;;0;0;0;3;12.5485;41.9481;-1;1;Autovettura privata;In marcia / fermata / arresto;Conducente;F;Illeso;0;;;
5922889;4;20/04/2022 15:10:00;Strada Urbana;VIA JACOPO FERRETTI;all'intersezione con;VIA LUIGI CAPUANA;VIA LUIGI CAPUANA;;;Scontro laterale fra veicoli in marcia;Incrocio;Una carreggiata a doppio senso;Asciutto;Asfaltata;Verticale;Sereno;Normale;Buona;;0;0;0;3;12.5485;41.9481;-1;2;Autovettura privata;In marcia / fermata / arresto;Conducente;M;Illeso;0;;;
5922889;4;20/04/2022 15:10:00;Strada Urbana;VIA JACOPO FERRETTI;all'intersezione con;VIA LUIGI CAPUANA;VIA LUIGI CAPUANA;;;Scontro laterale fra veicoli in marcia;Incrocio;Una carreggiata a doppio senso;Asciutto;Asfaltata;Verticale;Sereno;Normale;Buona;;0;0;0;3;12.5485;41.9481;-1;2;Autovettura privata;In marcia / fermata / arresto;Passeggero;M;Illeso;0;;;
5922904;20;20/04/2022 16:00:00;Strada Urbana;LUNGOTEVERE MARESCIALLO DIAZ;da specificare;;;;FRONTE VIA ANTONINO DI SAN GIULIANO;Scontro laterale fra veicoli in marcia;Rettilineo;Pi� di due carreggiate;Asciutto;Asfaltata;Orizzontale;Sereno;Normale;Buona;;1;0;0;1;12.462;41.9339;-1;1;Autovettura privata;In marcia / fermata / arresto;Conducente;F;Illeso;0;;Non accertato;Inesploso
5922904;20;20/04/2022 16:00:00;Strada Urbana;LUNGOTEVERE MARESCIALLO DIAZ;da specificare;;;;FRONTE VIA ANTONINO DI SAN GIULIANO;Scontro laterale fra veicoli in marcia;Rettilineo;Pi� di due carreggiate;Asciutto;Asfaltata;Orizzontale;Sereno;Normale;Buona;;1;0;0;1;12.462;41.9339;-1;2;Motociclo a solo;In marcia / fermata / arresto;Conducente;M;Rimandato;0;NON DECEDUTO;;
5922911;10;20/04/2022 18:35:00;Strada Urbana;VIA TUSCOLANA;all'intersezione semaforizzata con;VIALE MARCO FULVIO NOBILIORE;VIALE MARCO FULVIO NOBILIORE;;;Tamponamento;Intersezione semaforizzata;Due carreggiate;Asciutto;Asfaltata;Verticale ed orizzontale;Sereno;Normale;Buona;;0;0;0;2;12.5627;41.8567;-1;1;Autovettura privata;In marcia / fermata / arresto;Conducente;F;Illeso;0;;Non accertato;Inesploso
5922911;10;20/04/2022 18:35:00;Strada Urbana;VIA TUSCOLANA;all'intersezione semaforizzata con;VIALE MARCO FULVIO NOBILIORE;VIALE MARCO FULVIO NOBILIORE;;;Tamponamento;Intersezione semaforizzata;Due carreggiate;Asciutto;Asfaltata;Verticale ed orizzontale;Sereno;Normale;Buona;;0;0;0;2;12.5627;41.8567;-1;2;Autovettura privata;In marcia / fermata / arresto;Conducente;M;Illeso;0;;Non accertato;Inesploso
5922922;4;20/04/2022 10:20:00;Strada Urbana;VIA ARTURO GRAF;in prossimit�;;del civico n.;30;;Veicolo in marcia contro veicolo in sosta;Rettilineo;Due carreggiate;Asciutto;Asfaltata;Verticale ed orizzontale;Sereno;Normale;Buona;;0;0;0;1;12.5527;41.9419;0;1;Autovettura privata;In marcia / fermata / arresto;Conducente;M;Illeso;0;;;
5922922;4;20/04/2022 10:20:00;Strada Urbana;VIA ARTURO GRAF;in prossimit�;;del civico n.;30;;Veicolo in marcia contro veicolo in sosta;Rettilineo;Due carreggiate;Asciutto;Asfaltata;Verticale ed orizzontale;Sereno;Normale;Buona;;0;0;0;1;12.5527;41.9419;0;2;Autovettura privata;Sosta;;;;;;;
5922931;3;14/04/2022 19:20:00;Strada Urbana;VIA NOMENTANA;all'intersezione con;VIA GIUSEPPE VASI;VIA GIUSEPPE VASI;;;Scontro laterale fra veicoli in marcia;Incrocio;Due carreggiate;Asciutto;Asfaltata;Verticale ed orizzontale;Sereno;Normale;Buona;;1;0;0;1;12.5219;41.9249;-1;1;Motociclo a solo;In marcia / fermata / arresto;Conducente;M;Illeso;0;;;
5922931;3;14/04/2022 19:20:00;Strada Urbana;VIA NOMENTANA;all'intersezione con;VIA GIUSEPPE VASI;VIA GIUSEPPE VASI;;;Scontro laterale fra veicoli in marcia;Incrocio;Due carreggiate;Asciutto;Asfaltata;Verticale ed orizzontale;Sereno;Normale;Buona;;1;0;0;1;12.5219;41.9249;-1;2;Velocipede;In marcia / fermata / arresto;Conducente;F;Rimandato;0;NON DECEDUTO;Esente;
5922934;17;20/04/2022 23:30:00;Strada Urbana;VIA CASSIODORO;all'intersezione con;VIA ORAZIO;VIA ORAZIO;;;Scontro frontale/laterale DX fra veicoli in marcia;Incrocio;Una carreggiata a senso unico di marcia;Bagnato (umidit� in atto);Asfaltata;Verticale ed orizzontale;Nuvoloso;Scarso;Sufficiente;;0;0;0;2;12.4669;41.9062;-1;1;Autovettura privata;In marcia / fermata / arresto;Conducente;M;Illeso;0;;;
5922934;17;20/04/2022 23:30:00;Strada Urbana;VIA CASSIODORO;all'intersezione con;VIA ORAZIO;VIA ORAZIO;;;Scontro frontale/laterale DX fra veicoli in marcia;Incrocio;Una carreggiata a senso unico di marcia;Bagnato (umidit� in atto);Asfaltata;Verticale ed orizzontale;Nuvoloso;Scarso;Sufficiente;;0;0;0;2;12.4669;41.9062;-1;2;Autovettura privata;In marcia / fermata / arresto;Conducente;M;Illeso;0;;;
5922940;4;20/04/2022 07:20:00;Strada Urbana;VIA NOMENTANA;da specificare;;;;prossimit� G.R.A.;Scontro laterale fra veicoli in marcia;Rettilineo;Una carreggiata a doppio senso;Asciutto;Asfaltata;Verticale ed orizzontale;Sereno;Intenso;Buona;;0;0;0;2;12.5737;41.959;-1;1;Autovettura privata;In marcia / fermata / arresto;Conducente;F;Illeso;0;;;
5922940;4;20/04/2022 07:20:00;Strada Urbana;VIA NOMENTANA;da specificare;;;;prossimit� G.R.A.;Scontro laterale fra veicoli in marcia;Rettilineo;Una carreggiata a doppio senso;Asciutto;Asfaltata;Verticale ed orizzontale;Sereno;Intenso;Buona;;0;0;0;2;12.5737;41.959;-1;2;Autocarro inferiore 35 q.;In marcia / fermata / arresto;Conducente;M;Illeso;0;;;
5922962;3;16/04/2022 20:35:00;Strada Urbana;VIALE DELLO SCALO S. LORENZO;da specificare;;;;fronte Largo Talamo;Scontro frontale/laterale SX fra veicoli in marcia;Rettilineo;Pi� di due carreggiate;Asciutto;Asfaltata;Verticale ed orizzontale;Nuvoloso;Scarso;Sufficiente;;1;0;0;1;12.5172;41.8946;-1;1;Autovettura privata;In marcia / fermata / arresto;Conducente;M;Illeso;0;;;
5922962;3;16/04/2022 20:35:00;Strada Urbana;VIALE DELLO SCALO S. LORENZO;da specificare;;;;fronte Largo Talamo;Scontro frontale/laterale SX fra veicoli in marcia;Rettilineo;Pi� di due carreggiate;Asciutto;Asfaltata;Verticale ed orizzontale;Nuvoloso;Scarso;Sufficiente;;1;0;0;1;12.5172;41.8946;-1;2;Velocipede;In marcia / fermata / arresto;Conducente;M;Rimandato;0;NON DECEDUTO;Esente;
5922980;17;20/04/2022 11:15:00;Strada Urbana;PIAZZALE CLODIO;in prossimit�;;del civico n.;54;;Scontro laterale fra veicoli in marcia;Rettilineo;Due carreggiate;Asciutto;Asfaltata;Verticale ed orizzontale;Sereno;Intenso;Sufficiente;;0;0;0;2;12.4556;41.918;-1;1;Autovettura privata;In marcia / fermata / arresto;Conducente;M;Illeso;0;;;
5922980;17;20/04/2022 11:15:00;Strada Urbana;PIAZZALE CLODIO;in prossimit�;;del civico n.;54;;Scontro laterale fra veicoli in marcia;Rettilineo;Due carreggiate;Asciutto;Asfaltata;Verticale ed orizzontale;Sereno;Intenso;Sufficiente;;0;0;0;2;12.4556;41.918;-1;2;Autovettura privata;In marcia / fermata / arresto;Conducente;F;Illeso;0;;;
5923008;4;20/04/2022 21:00:00;Strada Urbana;VIA RENATO FUCINI;da specificare;;;;fronte civico 240;Veicolo in marcia contro veicoli in sosta;Rettilineo;Una carreggiata a senso unico di marcia;Asciutto;Asfaltata;Verticale ed orizzontale;Sereno;Scarso;Buona;;0;0;0;1;12.5496;41.9497;-1;1;Autocarro inferiore 35 q.;In marcia / fermata / arresto;Conducente;M;Illeso;0;;Non accertato;Inesploso
5923008;4;20/04/2022 21:00:00;Strada Urbana;VIA RENATO FUCINI;da specificare;;;;fronte civico 240;Veicolo in marcia contro veicoli in sosta;Rettilineo;Una carreggiata a senso unico di marcia;Asciutto;Asfaltata;Verticale ed orizzontale;Sereno;Scarso;Buona;;0;0;0;1;12.5496;41.9497;-1;2;Autovettura privata;Sosta;;;;;;;
5923008;4;20/04/2022 21:00:00;Strada Urbana;VIA RENATO FUCINI;da specificare;;;;fronte civico 240;Veicolo in marcia contro veicoli in sosta;Rettilineo;Una carreggiata a senso unico di marcia;Asciutto;Asfaltata;Verticale ed orizzontale;Sereno;Scarso;Buona;;0;0;0;1;12.5496;41.9497;-1;3;Autovettura privata;Sosta;;;;;;;
5923008;4;20/04/2022 21:00:00;Strada Urbana;VIA RENATO FUCINI;da specificare;;;;fronte civico 240;Veicolo in marcia contro veicoli in sosta;Rettilineo;Una carreggiata a senso unico di marcia;Asciutto;Asfaltata;Verticale ed orizzontale;Sereno;Scarso;Buona;;0;0;0;1;12.5496;41.9497;-1;4;Autovettura privata;Sosta;;;;;;;
5923051;12;21/04/2022 00:35:00;Strada Urbana;VIA LAURENTINA;all'intersezione con;VIALE OCEANO ATLANTICO ;VIALE OCEANO ATLANTICO ;;;Tamponamento;Intersezione semaforizzata;Due carreggiate;Asciutto;Asfaltata;Verticale ed orizzontale;Sereno;Scarso;Sufficiente;;1;1;0;1;12.4856;41.8103;-1;1;Autobus di linea;In marcia / fermata / arresto;Conducente;M;Illeso;0;;Non accertato;
5923051;12;21/04/2022 00:35:00;Strada Urbana;VIA LAURENTINA;all'intersezione con;VIALE OCEANO ATLANTICO ;VIALE OCEANO ATLANTICO ;;;Tamponamento;Intersezione semaforizzata;Due carreggiate;Asciutto;Asfaltata;Verticale ed orizzontale;Sereno;Scarso;Sufficiente;;1;1;0;1;12.4856;41.8103;-1;2;Autovettura privata;In marcia / fermata / arresto;Conducente;M;Prognosi riservata;0;NON DECEDUTO;;
5923051;12;21/04/2022 00:35:00;Strada Urbana;VIA LAURENTINA;all'intersezione con;VIALE OCEANO ATLANTICO ;VIALE OCEANO ATLANTICO ;;;Tamponamento;Intersezione semaforizzata;Due carreggiate;Asciutto;Asfaltata;Verticale ed orizzontale;Sereno;Scarso;Sufficiente;;1;1;0;1;12.4856;41.8103;-1;2;Autovettura privata;In marcia / fermata / arresto;Passeggero;F;Ricoverato;0;NON DECEDUTO;Non accertato;
5923075;18;20/04/2022 17:00:00;Strada Urbana;VIA GIROLAMO VITELLI;in corrispondenza;;del civico n.;18;;Veicolo in marcia contro veicolo in sosta;Rettilineo;Una carreggiata a doppio senso;Asciutto;Asfaltata;Verticale ed orizzontale;Sereno;Normale;Buona;;0;0;0;1;12.4361;41.9003;-1;1;Autovettura privata;In marcia / fermata / arresto;Conducente;F;Illeso;0;;Non accertato;Inesploso
5923075;18;20/04/2022 17:00:00;Strada Urbana;VIA GIROLAMO VITELLI;in corrispondenza;;del civico n.;18;;Veicolo in marcia contro veicolo in sosta;Rettilineo;Una carreggiata a doppio senso;Asciutto;Asfaltata;Verticale ed orizzontale;Sereno;Normale;Buona;;0;0;0;1;12.4361;41.9003;-1;2;Autovettura privata;Sosta;;;;;;;
5923079;17;19/04/2022 08:10:00;Strada Urbana;VIA TOMMASO GULLI;in prossimit�;;del civico n.;117;;Scontro laterale fra veicoli in marcia;Rettilineo;Due carreggiate;Asciutto;Asfaltata;Verticale ed orizzontale;Sereno;Normale;Buona;;0;0;0;2;12.4576;41.915;-1;1;Autovettura privata;In marcia / fermata / arresto;Conducente;M;Illeso;0;;;
5923079;17;19/04/2022 08:10:00;Strada Urbana;VIA TOMMASO GULLI;in prossimit�;;del civico n.;117;;Scontro laterale fra veicoli in marcia;Rettilineo;Due carreggiate;Asciutto;Asfaltata;Verticale ed orizzontale;Sereno;Normale;Buona;;0;0;0;2;12.4576;41.915;-1;2;Autovettura privata;In marcia / fermata / arresto;Conducente;M;Illeso;0;;;
5923084;7;21/04/2022 09:45:00;Strada Urbana;VIALE PALMIRO TOGLIATTI;all'intersezione semaforizzata con;VIA DEI MELI;VIA DEI MELI;;;Scontro laterale fra veicoli in marcia;Intersezione semaforizzata;Due carreggiate;Asciutto;Asfaltata;Verticale ed orizzontale;Nuvoloso;Normale;Buona;;1;0;0;1;12.5733;41.8808;-1;1;Autocarro inferiore 35 q.;In marcia / fermata / arresto;Conducente;M;Illeso;0;;;
5923084;7;21/04/2022 09:45:00;Strada Urbana;VIALE PALMIRO TOGLIATTI;all'intersezione semaforizzata con;VIA DEI MELI;VIA DEI MELI;;;Scontro laterale fra veicoli in marcia;Intersezione semaforizzata;Due carreggiate;Asciutto;Asfaltata;Verticale ed orizzontale;Nuvoloso;Normale;Buona;;1;0;0;1;12.5733;41.8808;-1;2;Motociclo a solo;In marcia / fermata / arresto;Conducente;M;Ricoverato;0;NON DECEDUTO;;
5923129;18;21/04/2022 08:40:00;Strada Urbana;VIA AURELIA;in corrispondenza;;del civico n.;294;;Scontro laterale fra veicoli in marcia;Rettilineo;Una carreggiata a doppio senso;Asciutto;Asfaltata;Verticale ed orizzontale;Nuvoloso;Normale;Buona;;2;0;0;2;12.4373;41.8978;-1;1;Autovettura privata;In marcia / fermata / arresto;Conducente;F;Illeso;0;;Non accertato;Inesploso
5923129;18;21/04/2022 08:40:00;Strada Urbana;VIA AURELIA;in corrispondenza;;del civico n.;294;;Scontro laterale fra veicoli in marcia;Rettilineo;Una carreggiata a doppio senso;Asciutto;Asfaltata;Verticale ed orizzontale;Nuvoloso;Normale;Buona;;2;0;0;2;12.4373;41.8978;-1;1;Autovettura privata;In marcia / fermata / arresto;Passeggero;M;Illeso;0;;Non accertato;Inesploso
5923129;18;21/04/2022 08:40:00;Strada Urbana;VIA AURELIA;in corrispondenza;;del civico n.;294;;Scontro laterale fra veicoli in marcia;Rettilineo;Una carreggiata a doppio senso;Asciutto;Asfaltata;Verticale ed orizzontale;Nuvoloso;Normale;Buona;;2;0;0;2;12.4373;41.8978;-1;2;Motociclo a solo;In marcia / fermata / arresto;Conducente;M;Rifiuta cure immediate;0;NON DECEDUTO;Non accertato;
5923129;18;21/04/2022 08:40:00;Strada Urbana;VIA AURELIA;in corrispondenza;;del civico n.;294;;Scontro laterale fra veicoli in marcia;Rettilineo;Una carreggiata a doppio senso;Asciutto;Asfaltata;Verticale ed orizzontale;Nuvoloso;Normale;Buona;;2;0;0;2;12.4373;41.8978;-1;2;Motociclo a solo;In marcia / fermata / arresto;Passeggero;F;Rimandato;0;NON DECEDUTO;Non accertato;
5923152;2;20/04/2022 11:30:00;Strada Urbana;VIALE MARESCIALLO PILSUDSKI;in prossimit�;;del civico n.;fr.92;;Scontro laterale fra veicoli in marcia;Rettilineo;Una carreggiata a doppio senso;Asciutto;Asfaltata;Verticale ed orizzontale;Sereno;Normale;Buona;;0;0;0;2;12.4752;41.9277;-1;1;Autovettura privata;In marcia / fermata / arresto;Conducente;M;Illeso;0;;Non accertato;Inesploso
5923152;2;20/04/2022 11:30:00;Strada Urbana;VIALE MARESCIALLO PILSUDSKI;in prossimit�;;del civico n.;fr.92;;Scontro laterale fra veicoli in marcia;Rettilineo;Una carreggiata a doppio senso;Asciutto;Asfaltata;Verticale ed orizzontale;Sereno;Normale;Buona;;0;0;0;2;12.4752;41.9277;-1;2;Motociclo a solo;In marcia / fermata / arresto;Conducente;M;Illeso;0;;Non accertato;
5923158;2;19/04/2022 19:40:00;Strada Urbana;VIALE ARRIGO BOITO;all'intersezione con;VIA FILIPPO MARCHETTI;VIA FILIPPO MARCHETTI;;;Scontro frontale/laterale DX fra veicoli in marcia;Incrocio;Una carreggiata a senso unico di marcia;Asciutto;Asfaltata;Verticale;Sereno;Normale;Insufficiente;;0;0;0;3;12.4964;41.9028;-1;1;Autovettura privata;In marcia / fermata / arresto;Conducente;F;Illeso;0;;;
5923158;2;19/04/2022 19:40:00;Strada Urbana;VIALE ARRIGO BOITO;all'intersezione con;VIA FILIPPO MARCHETTI;VIA FILIPPO MARCHETTI;;;Scontro frontale/laterale DX fra veicoli in marcia;Incrocio;Una carreggiata a senso unico di marcia;Asciutto;Asfaltata;Verticale;Sereno;Normale;Insufficiente;;0;0;0;3;12.4964;41.9028;-1;1;Autovettura privata;In marcia / fermata / arresto;Passeggero;M;Illeso;0;;;
5923158;2;19/04/2022 19:40:00;Strada Urbana;VIALE ARRIGO BOITO;all'intersezione con;VIA FILIPPO MARCHETTI;VIA FILIPPO MARCHETTI;;;Scontro frontale/laterale DX fra veicoli in marcia;Incrocio;Una carreggiata a senso unico di marcia;Asciutto;Asfaltata;Verticale;Sereno;Normale;Insufficiente;;0;0;0;3;12.4964;41.9028;-1;2;Autovettura privata;In marcia / fermata / arresto;Conducente;F;Illeso;0;;;
5923220;4;20/04/2022 23:45:00;Statale entro l'abitato;VIA SALARIA;in prossimit�;;del civico n.;755;;Veicolo in marcia contro ostacolo accidentale;Rettilineo;Una carreggiata a doppio senso;Bagnato (pioggia);Asfaltata;Verticale ed orizzontale;Pioggia in atto;Normale;Sufficiente;;0;0;0;1;12.5066;41.9471;-1;1;Autovettura privata;In marcia / fermata / arresto;Conducente;M;Illeso;0;;;
5923221;1;21/04/2022 07:40:00;Strada Urbana;CORSO VITTORIO EMANUELE II;all'intersezione semaforizzata con;PONTE VITTORIO EMANUELE II;PONTE VITTORIO EMANUELE II;;;Scontro laterale fra veicoli in marcia;Intersezione semaforizzata;Una carreggiata a senso unico di marcia;Asciutto;Asfaltata;Verticale ed orizzontale;Nuvoloso;Intenso;Buona;;0;0;0;2;12.465;41.9007;-1;1;Autocarro inferiore 35 q.;In marcia / fermata / arresto;Conducente;M;Illeso;0;;Non accertato;Inesploso
5923221;1;21/04/2022 07:40:00;Strada Urbana;CORSO VITTORIO EMANUELE II;all'intersezione semaforizzata con;PONTE VITTORIO EMANUELE II;PONTE VITTORIO EMANUELE II;;;Scontro laterale fra veicoli in marcia;Intersezione semaforizzata;Una carreggiata a senso unico di marcia;Asciutto;Asfaltata;Verticale ed orizzontale;Nuvoloso;Intenso;Buona;;0;0;0;2;12.465;41.9007;-1;2;Autovettura privata;In marcia / fermata / arresto;Conducente;M;Illeso;0;;Non accertato;Inesploso
5923236;6;21/04/2022 08:05:00;Strada Urbana;VIA DELLA MARRANELLA;all'intersezione con;VIA GERARDO MERCATORE;VIA GERARDO MERCATORE;;;Scontro frontale/laterale SX fra veicoli in marcia;Incrocio;Una carreggiata a senso unico di marcia;Asciutto;Asfaltata;Verticale;Nuvoloso;Normale;Buona;;0;0;0;2;12.5423;41.8828;-1;1;Autovettura privata;In marcia / fermata / arresto;Conducente;F;Illeso;0;;Non accertato;Inesploso
5923236;6;21/04/2022 08:05:00;Strada Urbana;VIA DELLA MARRANELLA;all'intersezione con;VIA GERARDO MERCATORE;VIA GERARDO MERCATORE;;;Scontro frontale/laterale SX fra veicoli in marcia;Incrocio;Una carreggiata a senso unico di marcia;Asciutto;Asfaltata;Verticale;Nuvoloso;Normale;Buona;;0;0;0;2;12.5423;41.8828;-1;2;Autovettura privata;In marcia / fermata / arresto;Conducente;F;Illeso;0;;Non accertato;Inesploso
5923244;20;16/04/2022 23:55:00;Strada Urbana;VIA DELLA STORTA;da specificare;;;;PROX VIA DOMENICO MONTAGNANA;Veicolo in marcia contro animale;Rettilineo;Una carreggiata a doppio senso;Asciutto;Asfaltata;Orizzontale;Sereno;Scarso;Sufficiente;;0;0;0;1;12.3646;41.9657;-1;1;Autovettura privata;In marcia / fermata / arresto;Conducente;M;Illeso;0;;Non accertato;
5923256;17;20/04/2022 16:35:00;Strada Urbana;VIA S. TOMMASO D'AQUINO;in prossimit�;;del civico n.;80;;Veicolo in marcia contro veicolo fermo;Rettilineo;Una carreggiata a doppio senso;Asciutto;Asfaltata;Verticale ed orizzontale;Sereno;Normale;Buona;;0;0;0;2;12.4493;41.9127;-1;1;Autovettura privata;In marcia / fermata / arresto;Conducente;F;Illeso;0;;;
5923256;17;20/04/2022 16:35:00;Strada Urbana;VIA S. TOMMASO D'AQUINO;in prossimit�;;del civico n.;80;;Veicolo in marcia contro veicolo fermo;Rettilineo;Una carreggiata a doppio senso;Asciutto;Asfaltata;Verticale ed orizzontale;Sereno;Normale;Buona;;0;0;0;2;12.4493;41.9127;-1;2;Autovettura privata;In marcia / fermata / arresto;Conducente;M;Illeso;0;;;
5923256;17;20/04/2022 16:35:00;Strada Urbana;VIA S. TOMMASO D'AQUINO;in prossimit�;;del civico n.;80;;Veicolo in marcia contro veicolo fermo;Rettilineo;Una carreggiata a doppio senso;Asciutto;Asfaltata;Verticale ed orizzontale;Sereno;Normale;Buona;;0;0;0;2;12.4493;41.9127;-1;3;Autovettura privata;Sosta;;;;;;;
5923262;1;19/04/2022 11:45:00;Strada Urbana;PIAZZA DELL'EMPORIO;all'intersezione semaforizzata con;LUNGOTEVERE TESTACCIO;LUNGOTEVERE TESTACCIO;;;Scontro frontale/laterale SX fra veicoli in marcia;Incrocio;Una carreggiata a doppio senso;Asciutto;Asfaltata;Verticale ed orizzontale;Sereno;Normale;Buona;;3;0;0;1;12.4758;41.8828;-1;1;Autovettura pubblica;In marcia / fermata / arresto;Conducente;M;Rifiuta cure immediate;0;NON DECEDUTO;;
5923262;1;19/04/2022 11:45:00;Strada Urbana;PIAZZA DELL'EMPORIO;all'intersezione semaforizzata con;LUNGOTEVERE TESTACCIO;LUNGOTEVERE TESTACCIO;;;Scontro frontale/laterale SX fra veicoli in marcia;Incrocio;Una carreggiata a doppio senso;Asciutto;Asfaltata;Verticale ed orizzontale;Sereno;Normale;Buona;;3;0;0;1;12.4758;41.8828;-1;1;Autovettura pubblica;In marcia / fermata / arresto;Passeggero;F;Rifiuta cure immediate;0;NON DECEDUTO;;
5923262;1;19/04/2022 11:45:00;Strada Urbana;PIAZZA DELL'EMPORIO;all'intersezione semaforizzata con;LUNGOTEVERE TESTACCIO;LUNGOTEVERE TESTACCIO;;;Scontro frontale/laterale SX fra veicoli in marcia;Incrocio;Una carreggiata a doppio senso;Asciutto;Asfaltata;Verticale ed orizzontale;Sereno;Normale;Buona;;3;0;0;1;12.4758;41.8828;-1;2;Autovettura privata;In marcia / fermata / arresto;Conducente;F;Rimandato;0;NON DECEDUTO;;
5923262;1;19/04/2022 11:45:00;Strada Urbana;PIAZZA DELL'EMPORIO;all'intersezione semaforizzata con;LUNGOTEVERE TESTACCIO;LUNGOTEVERE TESTACCIO;;;Scontro frontale/laterale SX fra veicoli in marcia;Incrocio;Una carreggiata a doppio senso;Asciutto;Asfaltata;Verticale ed orizzontale;Sereno;Normale;Buona;;3;0;0;1;12.4758;41.8828;-1;3;Autovettura privata;In marcia / fermata / arresto;Conducente;M;Illeso;0;;;
5923267;16;20/04/2022 17:40:00;;VIALE AURELIO SAFFI;in prossimit�;;del civico n.;4;;Veicolo in marcia contro veicolo in sosta;;;;;;;;;;0;0;0;2;;;0;1;Autovettura privata;In marcia / fermata / arresto;Conducente;F;Illeso;0;;;
5923267;16;20/04/2022 17:40:00;;VIALE AURELIO SAFFI;in prossimit�;;del civico n.;4;;Veicolo in marcia contro veicolo in sosta;;;;;;;;;;0;0;0;2;;;0;2;Autovettura privata;In marcia / fermata / arresto;Conducente;;Illeso;0;;;
5923289;16;20/04/2022 19:15:00;Strada Urbana;VIA DEL CASALE LUMBROSO;all'intersezione con;VIA ALESSANDRO SANTINI;VIA ALESSANDRO SANTINI;;;Scontro frontale/laterale DX fra veicoli in marcia;Incrocio;Una carreggiata a doppio senso;Asciutto;Asfaltata;Verticale ed orizzontale;Nuvoloso;Normale;Buona;;1;0;0;2;12.3601;41.8671;-1;1;Quadriciclo leggero;In marcia / fermata / arresto;Conducente;M;Rimandato;0;NON DECEDUTO;Non accertato;