Protocollo;Gruppo;DataOraIncidente;Localizzazione1;STRADA1;Localizzazione2;STRADA2;Strada02;Chilometrica;DaSpecificare;NaturaIncidente;particolaritastrade;TipoStrada;FondoStradale;Pavimentazione;Segnaletica;CondizioneAtmosferica;Traffico;Visibilita;Illuminazione;NUM_FERITI;NUM_RISERVATA;NUM_MORTI;NUM_ILLESI;Longitude;Latitude;Confermato;Progressivo;TipoVeicolo;StatoVeicolo;TipoPersona;Sesso;Tipolesione;Deceduto;DecedutoDopo;CinturaCascoUtilizzato;Airbag;
5923762;10;21/04/2022 15:25:00;Strada Urbana;CIRCONVALLAZIONE TUSCOLANA;all'intersezione con;VIA QUINTILIO VARO;VIA QUINTILIO VARO;;;Scontro frontale/laterale SX fra veicoli in marcia;Incrocio;Due carreggiate;Asciutto;Asfaltata;Verticale ed orizzontale;Nuvoloso;Normale;Buona;;0;0;0;2;12.5684;41.8516;-1;1;Autovettura privata;In marcia / fermata / arresto;Conducente;F;Illeso;0;;Non accertato;Esploso
5923762;10;21/04/2022 15:25:00;Strada Urbana;CIRCONVALLAZIONE TUSCOLANA;all'intersezione con;VIA QUINTILIO VARO;VIA QUINTILIO VARO;;;Scontro frontale/laterale SX fra veicoli in marcia;Incrocio;Due carreggiate;Asciutto;Asfaltata;Verticale ed orizzontale;Nuvoloso;Normale;Buona;;0;0;0;2;12.5684;41.8516;-1;2;Autovettura privata;In marcia / fermata / arresto;Conducente;M;Illeso;0;;Non accertato;Inesploso
5923798;17;18/04/2022 00:15:00;Strada Urbana;PIAZZALE CLODIO;all'intersezione semaforizzata con;VIALE GIUSEPPE MAZZINI;VIALE GIUSEPPE MAZZINI;;;Scontro frontale/laterale SX fra veicoli in marcia;Intersezione semaforizzata;Una carreggiata a senso unico di marcia;Asciutto;Asfaltata;Verticale ed orizzontale;Sereno;Normale;Sufficiente;;0;0;0;2;12.4548;41.9167;-1;1;Autovettura privata;In marcia / fermata / arresto;Conducente;M;Illeso;0;;Non accertato;Inesploso
5923798;17;18/04/2022 00:15:00;Strada Urbana;PIAZZALE CLODIO;all'intersezione semaforizzata con;VIALE GIUSEPPE MAZZINI;VIALE GIUSEPPE MAZZINI;;;Scontro frontale/laterale SX fra veicoli in marcia;Intersezione semaforizzata;Una carreggiata a senso unico di marcia;Asciutto;Asfaltata;Verticale ed orizzontale;Sereno;Normale;Sufficiente;;0;0;0;2;12.4548;41.9167;-1;2;Autovettura privata;In marcia / fermata / arresto;Conducente;M;Illeso;0;;Non accertato;
5923964;18;21/04/2022 17:00:00;Strada Urbana;VIA BALDO DEGLI UBALDI;in corrispondenza;;del civico n.;344;;Tamponamento;Rettilineo;Due carreggiate;Asciutto;Asfaltata;Verticale ed orizzontale;Nuvoloso;Normale;Buona;;0;0;0;2;12.44;41.9019;-1;1;Motociclo a solo;In marcia / fermata / arresto;Conducente;M;Illeso;0;;Non accertato;
5923964;18;21/04/2022 17:00:00;Strada Urbana;VIA BALDO DEGLI UBALDI;in corrispondenza;;del civico n.;344;;Tamponamento;Rettilineo;Due carreggiate;Asciutto;Asfaltata;Verticale ed orizzontale;Nuvoloso;Normale;Buona;;0;0;0;2;12.44;41.9019;-1;2;Autovettura privata;In marcia / fermata / arresto;Conducente;M;Illeso;0;;Non accertato;Inesploso
5924047;9;21/04/2022 07:40:00;Strada Urbana;VIA TUSCOLANA;all'intersezione con;VIALE AMELIA;VIALE AMELIA;;;Scontro frontale/laterale DX fra veicoli in marcia;Intersezione stradale segnalata;Una carreggiata a doppio senso;Asciutto;Asfaltata;Verticale ed orizzontale;Nuvoloso;Normale;Buona;;1;0;0;1;12.5249;41.8774;-1;1;Autovettura privata;In marcia / fermata / arresto;Conducente;M;Illeso;0;;Non accertato;Inesploso
5924047;9;21/04/2022 07:40:00;Strada Urbana;VIA TUSCOLANA;all'intersezione con;VIALE AMELIA;VIALE AMELIA;;;Scontro frontale/laterale DX fra veicoli in marcia;Intersezione stradale segnalata;Una carreggiata a doppio senso;Asciutto;Asfaltata;Verticale ed orizzontale;Nuvoloso;Normale;Buona;;1;0;0;1;12.5249;41.8774;-1;2;Velocipede;In marcia / fermata / arresto;Conducente;M;Rimandato;0;NON DECEDUTO;Esente;
5924050;9;21/04/2022 13:00:00;Strada Urbana;PIAZZA DEI RE DI ROMA;all'intersezione con;VIA ALBALONGA;VIA ALBALONGA;;;Scontro laterale fra veicoli in marcia;Intersezione stradale segnalata;Una carreggiata a senso unico di marcia;Asciutto;Asfaltata;Verticale ed orizzontale;Nuvoloso;Normale;Buona;;1;0;0;2;12.5139;41.8812;-1;1;Autocarro inferiore 35 q.;In marcia / fermata / arresto;Conducente;M;Illeso;0;;Non accertato;Inesploso
5924050;9;21/04/2022 13:00:00;Strada Urbana;PIAZZA DEI RE DI ROMA;all'intersezione con;VIA ALBALONGA;VIA ALBALONGA;;;Scontro laterale fra veicoli in marcia;Intersezione stradale segnalata;Una carreggiata a senso unico di marcia;Asciutto;Asfaltata;Verticale ed orizzontale;Nuvoloso;Normale;Buona;;1;0;0;2;12.5139;41.8812;-1;1;Autocarro inferiore 35 q.;In marcia / fermata / arresto;Passeggero;M;Illeso;0;;Non accertato;Inesploso
5924050;9;21/04/2022 13:00:00;Strada Urbana;PIAZZA DEI RE DI ROMA;all'intersezione con;VIA ALBALONGA;VIA ALBALONGA;;;Scontro laterale fra veicoli in marcia;Intersezione stradale segnalata;Una carreggiata a senso unico di marcia;Asciutto;Asfaltata;Verticale ed orizzontale;Nuvoloso;Normale;Buona;;1;0;0;2;12.5139;41.8812;-1;2;Autovettura privata;In marcia / fermata / arresto;Conducente;F;Rimandato;0;NON DECEDUTO;Non accertato;Inesploso
5924216;8;21/04/2022 10:30:00;Strada Urbana;VIA ARTEMIDE;da specificare;;;;in prossimit� di via di TORRENOVA;Tamponamento;Rettilineo;Una carreggiata a senso unico di marcia;Asciutto;Asfaltata;Verticale;Nuvoloso;Normale;Buona;;0;0;0;3;12.6186;41.877;-1;1;Autovettura privata;In marcia / fermata / arresto;Conducente;M;Illeso;0;;Non accertato;Inesploso
5924216;8;21/04/2022 10:30:00;Strada Urbana;VIA ARTEMIDE;da specificare;;;;in prossimit� di via di TORRENOVA;Tamponamento;Rettilineo;Una carreggiata a senso unico di marcia;Asciutto;Asfaltata;Verticale;Nuvoloso;Normale;Buona;;0;0;0;3;12.6186;41.877;-1;1;Autovettura privata;In marcia / fermata / arresto;Passeggero;F;Illeso;0;;Non accertato;Inesploso
5924216;8;21/04/2022 10:30:00;Strada Urbana;VIA ARTEMIDE;da specificare;;;;in prossimit� di via di TORRENOVA;Tamponamento;Rettilineo;Una carreggiata a senso unico di marcia;Asciutto;Asfaltata;Verticale;Nuvoloso;Normale;Buona;;0;0;0;3;12.6186;41.877;-1;1;Autovettura privata;In marcia / fermata / arresto;Passeggero;M;Illeso;0;;Non accertato;Inesploso
5924216;8;21/04/2022 10:30:00;Strada Urbana;VIA ARTEMIDE;da specificare;;;;in prossimit� di via di TORRENOVA;Tamponamento;Rettilineo;Una carreggiata a senso unico di marcia;Asciutto;Asfaltata;Verticale;Nuvoloso;Normale;Buona;;0;0;0;3;12.6186;41.877;-1;2;Autovettura privata;In marcia / fermata / arresto;;;;;;;
5924219;11;21/04/2022 10:10:00;Strada Urbana;VIA OSTIENSE;all'intersezione con;VIA GIULIO ROCCO;VIA GIULIO ROCCO;;;Scontro frontale/laterale DX fra veicoli in marcia;Incrocio;Pi� di due carreggiate;Asciutto;Asfaltata;Verticale ed orizzontale;Sereno;Normale;Buona;;0;0;0;2;12.4789;41.8629;-1;1;Autovettura privata;In marcia / fermata / arresto;Conducente;F;Illeso;0;;Non accertato;
5924219;11;21/04/2022 10:10:00;Strada Urbana;VIA OSTIENSE;all'intersezione con;VIA GIULIO ROCCO;VIA GIULIO ROCCO;;;Scontro frontale/laterale DX fra veicoli in marcia;Incrocio;Pi� di due carreggiate;Asciutto;Asfaltata;Verticale ed orizzontale;Sereno;Normale;Buona;;0;0;0;2;12.4789;41.8629;-1;2;Autovettura privata;In marcia / fermata / arresto;Conducente;M;Illeso;0;;Utilizzato;
5924221;8;21/04/2022 12:40:00;Strada Urbana;VIALE DELLA SORBONA;in prossimit�;;del palo luce n.;141;;Scontro laterale fra veicoli in marcia;Rotatoria;Una carreggiata a senso unico di marcia;Asciutto;Asfaltata;Verticale ed orizzontale;Sereno;Normale;Buona;;1;0;0;1;12.612;41.8546;-1;1;Autovettura privata;In marcia / fermata / arresto;Conducente;F;Rifiuta cure immediate;0;NON DECEDUTO;Non accertato;Esploso
5924221;8;21/04/2022 12:40:00;Strada Urbana;VIALE DELLA SORBONA;in prossimit�;;del palo luce n.;141;;Scontro laterale fra veicoli in marcia;Rotatoria;Una carreggiata a senso unico di marcia;Asciutto;Asfaltata;Verticale ed orizzontale;Sereno;Normale;Buona;;1;0;0;1;12.612;41.8546;-1;2;Autocarro inferiore 35 q.;In marcia / fermata / arresto;Conducente;M;Illeso;0;;Non accertato;Inesploso
5924224;8;21/04/2022 17:50:00;Strada Urbana;VIA TADDEO LANDINI;in corrispondenza;;del civico n.;7;;Investimento di pedone;Rettilineo;Una carreggiata a doppio senso;Asciutto;Asfaltata;Verticale ed orizzontale;Sereno;Scarso;Buona;;1;0;0;1;12.612;41.8603;-1;;;;Pedone;F;Rimandato;0;NON DECEDUTO;;
5924224;8;21/04/2022 17:50:00;Strada Urbana;VIA TADDEO LANDINI;in corrispondenza;;del civico n.;7;;Investimento di pedone;Rettilineo;Una carreggiata a doppio senso;Asciutto;Asfaltata;Verticale ed orizzontale;Sereno;Scarso;Buona;;1;0;0;1;12.612;41.8603;-1;1;Autovettura privata;In marcia / fermata / arresto;Conducente;F;Illeso;0;;Non accertato;Inesploso
5924226;11;21/04/2022 08:35:00;Strada Urbana;VIA OSTIENSE;in prossimit�;;del civico n.;491;;Tamponamento Multiplo;Rotatoria;Due carreggiate;Asciutto;Asfaltata;Verticale ed orizzontale;Nuvoloso;Normale;Buona;;1;0;0;2;12.4737;41.8472;-1;1;Autovettura privata;In marcia / fermata / arresto;Conducente;F;Illeso;0;;Non accertato;
5924226;11;21/04/2022 08:35:00;Strada Urbana;VIA OSTIENSE;in prossimit�;;del civico n.;491;;Tamponamento Multiplo;Rotatoria;Due carreggiate;Asciutto;Asfaltata;Verticale ed orizzontale;Nuvoloso;Normale;Buona;;1;0;0;2;12.4737;41.8472;-1;2;Autovettura privata;In marcia / fermata / arresto;Conducente;F;Rifiuta cure immediate;0;NON DECEDUTO;Non accertato;
5924226;11;21/04/2022 08:35:00;Strada Urbana;VIA OSTIENSE;in prossimit�;;del civico n.;491;;Tamponamento Multiplo;Rotatoria;Due carreggiate;Asciutto;Asfaltata;Verticale ed orizzontale;Nuvoloso;Normale;Buona;;1;0;0;2;12.4737;41.8472;-1;3;Autovettura privata;In marcia / fermata / arresto;Conducente;F;Illeso;0;;Non accertato;
5924228;20;21/04/2022 09:35:00;Strada Urbana;VIALE DI TOR DI QUINTO;da specificare;;;;fronte civico 35B;Tamponamento;Rettilineo;Una carreggiata a doppio senso;Asciutto;Asfaltata;Verticale ed orizzontale;Nuvoloso;Intenso;Buona;;0;0;0;2;12.4785;41.9447;-1;1;Autovettura privata;In marcia / fermata / arresto;Conducente;M;Illeso;0;;;
5924228;20;21/04/2022 09:35:00;Strada Urbana;VIALE DI TOR DI QUINTO;da specificare;;;;fronte civico 35B;Tamponamento;Rettilineo;Una carreggiata a doppio senso;Asciutto;Asfaltata;Verticale ed orizzontale;Nuvoloso;Intenso;Buona;;0;0;0;2;12.4785;41.9447;-1;2;Autovettura privata;In marcia / fermata / arresto;Conducente;M;Illeso;0;;;
5924239;1;21/04/2022 23:55:00;Strada Urbana;VIA DEL TEATRO DI MARCELLO;in prossimit�;;del civico n.;4;;Investimento di pedone;Rettilineo;Due carreggiate;Bagnato (pioggia);Acciotolata;Orizzontale;Pioggia in atto;Normale;Sufficiente;;1;0;0;3;12.4813;41.8935;-1;;;;Pedone;F;Rimandato;0;NON DECEDUTO;;
5924239;1;21/04/2022 23:55:00;Strada Urbana;VIA DEL TEATRO DI MARCELLO;in prossimit�;;del civico n.;4;;Investimento di pedone;Rettilineo;Due carreggiate;Bagnato (pioggia);Acciotolata;Orizzontale;Pioggia in atto;Normale;Sufficiente;;1;0;0;3;12.4813;41.8935;-1;1;Autovettura privata;In marcia / fermata / arresto;Conducente;M;Illeso;0;;;
5924239;1;21/04/2022 23:55:00;Strada Urbana;VIA DEL TEATRO DI MARCELLO;in prossimit�;;del civico n.;4;;Investimento di pedone;Rettilineo;Due carreggiate;Bagnato (pioggia);Acciotolata;Orizzontale;Pioggia in atto;Normale;Sufficiente;;1;0;0;3;12.4813;41.8935;-1;1;Autovettura privata;In marcia / fermata / arresto;Passeggero;F;Illeso;0;;;
5924239;1;21/04/2022 23:55:00;Strada Urbana;VIA DEL TEATRO DI MARCELLO;in prossimit�;;del civico n.;4;;Investimento di pedone;Rettilineo;Due carreggiate;Bagnato (pioggia);Acciotolata;Orizzontale;Pioggia in atto;Normale;Sufficiente;;1;0;0;3;12.4813;41.8935;-1;1;Autovettura privata;In marcia / fermata / arresto;Passeggero;F;Illeso;0;;;
5924265;20;21/04/2022 08:00:00;Strada Urbana;VIA VITTORIO PICCININI;in corrispondenza;;del civico n.;11;;Scontro laterale fra veicoli in marcia;Rettilineo;Una carreggiata a doppio senso;Asciutto;Asfaltata;Verticale ed orizzontale;Nuvoloso;Normale;Buona;;1;0;0;2;12.4082;41.9834;-1;1;Autovettura privata;In marcia / fermata / arresto;Conducente;F;Illeso;0;;Non accertato;
5924265;20;21/04/2022 08:00:00;Strada Urbana;VIA VITTORIO PICCININI;in corrispondenza;;del civico n.;11;;Scontro laterale fra veicoli in marcia;Rettilineo;Una carreggiata a doppio senso;Asciutto;Asfaltata;Verticale ed orizzontale;Nuvoloso;Normale;Buona;;1;0;0;2;12.4082;41.9834;-1;2;Ciclomotore;In marcia / fermata / arresto;Conducente;F;Rimandato;0;NON DECEDUTO;Non accertato;
5924265;20;21/04/2022 08:00:00;Strada Urbana;VIA VITTORIO PICCININI;in corrispondenza;;del civico n.;11;;Scontro laterale fra veicoli in marcia;Rettilineo;Una carreggiata a doppio senso;Asciutto;Asfaltata;Verticale ed orizzontale;Nuvoloso;Normale;Buona;;1;0;0;2;12.4082;41.9834;-1;2;Ciclomotore;In marcia / fermata / arresto;Passeggero;F;Illeso;0;;Non accertato;
5924272;5;21/04/2022 07:00:00;Strada Urbana;VIA DEI MONTI TIBURTINI;in corrispondenza;;del civico n.;768;;Veicolo in marcia contro ostacolo fisso;Rettilineo;Due carreggiate;Asciutto;Asfaltata;Verticale ed orizzontale;Nuvoloso;Normale;Buona;;1;0;0;0;12.553;41.9131;-1;1;Autovettura privata;In marcia / fermata / arresto;Conducente;M;Rimandato;0;NON DECEDUTO;Non accertato;Esploso
5924303;5;21/04/2022 09:20:00;Strada Urbana;VIA TIBURTINA;da specificare;;;;altezza intersezione via Lanciano dir. Centro;Scontro laterale fra veicoli in marcia;Rettilineo;Due carreggiate;Asciutto;Asfaltata;Verticale ed orizzontale;Nuvoloso;Intenso;Buona;;0;0;0;3;12.5744;41.9266;-1;1;Autovettura privata;In marcia / fermata / arresto;Conducente;F;Illeso;0;;Non accertato;
5924303;5;21/04/2022 09:20:00;Strada Urbana;VIA TIBURTINA;da specificare;;;;altezza intersezione via Lanciano dir. Centro;Scontro laterale fra veicoli in marcia;Rettilineo;Due carreggiate;Asciutto;Asfaltata;Verticale ed orizzontale;Nuvoloso;Intenso;Buona;;0;0;0;3;12.5744;41.9266;-1;1;Autovettura privata;In marcia / fermata / arresto;Passeggero;M;Illeso;0;;Non accertato;
5924303;5;21/04/2022 09:20:00;Strada Urbana;VIA TIBURTINA;da specificare;;;;altezza intersezione via Lanciano dir. Centro;Scontro laterale fra veicoli in marcia;Rettilineo;Due carreggiate;Asciutto;Asfaltata;Verticale ed orizzontale;Nuvoloso;Intenso;Buona;;0;0;0;3;12.5744;41.9266;-1;2;Autoarticolato;In marcia / fermata / arresto;Conducente;M;Illeso;0;;Non accertato;
5924313;11;21/04/2022 22:00:00;Strada Urbana;VIA CRISTOFORO COLOMBO;da specificare;;;;PROSSIMITA' PALO ACEA 576;Scontro laterale fra veicoli in marcia;Rettilineo;Due carreggiate;Bagnato (pioggia);Asfaltata;Verticale ed orizzontale;Nuvoloso;Scarso;Sufficiente;;1;0;0;1;12.4115;41.7858;-1;1;Autovettura privata;In marcia / fermata / arresto;Conducente;M;Illeso;0;;Non accertato;Inesploso
5924313;11;21/04/2022 22:00:00;Strada Urbana;VIA CRISTOFORO COLOMBO;da specificare;;;;PROSSIMITA' PALO ACEA 576;Scontro laterale fra veicoli in marcia;Rettilineo;Due carreggiate;Bagnato (pioggia);Asfaltata;Verticale ed orizzontale;Nuvoloso;Scarso;Sufficiente;;1;0;0;1;12.4115;41.7858;-1;2;Monopattino elettrico;In marcia / fermata / arresto;Conducente;M;Rimandato;0;NON DECEDUTO;Esente;Inesistente
5924316;17;21/04/2022 16:25:00;Strada Urbana;PIAZZA GIOVINE ITALIA;all'intersezione con;VIALE ANGELICO;VIALE ANGELICO;;;Scontro laterale fra veicoli in marcia;Incrocio;Una carreggiata a senso unico di marcia;Asciutto;Asfaltata;Verticale;Nuvoloso;Scarso;Buona;;1;0;0;1;12.4581;41.9137;-1;1;Autovettura privata;In marcia / fermata / arresto;Conducente;F;Illeso;0;;;
5924316;17;21/04/2022 16:25:00;Strada Urbana;PIAZZA GIOVINE ITALIA;all'intersezione con;VIALE ANGELICO;VIALE ANGELICO;;;Scontro laterale fra veicoli in marcia;Incrocio;Una carreggiata a senso unico di marcia;Asciutto;Asfaltata;Verticale;Nuvoloso;Scarso;Buona;;1;0;0;1;12.4581;41.9137;-1;2;Motociclo a solo;In marcia / fermata / arresto;Conducente;F;Rimandato;0;NON DECEDUTO;;
5924316;17;21/04/2022 16:25:00;Strada Urbana;PIAZZA GIOVINE ITALIA;all'intersezione con;VIALE ANGELICO;VIALE ANGELICO;;;Scontro laterale fra veicoli in marcia;Incrocio;Una carreggiata a senso unico di marcia;Asciutto;Asfaltata;Verticale;Nuvoloso;Scarso;Buona;;1;0;0;1;12.4581;41.9137;-1;3;Autovettura privata;Sosta;;;;;;;
5924334;1;21/04/2022 18:00:00;Strada Urbana;VIA DI S. VENANZIO;da specificare;;;;altezza L.go E. Berlinguer;Infortunio per sola frenata improvvisa;Curva a visuale libera;Una carreggiata a senso unico di marcia;Asciutto;In cubetti di porfido;Verticale ed orizzontale;Nuvoloso;Normale;Buona;;1;0;0;0;12.4811;41.8948;-1;1;Motociclo a solo;In marcia / fermata / arresto;Conducente;M;Rimandato;0;NON DECEDUTO;;
5924337;6;21/04/2022 16:30:00;Strada Urbana;CIRCONVALLAZIONE CASILINA;in prossimit�;;del civico n.;140;;Veicolo in marcia contro veicolo in sosta;Rettilineo;Pi� di due carreggiate;Asciutto;Asfaltata;Verticale ed orizzontale;Nuvoloso;Scarso;Buona;;0;0;0;1;12.5267;41.887;-1;1;Autovettura privata;In marcia / fermata / arresto;Conducente;M;Illeso;0;;Non accertato;Inesploso
5924337;6;21/04/2022 16:30:00;Strada Urbana;CIRCONVALLAZIONE CASILINA;in prossimit�;;del civico n.;140;;Veicolo in marcia contro veicolo in sosta;Rettilineo;Pi� di due carreggiate;Asciutto;Asfaltata;Verticale ed orizzontale;Nuvoloso;Scarso;Buona;;0;0;0;1;12.5267;41.887;-1;2;Autovettura privata;Sosta;;;;;;;
5924343;19;21/04/2022 14:00:00;Strada Urbana;PIAZZA DELLA BALDUINA;in prossimit�;;del civico n.;56;;Veicolo in marcia contro veicolo in sosta;Rettilineo;Una carreggiata a senso unico di marcia;Asciutto;Asfaltata;Verticale ed orizzontale;Nuvoloso;Normale;Buona;;0;0;0;1;12.4411;41.9191;-1;1;Autovettura privata;In marcia / fermata / arresto;Conducente;M;Illeso;0;;;
5924343;19;21/04/2022 14:00:00;Strada Urbana;PIAZZA DELLA BALDUINA;in prossimit�;;del civico n.;56;;Veicolo in marcia contro veicolo in sosta;Rettilineo;Una carreggiata a senso unico di marcia;Asciutto;Asfaltata;Verticale ed orizzontale;Nuvoloso;Normale;Buona;;0;0;0;1;12.4411;41.9191;-1;2;Autovettura privata;Sosta;;;;;;;
5924354;1;21/04/2022 16:25:00;Strada Urbana;PIAZZA DI S. MARIA MAGGIORE;all'intersezione con;VIA GIOBERTI;VIA GIOBERTI;;;Tamponamento;Incrocio;Una carreggiata a senso unico di marcia;Asciutto;Asfaltata;Verticale ed orizzontale;Nuvoloso;Normale;Buona;;0;0;0;2;12.4988;41.8972;-1;1;Autocarro inferiore 35 q.;In marcia / fermata / arresto;Conducente;M;Illeso;0;;;
5924354;1;21/04/2022 16:25:00;Strada Urbana;PIAZZA DI S. MARIA MAGGIORE;all'intersezione con;VIA GIOBERTI;VIA GIOBERTI;;;Tamponamento;Incrocio;Una carreggiata a senso unico di marcia;Asciutto;Asfaltata;Verticale ed orizzontale;Nuvoloso;Normale;Buona;;0;0;0;2;12.4988;41.8972;-1;2;Autovettura privata;In marcia / fermata / arresto;Conducente;F;Illeso;0;;;
5924356;5;21/04/2022 13:20:00;Strada Urbana;VIA PIETRO OTTOBONI;in prossimit�;;del civico n.;42;;Veicolo in marcia contro veicolo in sosta;Rettilineo;Una carreggiata a doppio senso;Asciutto;Asfaltata;Orizzontale;Nuvoloso;Normale;Buona;;0;0;0;1;12.5398;41.9076;-1;1;Motociclo a solo;Sosta;;;;;;;
5924356;5;21/04/2022 13:20:00;Strada Urbana;VIA PIETRO OTTOBONI;in prossimit�;;del civico n.;42;;Veicolo in marcia contro veicolo in sosta;Rettilineo;Una carreggiata a doppio senso;Asciutto;Asfaltata;Orizzontale;Nuvoloso;Normale;Buona;;0;0;0;1;12.5398;41.9076;-1;2;Autovettura privata;In marcia / fermata / arresto;Conducente;M;Illeso;0;;Non accertato;
5924357;6;21/04/2022 20:50:00;Strada Urbana;VIA ARENA;in prossimit�;;del civico n.;49;;Veicolo in marcia contro veicoli in sosta;Rettilineo;Una carreggiata a doppio senso;Asciutto;Asfaltata;Verticale ed orizzontale;Nuvoloso;Scarso;Sufficiente;;0;0;0;1;12.5666;41.8932;-1;1;Autovettura privata;In marcia / fermata / arresto;Conducente;M;Illeso;0;;Non accertato;Inesploso
5924357;6;21/04/2022 20:50:00;Strada Urbana;VIA ARENA;in prossimit�;;del civico n.;49;;Veicolo in marcia contro veicoli in sosta;Rettilineo;Una carreggiata a doppio senso;Asciutto;Asfaltata;Verticale ed orizzontale;Nuvoloso;Scarso;Sufficiente;;0;0;0;1;12.5666;41.8932;-1;2;Autovettura privata;Sosta;;;;;;;
5924357;6;21/04/2022 20:50:00;Strada Urbana;VIA ARENA;in prossimit�;;del civico n.;49;;Veicolo in marcia contro veicoli in sosta;Rettilineo;Una carreggiata a doppio senso;Asciutto;Asfaltata;Verticale ed orizzontale;Nuvoloso;Scarso;Sufficiente;;0;0;0;1;12.5666;41.8932;-1;3;Autovettura privata;Sosta;;;;;;;
5924364;5;21/04/2022 14:20:00;Strada Urbana;LARGO NINO FRANCHELLUCCI;da specificare;;;;prossimit� via Ettore Franceschini;Scontro frontale fra veicoli in marcia;Curva a visuale libera;Una carreggiata a doppio senso;Bagnato (pioggia);Asfaltata;Assente;Pioggia in atto;Scarso;Buona;;0;0;0;2;12.5738;41.9115;-1;1;Autovettura privata;In marcia / fermata / arresto;Conducente;F;Illeso;0;;Non accertato;
5924364;5;21/04/2022 14:20:00;Strada Urbana;LARGO NINO FRANCHELLUCCI;da specificare;;;;prossimit� via Ettore Franceschini;Scontro frontale fra veicoli in marcia;Curva a visuale libera;Una carreggiata a doppio senso;Bagnato (pioggia);Asfaltata;Assente;Pioggia in atto;Scarso;Buona;;0;0;0;2;12.5738;41.9115;-1;2;Autovettura privata;In marcia / fermata / arresto;Conducente;M;Illeso;0;;Non accertato;
5924365;15;22/04/2022 00:05:00;Strada Urbana;VIA DI AFFOGALASINO;in corrispondenza;;del civico n.;60;;Scontro laterale fra veicoli in marcia;Rettilineo;Una carreggiata a doppio senso;Bagnato (pioggia);Asfaltata;Orizzontale;Pioggia in atto;Scarso;Sufficiente;;0;0;0;2;12.435;41.8565;-1;1;Autovettura privata;In marcia / fermata / arresto;Conducente;F;Illeso;0;;Non accertato;Inesploso
5924365;15;22/04/2022 00:05:00;Strada Urbana;VIA DI AFFOGALASINO;in corrispondenza;;del civico n.;60;;Scontro laterale fra veicoli in marcia;Rettilineo;Una carreggiata a doppio senso;Bagnato (pioggia);Asfaltata;Orizzontale;Pioggia in atto;Scarso;Sufficiente;;0;0;0;2;12.435;41.8565;-1;2;Autovettura privata;In marcia / fermata / arresto;Conducente;M;Illeso;0;;Non accertato;Inesploso
5924377;10;21/04/2022 08:50:00;Strada Urbana;VIA APPIA NUOVA;in prossimit�;;del palo luce n.;438;;Tamponamento Multiplo;Rettilineo;Due carreggiate;Asciutto;Asfaltata;Verticale ed orizzontale;Sereno;Normale;Buona;;1;0;0;2;12.5605;41.8257;-1;1;Autovettura privata;Allontanatosi;;;;;;;
5924377;10;21/04/2022 08:50:00;Strada Urbana;VIA APPIA NUOVA;in prossimit�;;del palo luce n.;438;;Tamponamento Multiplo;Rettilineo;Due carreggiate;Asciutto;Asfaltata;Verticale ed orizzontale;Sereno;Normale;Buona;;1;0;0;2;12.5605;41.8257;-1;2;Autovettura privata;In marcia / fermata / arresto;Conducente;F;Rimandato;0;NON DECEDUTO;Non accertato;Inesploso
5924377;10;21/04/2022 08:50:00;Strada Urbana;VIA APPIA NUOVA;in prossimit�;;del palo luce n.;438;;Tamponamento Multiplo;Rettilineo;Due carreggiate;Asciutto;Asfaltata;Verticale ed orizzontale;Sereno;Normale;Buona;;1;0;0;2;12.5605;41.8257;-1;3;Autovettura privata;In marcia / fermata / arresto;Conducente;F;Illeso;0;;Non accertato;Inesploso
5924377;10;21/04/2022 08:50:00;Strada Urbana;VIA APPIA NUOVA;in prossimit�;;del palo luce n.;438;;Tamponamento Multiplo;Rettilineo;Due carreggiate;Asciutto;Asfaltata;Verticale ed orizzontale;Sereno;Normale;Buona;;1;0;0;2;12.5605;41.8257;-1;4;Autovettura privata;In marcia / fermata / arresto;Conducente;F;Illeso;0;;Non accertato;Inesploso
5924380;7;21/04/2022 09:40:00;Strada Urbana;VIA TOR DE' SCHIAVI;all'intersezione con;VIA DEI GLICINI;VIA DEI GLICINI;;;Scontro frontale/laterale DX fra veicoli in marcia;Incrocio;Una carreggiata a doppio senso;Asciutto;Asfaltata;Verticale ed orizzontale;Nuvoloso;Normale;Buona;;1;0;0;1;12.5638;41.8797;-1;1;Autovettura privata;In marcia / fermata / arresto;Conducente;M;Illeso;0;;Non accertato;Inesploso
5924380;7;21/04/2022 09:40:00;Strada Urbana;VIA TOR DE' SCHIAVI;all'intersezione con;VIA DEI GLICINI;VIA DEI GLICINI;;;Scontro frontale/laterale DX fra veicoli in marcia;Incrocio;Una carreggiata a doppio senso;Asciutto;Asfaltata;Verticale ed orizzontale;Nuvoloso;Normale;Buona;;1;0;0;1;12.5638;41.8797;-1;2;Motociclo a solo;In marcia / fermata / arresto;Conducente;M;Rimandato;0;NON DECEDUTO;Non accertato;
5924394;6;22/04/2022 07:50:00;Provinciale entro l'abitato;VIA PRENESTINA;in corrispondenza;;del civico n.;369 C;;Veicolo in marcia contro veicolo arresto;Rettilineo;Pi� di due carreggiate;Asciutto;Asfaltata;Verticale ed orizzontale;Nuvoloso;Intenso;Buona;;0;0;0;2;12.5595;41.895;-1;1;Autovettura privata;In marcia / fermata / arresto;Conducente;F;Illeso;0;;Non accertato;Inesploso