Protocollo;Gruppo;DataOraIncidente;Localizzazione1;STRADA1;Localizzazione2;STRADA2;Strada02;Chilometrica;DaSpecificare;NaturaIncidente;particolaritastrade;TipoStrada;FondoStradale;Pavimentazione;Segnaletica;CondizioneAtmosferica;Traffico;Visibilita;Illuminazione;NUM_FERITI;NUM_RISERVATA;NUM_MORTI;NUM_ILLESI;Longitude;Latitude;Confermato;Progressivo;TipoVeicolo;StatoVeicolo;TipoPersona;Sesso;Tipolesione;Deceduto;DecedutoDopo;CinturaCascoUtilizzato;Airbag;
5925928;13;22/04/2022 17:30:00;;PIAZZA VEGA;in corrispondenza;;del civico n.;9;;Veicolo in marcia contro veicolo in sosta;;;;;;;;;;0;0;0;2;12.294;41.7267;0;2;Autovettura privata;In marcia / fermata / arresto;Conducente;M;Illeso;0;;;
5925929;13;22/04/2022 18:10:00;Strada Urbana;VIA DELLE GONDOLE;all'intersezione con;VIA DEI VELIERI;VIA DEI VELIERI;;;Scontro frontale/laterale DX fra veicoli in marcia;Incrocio;Una carreggiata a senso unico di marcia;Asciutto;Asfaltata;Verticale ed orizzontale;Sereno;Normale;Buona;;0;0;0;4;12.2766;41.7354;-1;1;Autovettura privata;In marcia / fermata / arresto;Conducente;M;Illeso;0;;Non accertato;Inesploso
5925929;13;22/04/2022 18:10:00;Strada Urbana;VIA DELLE GONDOLE;all'intersezione con;VIA DEI VELIERI;VIA DEI VELIERI;;;Scontro frontale/laterale DX fra veicoli in marcia;Incrocio;Una carreggiata a senso unico di marcia;Asciutto;Asfaltata;Verticale ed orizzontale;Sereno;Normale;Buona;;0;0;0;4;12.2766;41.7354;-1;2;Autovettura privata;In marcia / fermata / arresto;Conducente;M;Illeso;0;;Non accertato;Inesploso
5925929;13;22/04/2022 18:10:00;Strada Urbana;VIA DELLE GONDOLE;all'intersezione con;VIA DEI VELIERI;VIA DEI VELIERI;;;Scontro frontale/laterale DX fra veicoli in marcia;Incrocio;Una carreggiata a senso unico di marcia;Asciutto;Asfaltata;Verticale ed orizzontale;Sereno;Normale;Buona;;0;0;0;4;12.2766;41.7354;-1;2;Autovettura privata;In marcia / fermata / arresto;Passeggero;M;Illeso;0;;Non accertato;Inesploso
5925929;13;22/04/2022 18:10:00;Strada Urbana;VIA DELLE GONDOLE;all'intersezione con;VIA DEI VELIERI;VIA DEI VELIERI;;;Scontro frontale/laterale DX fra veicoli in marcia;Incrocio;Una carreggiata a senso unico di marcia;Asciutto;Asfaltata;Verticale ed orizzontale;Sereno;Normale;Buona;;0;0;0;4;12.2766;41.7354;-1;2;Autovettura privata;In marcia / fermata / arresto;Passeggero;M;Illeso;0;;Non accertato;Inesploso
5925939;20;22/04/2022 17:00:00;Strada Urbana;LARGO DELLA GIUSTINIANA;da specificare;;;;PROSSIMIT� CIVICO 1328;Scontro laterale fra veicoli in marcia;Rettilineo;Una carreggiata a senso unico di marcia;Asciutto;Asfaltata;Verticale ed orizzontale;Nuvoloso;Intenso;Buona;;0;0;0;3;12.4549;41.9943;-1;1;Motociclo a solo;In marcia / fermata / arresto;Conducente;M;Illeso;0;;;
5925939;20;22/04/2022 17:00:00;Strada Urbana;LARGO DELLA GIUSTINIANA;da specificare;;;;PROSSIMIT� CIVICO 1328;Scontro laterale fra veicoli in marcia;Rettilineo;Una carreggiata a senso unico di marcia;Asciutto;Asfaltata;Verticale ed orizzontale;Nuvoloso;Intenso;Buona;;0;0;0;3;12.4549;41.9943;-1;2;Autovettura privata;In marcia / fermata / arresto;Conducente;M;Illeso;0;;;
5925939;20;22/04/2022 17:00:00;Strada Urbana;LARGO DELLA GIUSTINIANA;da specificare;;;;PROSSIMIT� CIVICO 1328;Scontro laterale fra veicoli in marcia;Rettilineo;Una carreggiata a senso unico di marcia;Asciutto;Asfaltata;Verticale ed orizzontale;Nuvoloso;Intenso;Buona;;0;0;0;3;12.4549;41.9943;-1;2;Autovettura privata;In marcia / fermata / arresto;Passeggero;M;Illeso;0;;;
5925946;1;22/04/2022 17:45:00;Strada Urbana;VIA GIROLAMO INDUNO;all'intersezione con;VIA JACOPA DE' SETTESOLI;VIA JACOPA DE' SETTESOLI;;;Investimento di pedone;Intersezione non regolata/non segnalata;Una carreggiata a doppio senso;Asciutto;In cubetti di porfido;Verticale ed orizzontale;Sereno;Normale;Buona;;1;0;0;1;12.4719;41.8849;-1;;;;Pedone;F;Rimandato;0;NON DECEDUTO;;
5925946;1;22/04/2022 17:45:00;Strada Urbana;VIA GIROLAMO INDUNO;all'intersezione con;VIA JACOPA DE' SETTESOLI;VIA JACOPA DE' SETTESOLI;;;Investimento di pedone;Intersezione non regolata/non segnalata;Una carreggiata a doppio senso;Asciutto;In cubetti di porfido;Verticale ed orizzontale;Sereno;Normale;Buona;;1;0;0;1;12.4719;41.8849;-1;1;Autovettura privata;In marcia / fermata / arresto;Conducente;M;Illeso;0;;;
5926000;1;22/04/2022 12:35:00;Strada Urbana;VIA CASTELFIDARDO;in prossimit�;;del civico n.;12;;Veicolo in marcia contro ostacolo accidentale;Rettilineo;Una carreggiata a senso unico di marcia;Asciutto;Asfaltata;Temporanea di cantiere;Nuvoloso;Scarso;Buona;;0;0;0;1;12.4997;41.9075;-1;1;Motociclo a solo;In marcia / fermata / arresto;Conducente;M;Illeso;0;;;
5926016;1;22/04/2022 01:52:00;Strada Urbana;PIAZZA DI S. GIOVANNI IN LATERANO;all'intersezione semaforizzata con;VIA MERULANA;VIA MERULANA;;;Tamponamento;Intersezione semaforizzata;Due carreggiate;Asciutto;Asfaltata;Verticale ed orizzontale;Nuvoloso;Intenso;Buona;;0;0;0;3;;;0;1;Autovettura privata;In marcia / fermata / arresto;Conducente;F;Illeso;0;;;
5926016;1;22/04/2022 01:52:00;Strada Urbana;PIAZZA DI S. GIOVANNI IN LATERANO;all'intersezione semaforizzata con;VIA MERULANA;VIA MERULANA;;;Tamponamento;Intersezione semaforizzata;Due carreggiate;Asciutto;Asfaltata;Verticale ed orizzontale;Nuvoloso;Intenso;Buona;;0;0;0;3;;;0;1;Autovettura privata;In marcia / fermata / arresto;Passeggero;F;Illeso;0;;;
5926016;1;22/04/2022 01:52:00;Strada Urbana;PIAZZA DI S. GIOVANNI IN LATERANO;all'intersezione semaforizzata con;VIA MERULANA;VIA MERULANA;;;Tamponamento;Intersezione semaforizzata;Due carreggiate;Asciutto;Asfaltata;Verticale ed orizzontale;Nuvoloso;Intenso;Buona;;0;0;0;3;;;0;2;Autovettura privata;In marcia / fermata / arresto;Conducente;M;Illeso;0;;;
5926032;4;23/04/2022 03:40:00;Strada Urbana;VIA NOMENTANA;all'intersezione semaforizzata con;VIA DEL CASALE DI S. BASILIO;VIA DEL CASALE DI S. BASILIO;;;Scontro frontale/laterale DX fra veicoli in marcia;Intersezione semaforizzata;Una carreggiata a doppio senso;Asciutto;Asfaltata;Verticale ed orizzontale;Sereno;Normale;Buona;;0;0;0;7;12.5737;41.959;-1;1;Autovettura privata;In marcia / fermata / arresto;Conducente;F;Illeso;0;;;
5926032;4;23/04/2022 03:40:00;Strada Urbana;VIA NOMENTANA;all'intersezione semaforizzata con;VIA DEL CASALE DI S. BASILIO;VIA DEL CASALE DI S. BASILIO;;;Scontro frontale/laterale DX fra veicoli in marcia;Intersezione semaforizzata;Una carreggiata a doppio senso;Asciutto;Asfaltata;Verticale ed orizzontale;Sereno;Normale;Buona;;0;0;0;7;12.5737;41.959;-1;1;Autovettura privata;In marcia / fermata / arresto;Passeggero;F;Illeso;0;;;
5926032;4;23/04/2022 03:40:00;Strada Urbana;VIA NOMENTANA;all'intersezione semaforizzata con;VIA DEL CASALE DI S. BASILIO;VIA DEL CASALE DI S. BASILIO;;;Scontro frontale/laterale DX fra veicoli in marcia;Intersezione semaforizzata;Una carreggiata a doppio senso;Asciutto;Asfaltata;Verticale ed orizzontale;Sereno;Normale;Buona;;0;0;0;7;12.5737;41.959;-1;2;Autovettura privata;In marcia / fermata / arresto;Conducente;F;Illeso;0;;;
5926032;4;23/04/2022 03:40:00;Strada Urbana;VIA NOMENTANA;all'intersezione semaforizzata con;VIA DEL CASALE DI S. BASILIO;VIA DEL CASALE DI S. BASILIO;;;Scontro frontale/laterale DX fra veicoli in marcia;Intersezione semaforizzata;Una carreggiata a doppio senso;Asciutto;Asfaltata;Verticale ed orizzontale;Sereno;Normale;Buona;;0;0;0;7;12.5737;41.959;-1;2;Autovettura privata;In marcia / fermata / arresto;Passeggero;F;Illeso;0;;;
5926032;4;23/04/2022 03:40:00;Strada Urbana;VIA NOMENTANA;all'intersezione semaforizzata con;VIA DEL CASALE DI S. BASILIO;VIA DEL CASALE DI S. BASILIO;;;Scontro frontale/laterale DX fra veicoli in marcia;Intersezione semaforizzata;Una carreggiata a doppio senso;Asciutto;Asfaltata;Verticale ed orizzontale;Sereno;Normale;Buona;;0;0;0;7;12.5737;41.959;-1;2;Autovettura privata;In marcia / fermata / arresto;Passeggero;F;Illeso;0;;;
5926032;4;23/04/2022 03:40:00;Strada Urbana;VIA NOMENTANA;all'intersezione semaforizzata con;VIA DEL CASALE DI S. BASILIO;VIA DEL CASALE DI S. BASILIO;;;Scontro frontale/laterale DX fra veicoli in marcia;Intersezione semaforizzata;Una carreggiata a doppio senso;Asciutto;Asfaltata;Verticale ed orizzontale;Sereno;Normale;Buona;;0;0;0;7;12.5737;41.959;-1;2;Autovettura privata;In marcia / fermata / arresto;Passeggero;F;Illeso;0;;;
5926064;1;22/04/2022 11:20:00;Strada Urbana;VIA MERULANA;da specificare;;;;f. c. 171;Scontro laterale fra veicoli in marcia;Rettilineo;Una carreggiata a doppio senso;Bagnato (pioggia);Asfaltata;Verticale ed orizzontale;Nuvoloso;Normale;Buona;;0;0;0;2;12.502;41.8918;-1;1;Autocarro superiore 35 q.;In marcia / fermata / arresto;Conducente;M;Illeso;0;;;
5926064;1;22/04/2022 11:20:00;Strada Urbana;VIA MERULANA;da specificare;;;;f. c. 171;Scontro laterale fra veicoli in marcia;Rettilineo;Una carreggiata a doppio senso;Bagnato (pioggia);Asfaltata;Verticale ed orizzontale;Nuvoloso;Normale;Buona;;0;0;0;2;12.502;41.8918;-1;2;Autovettura privata;In marcia / fermata / arresto;Conducente;M;Illeso;0;;;
5926074;4;22/04/2022 18:00:00;Strada Urbana;VIA GIOVANNI CONTI;all'intersezione con;VIA MONTE MASSICO;VIA MONTE MASSICO;;;Scontro laterale fra veicoli in marcia;Incrocio;Due carreggiate;Asciutto;Asfaltata;Verticale ed orizzontale;Sereno;Normale;Buona;;1;0;0;1;12.5316;41.9551;-1;1;Motociclo a solo;In marcia / fermata / arresto;Conducente;M;Illeso;0;;Non accertato;
5926074;4;22/04/2022 18:00:00;Strada Urbana;VIA GIOVANNI CONTI;all'intersezione con;VIA MONTE MASSICO;VIA MONTE MASSICO;;;Scontro laterale fra veicoli in marcia;Incrocio;Due carreggiate;Asciutto;Asfaltata;Verticale ed orizzontale;Sereno;Normale;Buona;;1;0;0;1;12.5316;41.9551;-1;2;Motociclo a solo;In marcia / fermata / arresto;Conducente;F;Rimandato;0;NON DECEDUTO;Non accertato;
5926099;1;22/04/2022 16:30:00;Strada Urbana;VIA PALESTRO;all'intersezione semaforizzata con;VIA DEL CASTRO PRETORIO;VIA DEL CASTRO PRETORIO;;;Scontro laterale fra veicoli in marcia;Intersezione semaforizzata;Due carreggiate;Asciutto;Asfaltata;Verticale ed orizzontale;Sereno;Normale;Buona;;0;0;0;3;12.5069;41.9028;-1;1;Motociclo con passeggero;In marcia / fermata / arresto;Conducente;M;Illeso;0;;;
5926099;1;22/04/2022 16:30:00;Strada Urbana;VIA PALESTRO;all'intersezione semaforizzata con;VIA DEL CASTRO PRETORIO;VIA DEL CASTRO PRETORIO;;;Scontro laterale fra veicoli in marcia;Intersezione semaforizzata;Due carreggiate;Asciutto;Asfaltata;Verticale ed orizzontale;Sereno;Normale;Buona;;0;0;0;3;12.5069;41.9028;-1;1;Motociclo con passeggero;In marcia / fermata / arresto;Passeggero;M;Illeso;0;;;
5926099;1;22/04/2022 16:30:00;Strada Urbana;VIA PALESTRO;all'intersezione semaforizzata con;VIA DEL CASTRO PRETORIO;VIA DEL CASTRO PRETORIO;;;Scontro laterale fra veicoli in marcia;Intersezione semaforizzata;Due carreggiate;Asciutto;Asfaltata;Verticale ed orizzontale;Sereno;Normale;Buona;;0;0;0;3;12.5069;41.9028;-1;2;Autovettura privata;In marcia / fermata / arresto;Conducente;M;Illeso;0;;;
5926135;4;22/04/2022 17:10:00;Strada Urbana;VIA TERESA BOETTI VALVASSURA;in prossimit�;;del civico n.;50B;;Scontro laterale fra veicoli in marcia;Rettilineo;Una carreggiata a doppio senso;Asciutto;Asfaltata;Orizzontale;Sereno;Normale;Buona;;0;0;0;2;12.5345;41.9611;-1;1;Autovettura privata;In marcia / fermata / arresto;Conducente;M;Illeso;0;;Non accertato;Inesploso
5926135;4;22/04/2022 17:10:00;Strada Urbana;VIA TERESA BOETTI VALVASSURA;in prossimit�;;del civico n.;50B;;Scontro laterale fra veicoli in marcia;Rettilineo;Una carreggiata a doppio senso;Asciutto;Asfaltata;Orizzontale;Sereno;Normale;Buona;;0;0;0;2;12.5345;41.9611;-1;2;Autovettura privata;In marcia / fermata / arresto;Conducente;F;Illeso;0;;Non accertato;Inesploso
5926169;4;22/04/2022 13:30:00;Strada Urbana;VIA DELLE VIGNE NUOVE;da specificare;;;;prossimit� via GINO CERVI;Tamponamento;Rettilineo;Due carreggiate;Bagnato (pioggia);Asfaltata;Verticale ed orizzontale;Nuvoloso;Normale;Buona;;1;0;0;1;12.5358;41.9554;-1;1;Autovettura privata;In marcia / fermata / arresto;Conducente;M;Illeso;0;;Non accertato;Inesploso
5926169;4;22/04/2022 13:30:00;Strada Urbana;VIA DELLE VIGNE NUOVE;da specificare;;;;prossimit� via GINO CERVI;Tamponamento;Rettilineo;Due carreggiate;Bagnato (pioggia);Asfaltata;Verticale ed orizzontale;Nuvoloso;Normale;Buona;;1;0;0;1;12.5358;41.9554;-1;2;Autovettura privata;In marcia / fermata / arresto;Conducente;F;Rifiuta cure immediate;0;NON DECEDUTO;Non accertato;Inesploso
5926173;23;22/04/2022 18:05:00;Strada Urbana;VIA CELIO VIBENNA;all'intersezione con;PIAZZA DEL COLOSSEO;PIAZZA DEL COLOSSEO;;;Scontro laterale fra veicoli in marcia;Intersezione semaforizzata;Due carreggiate;Asciutto;Asfaltata;Verticale ed orizzontale;Nuvoloso;Normale;Buona;;0;0;0;4;12.4918;41.8892;-1;1;Autovettura privata;In marcia / fermata / arresto;Conducente;F;Illeso;0;;Non accertato;Inesploso
5926173;23;22/04/2022 18:05:00;Strada Urbana;VIA CELIO VIBENNA;all'intersezione con;PIAZZA DEL COLOSSEO;PIAZZA DEL COLOSSEO;;;Scontro laterale fra veicoli in marcia;Intersezione semaforizzata;Due carreggiate;Asciutto;Asfaltata;Verticale ed orizzontale;Nuvoloso;Normale;Buona;;0;0;0;4;12.4918;41.8892;-1;1;Autovettura privata;In marcia / fermata / arresto;Passeggero;M;Illeso;0;;Non accertato;Inesploso
5926173;23;22/04/2022 18:05:00;Strada Urbana;VIA CELIO VIBENNA;all'intersezione con;PIAZZA DEL COLOSSEO;PIAZZA DEL COLOSSEO;;;Scontro laterale fra veicoli in marcia;Intersezione semaforizzata;Due carreggiate;Asciutto;Asfaltata;Verticale ed orizzontale;Nuvoloso;Normale;Buona;;0;0;0;4;12.4918;41.8892;-1;2;Autovettura di polizia;In marcia / fermata / arresto;Conducente;M;Illeso;0;;Non accertato;Inesploso
5926173;23;22/04/2022 18:05:00;Strada Urbana;VIA CELIO VIBENNA;all'intersezione con;PIAZZA DEL COLOSSEO;PIAZZA DEL COLOSSEO;;;Scontro laterale fra veicoli in marcia;Intersezione semaforizzata;Due carreggiate;Asciutto;Asfaltata;Verticale ed orizzontale;Nuvoloso;Normale;Buona;;0;0;0;4;12.4918;41.8892;-1;2;Autovettura di polizia;In marcia / fermata / arresto;Passeggero;F;Illeso;0;;Utilizzato;Inesploso
5926187;1;21/04/2022 11:10:00;Strada Urbana;PIAZZA S. BERNARDO;all'intersezione con;VIA VITTORIO EMANUELE ORLANDO;VIA VITTORIO EMANUELE ORLANDO;;;Scontro laterale fra veicoli in marcia;Incrocio;Una carreggiata a senso unico di marcia;Asciutto;Asfaltata;Verticale ed orizzontale;Nuvoloso;Intenso;Buona;;0;0;0;2;12.4944;41.9042;-1;1;Autovettura privata;In marcia / fermata / arresto;Conducente;F;Illeso;0;;;
5926187;1;21/04/2022 11:10:00;Strada Urbana;PIAZZA S. BERNARDO;all'intersezione con;VIA VITTORIO EMANUELE ORLANDO;VIA VITTORIO EMANUELE ORLANDO;;;Scontro laterale fra veicoli in marcia;Incrocio;Una carreggiata a senso unico di marcia;Asciutto;Asfaltata;Verticale ed orizzontale;Nuvoloso;Intenso;Buona;;0;0;0;2;12.4944;41.9042;-1;2;Autocarro inferiore 35 q.;In marcia / fermata / arresto;Conducente;M;Illeso;0;;;
5926196;4;22/04/2022 07:55:00;Strada Urbana;VIA STELVIO;in prossimit�;;del civico n.;22;;Scontro laterale fra veicoli in marcia;Rettilineo;Una carreggiata a senso unico di marcia;Bagnato (umidit� in atto);Asfaltata;Verticale ed orizzontale;Nuvoloso;Intenso;Buona;;0;0;0;3;12.5362;41.9417;-1;1;Autovettura privata;In marcia / fermata / arresto;Conducente;M;Illeso;0;;Non accertato;Inesploso
5926196;4;22/04/2022 07:55:00;Strada Urbana;VIA STELVIO;in prossimit�;;del civico n.;22;;Scontro laterale fra veicoli in marcia;Rettilineo;Una carreggiata a senso unico di marcia;Bagnato (umidit� in atto);Asfaltata;Verticale ed orizzontale;Nuvoloso;Intenso;Buona;;0;0;0;3;12.5362;41.9417;-1;1;Autovettura privata;In marcia / fermata / arresto;Passeggero;M;Illeso;0;;;
5926196;4;22/04/2022 07:55:00;Strada Urbana;VIA STELVIO;in prossimit�;;del civico n.;22;;Scontro laterale fra veicoli in marcia;Rettilineo;Una carreggiata a senso unico di marcia;Bagnato (umidit� in atto);Asfaltata;Verticale ed orizzontale;Nuvoloso;Intenso;Buona;;0;0;0;3;12.5362;41.9417;-1;2;Motociclo a solo;In marcia / fermata / arresto;Conducente;M;Illeso;0;;;
5926214;6;23/04/2022 09:50:00;Strada Urbana;VIALE DELLA VENEZIA GIULIA;all'intersezione con;VIA ROVIGNO D'ISTRIA;VIA ROVIGNO D'ISTRIA;;;Scontro frontale/laterale DX fra veicoli in marcia;Incrocio;Una carreggiata a doppio senso;Asciutto;Asfaltata;Verticale ed orizzontale;Sereno;Normale;Buona;;0;0;0;4;12.5564;41.8964;-1;1;Autovettura privata;In marcia / fermata / arresto;Conducente;M;Illeso;0;;;Inesploso
5926214;6;23/04/2022 09:50:00;Strada Urbana;VIALE DELLA VENEZIA GIULIA;all'intersezione con;VIA ROVIGNO D'ISTRIA;VIA ROVIGNO D'ISTRIA;;;Scontro frontale/laterale DX fra veicoli in marcia;Incrocio;Una carreggiata a doppio senso;Asciutto;Asfaltata;Verticale ed orizzontale;Sereno;Normale;Buona;;0;0;0;4;12.5564;41.8964;-1;1;Autovettura privata;In marcia / fermata / arresto;Passeggero;M;Illeso;0;;;
5926214;6;23/04/2022 09:50:00;Strada Urbana;VIALE DELLA VENEZIA GIULIA;all'intersezione con;VIA ROVIGNO D'ISTRIA;VIA ROVIGNO D'ISTRIA;;;Scontro frontale/laterale DX fra veicoli in marcia;Incrocio;Una carreggiata a doppio senso;Asciutto;Asfaltata;Verticale ed orizzontale;Sereno;Normale;Buona;;0;0;0;4;12.5564;41.8964;-1;1;Autovettura privata;In marcia / fermata / arresto;Passeggero;F;Illeso;0;;;
5926214;6;23/04/2022 09:50:00;Strada Urbana;VIALE DELLA VENEZIA GIULIA;all'intersezione con;VIA ROVIGNO D'ISTRIA;VIA ROVIGNO D'ISTRIA;;;Scontro frontale/laterale DX fra veicoli in marcia;Incrocio;Una carreggiata a doppio senso;Asciutto;Asfaltata;Verticale ed orizzontale;Sereno;Normale;Buona;;0;0;0;4;12.5564;41.8964;-1;2;Autovettura privata;In marcia / fermata / arresto;Conducente;M;Illeso;0;;;
5926461;10;22/04/2022 15:45:00;Strada Urbana;VIALE PALMIRO TOGLIATTI;in prossimit�;;del palo luce n.;134;;Veicolo in marcia contro ostacolo fisso;Rettilineo;Pi� di due carreggiate;Asciutto;Asfaltata;Verticale ed orizzontale;Sereno;Normale;Buona;;1;0;0;0;12.5684;41.8704;-1;1;Autovettura privata;In marcia / fermata / arresto;Conducente;M;Rimandato;0;NON DECEDUTO;Non accertato;Inesploso
5926490;10;22/04/2022 18:00:00;Strada Urbana;VIA CALPURNIO FIAMMA;in prossimit�;;del civico n.;7;;Veicolo in marcia contro veicolo fermo;Rettilineo;Due carreggiate;Asciutto;Asfaltata;Verticale ed orizzontale;Sereno;Normale;Sufficiente;;0;0;0;2;12.5592;41.8591;-1;1;Autovettura privata;In marcia / fermata / arresto;Conducente;M;Illeso;0;;Non accertato;Inesploso
5926490;10;22/04/2022 18:00:00;Strada Urbana;VIA CALPURNIO FIAMMA;in prossimit�;;del civico n.;7;;Veicolo in marcia contro veicolo fermo;Rettilineo;Due carreggiate;Asciutto;Asfaltata;Verticale ed orizzontale;Sereno;Normale;Sufficiente;;0;0;0;2;12.5592;41.8591;-1;2;Autovettura privata;In marcia / fermata / arresto;Conducente;M;Illeso;0;;Non accertato;Inesploso
5926509;10;23/04/2022 10:30:00;Strada Urbana;VIA TUSCOLANA;in prossimit�;;del civico n.;1245;;Scontro laterale fra veicoli in marcia;Rettilineo;Una carreggiata a senso unico di marcia;Asciutto;Asfaltata;Verticale ed orizzontale;Sereno;Normale;Buona;;1;0;0;1;12.6018;41.8363;-1;1;Autovettura privata;In marcia / fermata / arresto;Conducente;F;Illeso;0;;Non accertato;Inesploso
5926509;10;23/04/2022 10:30:00;Strada Urbana;VIA TUSCOLANA;in prossimit�;;del civico n.;1245;;Scontro laterale fra veicoli in marcia;Rettilineo;Una carreggiata a senso unico di marcia;Asciutto;Asfaltata;Verticale ed orizzontale;Sereno;Normale;Buona;;1;0;0;1;12.6018;41.8363;-1;2;Motociclo con passeggero;In marcia / fermata / arresto;Conducente;M;Ricoverato;0;NON DECEDUTO;Non accertato;
5926586;10;23/04/2022 10:00:00;Strada Urbana;VIA ANAGNINA;in corrispondenza;;del civico n.;175;;Scontro frontale/laterale DX fra veicoli in marcia;Rettilineo;Due carreggiate;Asciutto;Asfaltata;Verticale ed orizzontale;Sereno;Normale;Buona;;1;0;0;2;12.6029;41.8261;-1;1;Motociclo a solo;In marcia / fermata / arresto;Conducente;M;Ricoverato;0;NON DECEDUTO;Non accertato;
5926586;10;23/04/2022 10:00:00;Strada Urbana;VIA ANAGNINA;in corrispondenza;;del civico n.;175;;Scontro frontale/laterale DX fra veicoli in marcia;Rettilineo;Due carreggiate;Asciutto;Asfaltata;Verticale ed orizzontale;Sereno;Normale;Buona;;1;0;0;2;12.6029;41.8261;-1;2;Autovettura privata;In marcia / fermata / arresto;Conducente;M;Illeso;0;;Non accertato;Inesploso
5926586;10;23/04/2022 10:00:00;Strada Urbana;VIA ANAGNINA;in corrispondenza;;del civico n.;175;;Scontro frontale/laterale DX fra veicoli in marcia;Rettilineo;Due carreggiate;Asciutto;Asfaltata;Verticale ed orizzontale;Sereno;Normale;Buona;;1;0;0;2;12.6029;41.8261;-1;2;Autovettura privata;In marcia / fermata / arresto;Passeggero;M;Illeso;0;;Non accertato;Inesploso
5926586;10;23/04/2022 10:00:00;Strada Urbana;VIA ANAGNINA;in corrispondenza;;del civico n.;175;;Scontro frontale/laterale DX fra veicoli in marcia;Rettilineo;Due carreggiate;Asciutto;Asfaltata;Verticale ed orizzontale;Sereno;Normale;Buona;;1;0;0;2;12.6029;41.8261;-1;3;Autovettura privata;Sosta;;;;;;;
5926626;13;23/04/2022 14:10:00;Strada Urbana;VIA EURIPIDE;all'intersezione semaforizzata con;VIA BACCHILIDE;VIA BACCHILIDE;;;Scontro laterale fra veicoli in marcia;Incrocio;Una carreggiata a doppio senso;Asciutto;Asfaltata;Verticale;Sereno;Scarso;Buona;;0;0;0;3;12.3721;41.7692;-1;1;Autovettura privata;In marcia / fermata / arresto;Conducente;F;Illeso;0;;Non accertato;Inesploso
5926626;13;23/04/2022 14:10:00;Strada Urbana;VIA EURIPIDE;all'intersezione semaforizzata con;VIA BACCHILIDE;VIA BACCHILIDE;;;Scontro laterale fra veicoli in marcia;Incrocio;Una carreggiata a doppio senso;Asciutto;Asfaltata;Verticale;Sereno;Scarso;Buona;;0;0;0;3;12.3721;41.7692;-1;2;Autovettura privata;In marcia / fermata / arresto;Conducente;M;Illeso;0;;Non accertato;Inesploso
5926626;13;23/04/2022 14:10:00;Strada Urbana;VIA EURIPIDE;all'intersezione semaforizzata con;VIA BACCHILIDE;VIA BACCHILIDE;;;Scontro laterale fra veicoli in marcia;Incrocio;Una carreggiata a doppio senso;Asciutto;Asfaltata;Verticale;Sereno;Scarso;Buona;;0;0;0;3;12.3721;41.7692;-1;2;Autovettura privata;In marcia / fermata / arresto;Passeggero;M;Illeso;0;;Non accertato;Inesploso
5926727;4;23/04/2022 09:10:00;Strada Urbana;VIALE PANTELLERIA;da specificare;;;;prossimit� fronte civico 32;Scontro laterale fra veicoli in marcia;Rettilineo;Due carreggiate;Asciutto;Asfaltata;Verticale ed orizzontale;Sereno;Normale;Buona;;0;0;0;3;12.5292;41.9451;-1;1;Autovettura privata;In marcia / fermata / arresto;Conducente;M;Illeso;0;;;
5926727;4;23/04/2022 09:10:00;Strada Urbana;VIALE PANTELLERIA;da specificare;;;;prossimit� fronte civico 32;Scontro laterale fra veicoli in marcia;Rettilineo;Due carreggiate;Asciutto;Asfaltata;Verticale ed orizzontale;Sereno;Normale;Buona;;0;0;0;3;12.5292;41.9451;-1;2;Autovettura privata;In marcia / fermata / arresto;Conducente;M;Illeso;0;;;
5926727;4;23/04/2022 09:10:00;Strada Urbana;VIALE PANTELLERIA;da specificare;;;;prossimit� fronte civico 32;Scontro laterale fra veicoli in marcia;Rettilineo;Due carreggiate;Asciutto;Asfaltata;Verticale ed orizzontale;Sereno;Normale;Buona;;0;0;0;3;12.5292;41.9451;-1;2;Autovettura privata;In marcia / fermata / arresto;Passeggero;F;Illeso;0;;;
5926738;4;23/04/2022 12:15:00;Provinciale entro l'abitato;VIA NOMENTANA;in prossimit�;;del civico n.;591;;Tamponamento;Rettilineo;Una carreggiata a doppio senso;Asciutto;Asfaltata;Verticale ed orizzontale;Sereno;Normale;Buona;;3;0;0;1;12.5291;41.9332;-1;1;Autovettura privata;In marcia / fermata / arresto;Conducente;M;Rimandato;0;NON DECEDUTO;;
5926738;4;23/04/2022 12:15:00;Provinciale entro l'abitato;VIA NOMENTANA;in prossimit�;;del civico n.;591;;Tamponamento;Rettilineo;Una carreggiata a doppio senso;Asciutto;Asfaltata;Verticale ed orizzontale;Sereno;Normale;Buona;;3;0;0;1;12.5291;41.9332;-1;1;Autovettura privata;In marcia / fermata / arresto;Passeggero;F;Rimandato;0;NON DECEDUTO;;
5926738;4;23/04/2022 12:15:00;Provinciale entro l'abitato;VIA NOMENTANA;in prossimit�;;del civico n.;591;;Tamponamento;Rettilineo;Una carreggiata a doppio senso;Asciutto;Asfaltata;Verticale ed orizzontale;Sereno;Normale;Buona;;3;0;0;1;12.5291;41.9332;-1;1;Autovettura privata;In marcia / fermata / arresto;Passeggero;F;Rimandato;0;NON DECEDUTO;;
5926738;4;23/04/2022 12:15:00;Provinciale entro l'abitato;VIA NOMENTANA;in prossimit�;;del civico n.;591;;Tamponamento;Rettilineo;Una carreggiata a doppio senso;Asciutto;Asfaltata;Verticale ed orizzontale;Sereno;Normale;Buona;;3;0;0;1;12.5291;41.9332;-1;2;Autovettura privata;In marcia / fermata / arresto;Conducente;F;Illeso;0;;;