Protocollo;Gruppo;DataOraIncidente;Localizzazione1;STRADA1;Localizzazione2;STRADA2;Strada02;Chilometrica;DaSpecificare;NaturaIncidente;particolaritastrade;TipoStrada;FondoStradale;Pavimentazione;Segnaletica;CondizioneAtmosferica;Traffico;Visibilita;Illuminazione;NUM_FERITI;NUM_RISERVATA;NUM_MORTI;NUM_ILLESI;Longitude;Latitude;Confermato;Progressivo;TipoVeicolo;StatoVeicolo;TipoPersona;Sesso;Tipolesione;Deceduto;DecedutoDopo;CinturaCascoUtilizzato;Airbag;
5926810;13;23/04/2022 18:15:00;Strada Urbana;VIALE CARDINAL GINNASI;all'intersezione con;PIAZZALE DELLA STAZIONE DEL LIDO;PIAZZALE DELLA STAZIONE DEL LIDO;;;Investimento di pedone;Incrocio;Una carreggiata a doppio senso;Asciutto;Asfaltata;Verticale ed orizzontale;Sereno;Normale;Buona;;1;0;0;2;12.2808;41.7326;0;;;;Pedone;M;Rimandato;0;NON DECEDUTO;;
5926810;13;23/04/2022 18:15:00;Strada Urbana;VIALE CARDINAL GINNASI;all'intersezione con;PIAZZALE DELLA STAZIONE DEL LIDO;PIAZZALE DELLA STAZIONE DEL LIDO;;;Investimento di pedone;Incrocio;Una carreggiata a doppio senso;Asciutto;Asfaltata;Verticale ed orizzontale;Sereno;Normale;Buona;;1;0;0;2;12.2808;41.7326;0;1;Autovettura privata;In marcia / fermata / arresto;Conducente;M;Illeso;0;;Non accertato;Inesploso
5926810;13;23/04/2022 18:15:00;Strada Urbana;VIALE CARDINAL GINNASI;all'intersezione con;PIAZZALE DELLA STAZIONE DEL LIDO;PIAZZALE DELLA STAZIONE DEL LIDO;;;Investimento di pedone;Incrocio;Una carreggiata a doppio senso;Asciutto;Asfaltata;Verticale ed orizzontale;Sereno;Normale;Buona;;1;0;0;2;12.2808;41.7326;0;1;Autovettura privata;In marcia / fermata / arresto;Passeggero;M;Illeso;0;;Non accertato;Inesploso
5927122;13;23/04/2022 10:05:00;Strada Urbana;VIALE DEI ROMAGNOLI;all'intersezione con;PIAZZA DEL VILLAGGIO DI S. FRANCESCO;PIAZZA DEL VILLAGGIO DI S. FRANCESCO;;;Tamponamento Multiplo;Intersezione stradale segnalata;Una carreggiata a doppio senso;Asciutto;Asfaltata;Verticale ed orizzontale;Sereno;Normale;Buona;;0;0;0;3;12.3574;41.7826;-1;1;Autovettura privata;In marcia / fermata / arresto;Conducente;F;Illeso;0;;Non accertato;Inesploso
5927122;13;23/04/2022 10:05:00;Strada Urbana;VIALE DEI ROMAGNOLI;all'intersezione con;PIAZZA DEL VILLAGGIO DI S. FRANCESCO;PIAZZA DEL VILLAGGIO DI S. FRANCESCO;;;Tamponamento Multiplo;Intersezione stradale segnalata;Una carreggiata a doppio senso;Asciutto;Asfaltata;Verticale ed orizzontale;Sereno;Normale;Buona;;0;0;0;3;12.3574;41.7826;-1;2;Autovettura privata;In marcia / fermata / arresto;Conducente;M;Illeso;0;;Non accertato;Inesploso
5927122;13;23/04/2022 10:05:00;Strada Urbana;VIALE DEI ROMAGNOLI;all'intersezione con;PIAZZA DEL VILLAGGIO DI S. FRANCESCO;PIAZZA DEL VILLAGGIO DI S. FRANCESCO;;;Tamponamento Multiplo;Intersezione stradale segnalata;Una carreggiata a doppio senso;Asciutto;Asfaltata;Verticale ed orizzontale;Sereno;Normale;Buona;;0;0;0;3;12.3574;41.7826;-1;3;Autovettura privata;In marcia / fermata / arresto;Conducente;M;Illeso;0;;Non accertato;Inesploso
5927123;20;23/04/2022 10:15:00;Provinciale entro l'abitato;VIA TIBERINA;in corrispondenza;;del civico n.;184;;Scontro laterale fra veicoli in marcia;Rettilineo;Una carreggiata a doppio senso;Asciutto;Asfaltata;Verticale ed orizzontale;Sereno;Normale;Sufficiente;;0;0;0;2;12.503;42.0128;-1;1;Autovettura privata;In marcia / fermata / arresto;Conducente;M;Illeso;0;;;
5927123;20;23/04/2022 10:15:00;Provinciale entro l'abitato;VIA TIBERINA;in corrispondenza;;del civico n.;184;;Scontro laterale fra veicoli in marcia;Rettilineo;Una carreggiata a doppio senso;Asciutto;Asfaltata;Verticale ed orizzontale;Sereno;Normale;Sufficiente;;0;0;0;2;12.503;42.0128;-1;2;Autovettura privata;In marcia / fermata / arresto;Conducente;M;Illeso;0;;;
5927125;13;23/04/2022 11:35:00;Strada Urbana;VIALE VASCO DE GAMA;in corrispondenza;;del civico n.;12;;Scontro laterale fra veicoli in marcia;Rettilineo;Due carreggiate;Asciutto;Asfaltata;Verticale ed orizzontale;Sereno;Normale;Buona;;0;0;0;3;12.2785;41.7334;-1;1;Autocarro inferiore 35 q.;In marcia / fermata / arresto;Conducente;M;Illeso;0;;Non accertato;Inesploso
5927125;13;23/04/2022 11:35:00;Strada Urbana;VIALE VASCO DE GAMA;in corrispondenza;;del civico n.;12;;Scontro laterale fra veicoli in marcia;Rettilineo;Due carreggiate;Asciutto;Asfaltata;Verticale ed orizzontale;Sereno;Normale;Buona;;0;0;0;3;12.2785;41.7334;-1;1;Autocarro inferiore 35 q.;In marcia / fermata / arresto;Passeggero;M;Illeso;0;;Non accertato;Inesploso
5927125;13;23/04/2022 11:35:00;Strada Urbana;VIALE VASCO DE GAMA;in corrispondenza;;del civico n.;12;;Scontro laterale fra veicoli in marcia;Rettilineo;Due carreggiate;Asciutto;Asfaltata;Verticale ed orizzontale;Sereno;Normale;Buona;;0;0;0;3;12.2785;41.7334;-1;2;Autocarro superiore 35 q.;In marcia / fermata / arresto;Conducente;M;Illeso;0;;Non accertato;Inesploso
5927128;13;23/04/2022 12:45:00;Strada Urbana;VIA FRANCESCO CILEA;all'intersezione con;VIALE DI CASTEL PORZIANO;VIALE DI CASTEL PORZIANO;;;Scontro frontale/laterale SX fra veicoli in marcia;Incrocio;Una carreggiata a doppio senso;Asciutto;Asfaltata;Verticale;Sereno;Normale;Buona;;2;0;0;0;12.3752;41.7448;-1;1;Autovettura privata;In marcia / fermata / arresto;Conducente;M;Rimandato;0;NON DECEDUTO;Non accertato;Inesploso
5927128;13;23/04/2022 12:45:00;Strada Urbana;VIA FRANCESCO CILEA;all'intersezione con;VIALE DI CASTEL PORZIANO;VIALE DI CASTEL PORZIANO;;;Scontro frontale/laterale SX fra veicoli in marcia;Incrocio;Una carreggiata a doppio senso;Asciutto;Asfaltata;Verticale;Sereno;Normale;Buona;;2;0;0;0;12.3752;41.7448;-1;2;Autovettura privata;In marcia / fermata / arresto;Conducente;F;Rimandato;0;NON DECEDUTO;Non accertato;Esploso
5927175;20;23/04/2022 20:05:00;Statale;VIA FLAMINIA;in corrispondenza;;della chilometrica;20.9;;Veicolo in marcia contro animale;Rettilineo;Una carreggiata a doppio senso;Asciutto;Asfaltata;Verticale ed orizzontale;Sereno;Normale;Insufficiente;;0;0;0;1;12.4718;41.9419;-1;1;Quadriciclo leggero;In marcia / fermata / arresto;Conducente;M;Illeso;0;;;
5927235;20;23/04/2022 23:40:00;Regionale;VIA FLAMINIA;da specificare;;;;DIREZ. ROMA PROX RAMPA G.R.A. CARR. ESTERNA;Scontro frontale/laterale SX fra veicoli in marcia;Curva senza visuale libera;Due carreggiate;Asciutto;Asfaltata;Verticale ed orizzontale;Sereno;Scarso;Sufficiente;;1;0;0;2;12.4928;41.9859;-1;1;Autovettura privata;In marcia / fermata / arresto;Conducente;M;Rifiuta cure immediate;0;NON DECEDUTO;Non accertato;
5927235;20;23/04/2022 23:40:00;Regionale;VIA FLAMINIA;da specificare;;;;DIREZ. ROMA PROX RAMPA G.R.A. CARR. ESTERNA;Scontro frontale/laterale SX fra veicoli in marcia;Curva senza visuale libera;Due carreggiate;Asciutto;Asfaltata;Verticale ed orizzontale;Sereno;Scarso;Sufficiente;;1;0;0;2;12.4928;41.9859;-1;2;Autovettura privata;In marcia / fermata / arresto;Conducente;M;Illeso;0;;Non accertato;
5927235;20;23/04/2022 23:40:00;Regionale;VIA FLAMINIA;da specificare;;;;DIREZ. ROMA PROX RAMPA G.R.A. CARR. ESTERNA;Scontro frontale/laterale SX fra veicoli in marcia;Curva senza visuale libera;Due carreggiate;Asciutto;Asfaltata;Verticale ed orizzontale;Sereno;Scarso;Sufficiente;;1;0;0;2;12.4928;41.9859;-1;2;Autovettura privata;In marcia / fermata / arresto;Passeggero;M;Illeso;0;;Non accertato;
5927266;20;24/04/2022 03:30:00;Strada Urbana;CORSO DI FRANCIA;in corrispondenza;;del civico n.;206;;Tamponamento;Rettilineo;Due carreggiate;Bagnato (pioggia);Asfaltata;Verticale ed orizzontale;Pioggia in atto;Scarso;Buona;;0;0;0;4;12.4695;41.9446;-1;1;Autovettura privata;In marcia / fermata / arresto;Conducente;F;Illeso;0;;Non accertato;
5927266;20;24/04/2022 03:30:00;Strada Urbana;CORSO DI FRANCIA;in corrispondenza;;del civico n.;206;;Tamponamento;Rettilineo;Due carreggiate;Bagnato (pioggia);Asfaltata;Verticale ed orizzontale;Pioggia in atto;Scarso;Buona;;0;0;0;4;12.4695;41.9446;-1;1;Autovettura privata;In marcia / fermata / arresto;Passeggero;F;Illeso;0;;Non accertato;
5927266;20;24/04/2022 03:30:00;Strada Urbana;CORSO DI FRANCIA;in corrispondenza;;del civico n.;206;;Tamponamento;Rettilineo;Due carreggiate;Bagnato (pioggia);Asfaltata;Verticale ed orizzontale;Pioggia in atto;Scarso;Buona;;0;0;0;4;12.4695;41.9446;-1;2;Autovettura privata;In marcia / fermata / arresto;Conducente;M;Illeso;0;;Non accertato;
5927266;20;24/04/2022 03:30:00;Strada Urbana;CORSO DI FRANCIA;in corrispondenza;;del civico n.;206;;Tamponamento;Rettilineo;Due carreggiate;Bagnato (pioggia);Asfaltata;Verticale ed orizzontale;Pioggia in atto;Scarso;Buona;;0;0;0;4;12.4695;41.9446;-1;2;Autovettura privata;In marcia / fermata / arresto;Passeggero;M;Illeso;0;;Non accertato;
5927430;13;24/04/2022 09:45:00;Strada Urbana;VIA AMEDEO BOCCHI;da specificare;;;;altezza poste italiane;Investimento di pedone;Rettilineo;Una carreggiata a doppio senso;Asciutto;Asfaltata;Verticale ed orizzontale;Sereno;Scarso;Buona;;0;0;0;1;12.3504;41.7761;-1;;;;Pedone;M;Illeso;0;;;
5927430;13;24/04/2022 09:45:00;Strada Urbana;VIA AMEDEO BOCCHI;da specificare;;;;altezza poste italiane;Investimento di pedone;Rettilineo;Una carreggiata a doppio senso;Asciutto;Asfaltata;Verticale ed orizzontale;Sereno;Scarso;Buona;;0;0;0;1;12.3504;41.7761;-1;1;Autovettura privata;Allontanatosi;;;;;;;
5927449;1;24/04/2022 01:03:00;Strada Urbana;VIA GARIBALDI;in prossimit�;;del civico n.;38;;Veicolo in marcia contro ostacolo accidentale;Curva a visuale libera;Una carreggiata a doppio senso;Asciutto;In cubetti di porfido;Assente;Sereno;Scarso;Buona;;0;1;0;0;12.4659;41.8899;-1;1;Ciclomotore;In marcia / fermata / arresto;Conducente;M;Prognosi riservata;0;NON DECEDUTO;Non accertato;
5927592;10;24/04/2022 09:20:00;Strada Urbana;VIA DEL QUADRARO;in prossimit�;;del civico n.;811;;Scontro frontale/laterale SX fra veicoli in marcia;Rettilineo;Una carreggiata a doppio senso;Bagnato (pioggia);Asfaltata;Verticale ed orizzontale;Nuvoloso;Normale;Buona;;0;0;0;5;12.5496;41.8507;-1;1;Autovettura privata;In marcia / fermata / arresto;Conducente;M;Illeso;0;;Non accertato;Inesploso
5927592;10;24/04/2022 09:20:00;Strada Urbana;VIA DEL QUADRARO;in prossimit�;;del civico n.;811;;Scontro frontale/laterale SX fra veicoli in marcia;Rettilineo;Una carreggiata a doppio senso;Bagnato (pioggia);Asfaltata;Verticale ed orizzontale;Nuvoloso;Normale;Buona;;0;0;0;5;12.5496;41.8507;-1;1;Autovettura privata;In marcia / fermata / arresto;Passeggero;F;Illeso;0;;Non accertato;Inesploso
5927592;10;24/04/2022 09:20:00;Strada Urbana;VIA DEL QUADRARO;in prossimit�;;del civico n.;811;;Scontro frontale/laterale SX fra veicoli in marcia;Rettilineo;Una carreggiata a doppio senso;Bagnato (pioggia);Asfaltata;Verticale ed orizzontale;Nuvoloso;Normale;Buona;;0;0;0;5;12.5496;41.8507;-1;1;Autovettura privata;In marcia / fermata / arresto;Passeggero;F;Illeso;0;;Non accertato;Inesploso
5927592;10;24/04/2022 09:20:00;Strada Urbana;VIA DEL QUADRARO;in prossimit�;;del civico n.;811;;Scontro frontale/laterale SX fra veicoli in marcia;Rettilineo;Una carreggiata a doppio senso;Bagnato (pioggia);Asfaltata;Verticale ed orizzontale;Nuvoloso;Normale;Buona;;0;0;0;5;12.5496;41.8507;-1;1;Autovettura privata;In marcia / fermata / arresto;Passeggero;M;Illeso;0;;Non accertato;Inesploso
5927592;10;24/04/2022 09:20:00;Strada Urbana;VIA DEL QUADRARO;in prossimit�;;del civico n.;811;;Scontro frontale/laterale SX fra veicoli in marcia;Rettilineo;Una carreggiata a doppio senso;Bagnato (pioggia);Asfaltata;Verticale ed orizzontale;Nuvoloso;Normale;Buona;;0;0;0;5;12.5496;41.8507;-1;2;Autovettura privata;In marcia / fermata / arresto;Conducente;M;Illeso;0;;Non accertato;Inesploso
5927600;10;24/04/2022 12:50:00;Strada Urbana;VIALE BRUNO RIZZIERI;all'intersezione con;VIA WALTER PROCACCINI;VIA WALTER PROCACCINI;;;Scontro laterale fra veicoli in marcia;Rotatoria;Una carreggiata a senso unico di marcia;Asciutto;Asfaltata;Verticale ed orizzontale;Sereno;Normale;Buona;;0;0;0;2;12.5828;41.8518;-1;1;Autovettura privata;In marcia / fermata / arresto;Conducente;F;Illeso;0;;Non accertato;Inesploso
5927600;10;24/04/2022 12:50:00;Strada Urbana;VIALE BRUNO RIZZIERI;all'intersezione con;VIA WALTER PROCACCINI;VIA WALTER PROCACCINI;;;Scontro laterale fra veicoli in marcia;Rotatoria;Una carreggiata a senso unico di marcia;Asciutto;Asfaltata;Verticale ed orizzontale;Sereno;Normale;Buona;;0;0;0;2;12.5828;41.8518;-1;2;Autocarro inferiore 35 q.;In marcia / fermata / arresto;Conducente;M;Illeso;0;;Non accertato;Inesploso
5927636;4;23/04/2022 21:10:00;Strada Urbana;VIA NOMENTANA;in prossimit�;;del civico n.;647;;Tamponamento;Rettilineo;Una carreggiata a doppio senso;Asciutto;Asfaltata;Orizzontale;Sereno;Intenso;Buona;;1;0;0;2;12.5364;41.9355;-1;1;Motociclo a solo;In marcia / fermata / arresto;Conducente;M;Rimandato;0;NON DECEDUTO;Non accertato;
5927636;4;23/04/2022 21:10:00;Strada Urbana;VIA NOMENTANA;in prossimit�;;del civico n.;647;;Tamponamento;Rettilineo;Una carreggiata a doppio senso;Asciutto;Asfaltata;Orizzontale;Sereno;Intenso;Buona;;1;0;0;2;12.5364;41.9355;-1;2;Autovettura privata;In marcia / fermata / arresto;Conducente;M;Illeso;0;;;
5927636;4;23/04/2022 21:10:00;Strada Urbana;VIA NOMENTANA;in prossimit�;;del civico n.;647;;Tamponamento;Rettilineo;Una carreggiata a doppio senso;Asciutto;Asfaltata;Orizzontale;Sereno;Intenso;Buona;;1;0;0;2;12.5364;41.9355;-1;2;Autovettura privata;In marcia / fermata / arresto;Passeggero;M;Illeso;0;;Non accertato;Inesploso
5927651;10;23/04/2022 22:05:00;Strada Urbana;VIA TUSCOLANA;all'intersezione semaforizzata con;VIA LUCIO SESTIO;VIA LUCIO SESTIO;;;Tamponamento;Intersezione semaforizzata;Due carreggiate;Asciutto;Asfaltata;Verticale ed orizzontale;Sereno;Normale;Buona;;0;0;0;5;12.557;41.8597;-1;1;Autovettura privata;In marcia / fermata / arresto;Conducente;M;Illeso;0;;Non accertato;Inesploso
5927651;10;23/04/2022 22:05:00;Strada Urbana;VIA TUSCOLANA;all'intersezione semaforizzata con;VIA LUCIO SESTIO;VIA LUCIO SESTIO;;;Tamponamento;Intersezione semaforizzata;Due carreggiate;Asciutto;Asfaltata;Verticale ed orizzontale;Sereno;Normale;Buona;;0;0;0;5;12.557;41.8597;-1;1;Autovettura privata;In marcia / fermata / arresto;Passeggero;F;Illeso;0;;Non accertato;Inesploso
5927651;10;23/04/2022 22:05:00;Strada Urbana;VIA TUSCOLANA;all'intersezione semaforizzata con;VIA LUCIO SESTIO;VIA LUCIO SESTIO;;;Tamponamento;Intersezione semaforizzata;Due carreggiate;Asciutto;Asfaltata;Verticale ed orizzontale;Sereno;Normale;Buona;;0;0;0;5;12.557;41.8597;-1;1;Autovettura privata;In marcia / fermata / arresto;Passeggero;F;Illeso;0;;Non accertato;Inesploso
5927651;10;23/04/2022 22:05:00;Strada Urbana;VIA TUSCOLANA;all'intersezione semaforizzata con;VIA LUCIO SESTIO;VIA LUCIO SESTIO;;;Tamponamento;Intersezione semaforizzata;Due carreggiate;Asciutto;Asfaltata;Verticale ed orizzontale;Sereno;Normale;Buona;;0;0;0;5;12.557;41.8597;-1;1;Autovettura privata;In marcia / fermata / arresto;Passeggero;F;Illeso;0;;Non accertato;Inesploso
5927651;10;23/04/2022 22:05:00;Strada Urbana;VIA TUSCOLANA;all'intersezione semaforizzata con;VIA LUCIO SESTIO;VIA LUCIO SESTIO;;;Tamponamento;Intersezione semaforizzata;Due carreggiate;Asciutto;Asfaltata;Verticale ed orizzontale;Sereno;Normale;Buona;;0;0;0;5;12.557;41.8597;-1;2;Autovettura privata;In marcia / fermata / arresto;Conducente;F;Illeso;0;;Non accertato;Inesploso
5927709;4;23/04/2022 22:50:00;Strada Urbana;VIA FRANCESCO COCCO ORTU;in corrispondenza;;del civico n.;56;;Scontro frontale/laterale DX fra veicoli in marcia;Rettilineo;Una carreggiata a doppio senso;Asciutto;Asfaltata;Verticale ed orizzontale;Sereno;Normale;Sufficiente;;0;1;0;1;12.5226;41.9598;-1;1;Autovettura privata;In marcia / fermata / arresto;Conducente;M;Illeso;0;;;
5927709;4;23/04/2022 22:50:00;Strada Urbana;VIA FRANCESCO COCCO ORTU;in corrispondenza;;del civico n.;56;;Scontro frontale/laterale DX fra veicoli in marcia;Rettilineo;Una carreggiata a doppio senso;Asciutto;Asfaltata;Verticale ed orizzontale;Sereno;Normale;Sufficiente;;0;1;0;1;12.5226;41.9598;-1;2;Motociclo a solo;In marcia / fermata / arresto;Conducente;M;Prognosi riservata;0;NON DECEDUTO;Non accertato;
5927709;4;23/04/2022 22:50:00;Strada Urbana;VIA FRANCESCO COCCO ORTU;in corrispondenza;;del civico n.;56;;Scontro frontale/laterale DX fra veicoli in marcia;Rettilineo;Una carreggiata a doppio senso;Asciutto;Asfaltata;Verticale ed orizzontale;Sereno;Normale;Sufficiente;;0;1;0;1;12.5226;41.9598;-1;3;Autovettura privata;Sosta;;;;;;;
5927747;4;24/04/2022 04:50:00;Strada Urbana;PIAZZALE JONIO;in corrispondenza;;del civico n.;45;;Tamponamento;Rettilineo;Due carreggiate;Bagnato (pioggia);Asfaltata;Verticale ed orizzontale;Nuvoloso;Normale;Sufficiente;;1;0;0;2;12.5257;41.9466;-1;1;Autovettura privata;In marcia / fermata / arresto;Conducente;M;Rimandato;0;NON DECEDUTO;;
5927747;4;24/04/2022 04:50:00;Strada Urbana;PIAZZALE JONIO;in corrispondenza;;del civico n.;45;;Tamponamento;Rettilineo;Due carreggiate;Bagnato (pioggia);Asfaltata;Verticale ed orizzontale;Nuvoloso;Normale;Sufficiente;;1;0;0;2;12.5257;41.9466;-1;2;Autovettura privata;In marcia / fermata / arresto;Conducente;M;Illeso;0;;;
5927747;4;24/04/2022 04:50:00;Strada Urbana;PIAZZALE JONIO;in corrispondenza;;del civico n.;45;;Tamponamento;Rettilineo;Due carreggiate;Bagnato (pioggia);Asfaltata;Verticale ed orizzontale;Nuvoloso;Normale;Sufficiente;;1;0;0;2;12.5257;41.9466;-1;2;Autovettura privata;In marcia / fermata / arresto;Passeggero;M;Illeso;0;;;
5927753;4;23/04/2022 15:55:00;Strada Urbana;VIA DELLA VERNA;all'intersezione con;VIALE ADRIATICO;VIALE ADRIATICO;;;Investimento di pedone;Incrocio;Una carreggiata a senso unico di marcia;Asciutto;Asfaltata;Verticale ed orizzontale;Sereno;Normale;Buona;;0;0;0;1;12.5372;41.941;-1;;;;Pedone;F;Illeso;0;;;
5927753;4;23/04/2022 15:55:00;Strada Urbana;VIA DELLA VERNA;all'intersezione con;VIALE ADRIATICO;VIALE ADRIATICO;;;Investimento di pedone;Incrocio;Una carreggiata a senso unico di marcia;Asciutto;Asfaltata;Verticale ed orizzontale;Sereno;Normale;Buona;;0;0;0;1;12.5372;41.941;-1;1;Autovettura privata;In marcia / fermata / arresto;;;;;;;
5927895;11;24/04/2022 03:00:00;Strada Urbana;CIRCONVALLAZIONE OSTIENSE;da specificare;;;;altezza palo ACEA 78;Veicolo in marcia contro veicoli in sosta;Rettilineo;Pi� di due carreggiate;Bagnato (pioggia);Asfaltata;Verticale ed orizzontale;Pioggia in atto;Scarso;Buona;;0;0;0;1;12.4917;41.8673;-1;1;Autovettura privata;In marcia / fermata / arresto;Conducente;M;Illeso;0;;;
5927895;11;24/04/2022 03:00:00;Strada Urbana;CIRCONVALLAZIONE OSTIENSE;da specificare;;;;altezza palo ACEA 78;Veicolo in marcia contro veicoli in sosta;Rettilineo;Pi� di due carreggiate;Bagnato (pioggia);Asfaltata;Verticale ed orizzontale;Pioggia in atto;Scarso;Buona;;0;0;0;1;12.4917;41.8673;-1;2;Autovettura privata;Sosta;;;;;;;
5927895;11;24/04/2022 03:00:00;Strada Urbana;CIRCONVALLAZIONE OSTIENSE;da specificare;;;;altezza palo ACEA 78;Veicolo in marcia contro veicoli in sosta;Rettilineo;Pi� di due carreggiate;Bagnato (pioggia);Asfaltata;Verticale ed orizzontale;Pioggia in atto;Scarso;Buona;;0;0;0;1;12.4917;41.8673;-1;3;Autovettura privata;Sosta;;;;;;;
5927895;11;24/04/2022 03:00:00;Strada Urbana;CIRCONVALLAZIONE OSTIENSE;da specificare;;;;altezza palo ACEA 78;Veicolo in marcia contro veicoli in sosta;Rettilineo;Pi� di due carreggiate;Bagnato (pioggia);Asfaltata;Verticale ed orizzontale;Pioggia in atto;Scarso;Buona;;0;0;0;1;12.4917;41.8673;-1;4;Autovettura privata;Sosta;;;;;;;
5927947;1;25/04/2022 04:00:00;Strada Urbana;VIA QUATTRO NOVEMBRE;in corrispondenza;;del civico n.;139;;Investimento di pedone;Rettilineo;Una carreggiata a doppio senso;Asciutto;Asfaltata;Verticale ed orizzontale;Nuvoloso;Scarso;Buona;;5;0;0;2;12.4846;41.8973;-1;;;;Pedone;M;Ricoverato;0;NON DECEDUTO;;
5927947;1;25/04/2022 04:00:00;Strada Urbana;VIA QUATTRO NOVEMBRE;in corrispondenza;;del civico n.;139;;Investimento di pedone;Rettilineo;Una carreggiata a doppio senso;Asciutto;Asfaltata;Verticale ed orizzontale;Nuvoloso;Scarso;Buona;;5;0;0;2;12.4846;41.8973;-1;;;;Pedone;M;Illeso;0;;;
5927947;1;25/04/2022 04:00:00;Strada Urbana;VIA QUATTRO NOVEMBRE;in corrispondenza;;del civico n.;139;;Investimento di pedone;Rettilineo;Una carreggiata a doppio senso;Asciutto;Asfaltata;Verticale ed orizzontale;Nuvoloso;Scarso;Buona;;5;0;0;2;12.4846;41.8973;-1;;;;Pedone;M;Rifiuta cure immediate;0;NON DECEDUTO;;
5927947;1;25/04/2022 04:00:00;Strada Urbana;VIA QUATTRO NOVEMBRE;in corrispondenza;;del civico n.;139;;Investimento di pedone;Rettilineo;Una carreggiata a doppio senso;Asciutto;Asfaltata;Verticale ed orizzontale;Nuvoloso;Scarso;Buona;;5;0;0;2;12.4846;41.8973;-1;;;;Pedone;M;Ricoverato;0;NON DECEDUTO;;
5927947;1;25/04/2022 04:00:00;Strada Urbana;VIA QUATTRO NOVEMBRE;in corrispondenza;;del civico n.;139;;Investimento di pedone;Rettilineo;Una carreggiata a doppio senso;Asciutto;Asfaltata;Verticale ed orizzontale;Nuvoloso;Scarso;Buona;;5;0;0;2;12.4846;41.8973;-1;;;;Pedone;F;Ricoverato;0;NON DECEDUTO;;
5927947;1;25/04/2022 04:00:00;Strada Urbana;VIA QUATTRO NOVEMBRE;in corrispondenza;;del civico n.;139;;Investimento di pedone;Rettilineo;Una carreggiata a doppio senso;Asciutto;Asfaltata;Verticale ed orizzontale;Nuvoloso;Scarso;Buona;;5;0;0;2;12.4846;41.8973;-1;1;Autovettura privata;In marcia / fermata / arresto;Conducente;M;Rimandato;0;NON DECEDUTO;;
5927947;1;25/04/2022 04:00:00;Strada Urbana;VIA QUATTRO NOVEMBRE;in corrispondenza;;del civico n.;139;;Investimento di pedone;Rettilineo;Una carreggiata a doppio senso;Asciutto;Asfaltata;Verticale ed orizzontale;Nuvoloso;Scarso;Buona;;5;0;0;2;12.4846;41.8973;-1;1;Autovettura privata;In marcia / fermata / arresto;Passeggero;M;Illeso;0;;;
5927948;9;23/04/2022 11:00:00;Strada Urbana;VIA APPIA NUOVA;all'intersezione con;VIA CASALMONFERRATO;VIA CASALMONFERRATO;;;Scontro frontale/laterale SX fra veicoli in marcia;Intersezione stradale segnalata;Una carreggiata a doppio senso;Asciutto;Asfaltata;Verticale ed orizzontale;Sereno;Normale;Buona;;1;0;0;1;12.5167;41.8799;-1;1;Autovettura privata;In marcia / fermata / arresto;Conducente;M;Illeso;0;;Non accertato;Inesploso
5927948;9;23/04/2022 11:00:00;Strada Urbana;VIA APPIA NUOVA;all'intersezione con;VIA CASALMONFERRATO;VIA CASALMONFERRATO;;;Scontro frontale/laterale SX fra veicoli in marcia;Intersezione stradale segnalata;Una carreggiata a doppio senso;Asciutto;Asfaltata;Verticale ed orizzontale;Sereno;Normale;Buona;;1;0;0;1;12.5167;41.8799;-1;2;Velocipede;In marcia / fermata / arresto;Conducente;M;Rimandato;0;NON DECEDUTO;Esente;
5927952;11;24/04/2022 14:15:00;Strada Urbana;VIALE GUGLIELMO MARCONI;all'intersezione semaforizzata con;PIAZZALE TOMMASO EDISON;PIAZZALE TOMMASO EDISON;;;Veicolo in marcia contro veicoli in arresto;Intersezione semaforizzata;Due carreggiate;Asciutto;Asfaltata;Verticale ed orizzontale;Nuvoloso;Normale;Buona;;0;0;0;5;12.471;41.8586;-1;1;Autovettura privata;In marcia / fermata / arresto;Conducente;M;Illeso;0;;Non accertato;Inesploso
5927952;11;24/04/2022 14:15:00;Strada Urbana;VIALE GUGLIELMO MARCONI;all'intersezione semaforizzata con;PIAZZALE TOMMASO EDISON;PIAZZALE TOMMASO EDISON;;;Veicolo in marcia contro veicoli in arresto;Intersezione semaforizzata;Due carreggiate;Asciutto;Asfaltata;Verticale ed orizzontale;Nuvoloso;Normale;Buona;;0;0;0;5;12.471;41.8586;-1;2;Autovettura privata;In marcia / fermata / arresto;Conducente;M;Illeso;0;;Non accertato;Inesploso
5927952;11;24/04/2022 14:15:00;Strada Urbana;VIALE GUGLIELMO MARCONI;all'intersezione semaforizzata con;PIAZZALE TOMMASO EDISON;PIAZZALE TOMMASO EDISON;;;Veicolo in marcia contro veicoli in arresto;Intersezione semaforizzata;Due carreggiate;Asciutto;Asfaltata;Verticale ed orizzontale;Nuvoloso;Normale;Buona;;0;0;0;5;12.471;41.8586;-1;2;Autovettura privata;In marcia / fermata / arresto;Passeggero;F;Illeso;0;;Non accertato;Inesploso
5927952;11;24/04/2022 14:15:00;Strada Urbana;VIALE GUGLIELMO MARCONI;all'intersezione semaforizzata con;PIAZZALE TOMMASO EDISON;PIAZZALE TOMMASO EDISON;;;Veicolo in marcia contro veicoli in arresto;Intersezione semaforizzata;Due carreggiate;Asciutto;Asfaltata;Verticale ed orizzontale;Nuvoloso;Normale;Buona;;0;0;0;5;12.471;41.8586;-1;3;Autovettura privata;In marcia / fermata / arresto;Conducente;M;Illeso;0;;Non accertato;Inesploso