Protocollo;Gruppo;DataOraIncidente;Localizzazione1;STRADA1;Localizzazione2;STRADA2;Strada02;Chilometrica;DaSpecificare;NaturaIncidente;particolaritastrade;TipoStrada;FondoStradale;Pavimentazione;Segnaletica;CondizioneAtmosferica;Traffico;Visibilita;Illuminazione;NUM_FERITI;NUM_RISERVATA;NUM_MORTI;NUM_ILLESI;Longitude;Latitude;Confermato;Progressivo;TipoVeicolo;StatoVeicolo;TipoPersona;Sesso;Tipolesione;Deceduto;DecedutoDopo;CinturaCascoUtilizzato;Airbag;
5928764;8;24/04/2022 17:15:00;Strada Urbana;VIA POLENSE;da specificare;;;;Tre km prima del distributore IP fronte civico 135;Scontro laterale fra veicoli in marcia;Rettilineo;Una carreggiata a doppio senso;Asciutto;Asfaltata;Orizzontale;Nuvoloso;Normale;Sufficiente;;2;0;0;2;12.7162;41.9065;-1;1;Autovettura privata;In marcia / fermata / arresto;Passeggero;F;Rimandato;0;NON DECEDUTO;;
5928764;8;24/04/2022 17:15:00;Strada Urbana;VIA POLENSE;da specificare;;;;Tre km prima del distributore IP fronte civico 135;Scontro laterale fra veicoli in marcia;Rettilineo;Una carreggiata a doppio senso;Asciutto;Asfaltata;Orizzontale;Nuvoloso;Normale;Sufficiente;;2;0;0;2;12.7162;41.9065;-1;1;Autovettura privata;In marcia / fermata / arresto;Passeggero;F;Illeso;0;;;
5928764;8;24/04/2022 17:15:00;Strada Urbana;VIA POLENSE;da specificare;;;;Tre km prima del distributore IP fronte civico 135;Scontro laterale fra veicoli in marcia;Rettilineo;Una carreggiata a doppio senso;Asciutto;Asfaltata;Orizzontale;Nuvoloso;Normale;Sufficiente;;2;0;0;2;12.7162;41.9065;-1;2;Motociclo a solo;In marcia / fermata / arresto;Conducente;M;Illeso;0;;Non accertato;
5928765;8;24/04/2022 16:00:00;Strada Urbana;VIA DI TORRENOVA;all'intersezione con;VIA ALBEROBELLO;VIA ALBEROBELLO;;;Scontro laterale fra veicoli in marcia;Intersezione stradale segnalata;Una carreggiata a doppio senso;Asciutto;Asfaltata;Verticale ed orizzontale;Nuvoloso;Scarso;Buona;;0;0;0;2;12.6183;41.8782;-1;1;Autovettura privata;In marcia / fermata / arresto;Conducente;M;Illeso;0;;Non accertato;Inesploso
5928765;8;24/04/2022 16:00:00;Strada Urbana;VIA DI TORRENOVA;all'intersezione con;VIA ALBEROBELLO;VIA ALBEROBELLO;;;Scontro laterale fra veicoli in marcia;Intersezione stradale segnalata;Una carreggiata a doppio senso;Asciutto;Asfaltata;Verticale ed orizzontale;Nuvoloso;Scarso;Buona;;0;0;0;2;12.6183;41.8782;-1;2;Autovettura privata;In marcia / fermata / arresto;Conducente;M;Illeso;0;;Non accertato;Inesploso
5928767;8;23/04/2022 17:45:00;Strada Urbana;VIALE HEIDELBERG;da specificare;;;;rotatoria, fronte palo ACEA 24;Scontro laterale fra veicoli in marcia;Rotatoria;Una carreggiata a senso unico di marcia;Asciutto;Asfaltata;Verticale ed orizzontale;Sereno;Normale;Buona;;3;0;0;1;12.6281;41.8566;-1;1;Autovettura privata;In marcia / fermata / arresto;Conducente;F;Rimandato;0;NON DECEDUTO;Non accertato;Inesploso
5928767;8;23/04/2022 17:45:00;Strada Urbana;VIALE HEIDELBERG;da specificare;;;;rotatoria, fronte palo ACEA 24;Scontro laterale fra veicoli in marcia;Rotatoria;Una carreggiata a senso unico di marcia;Asciutto;Asfaltata;Verticale ed orizzontale;Sereno;Normale;Buona;;3;0;0;1;12.6281;41.8566;-1;2;Autovettura privata;In marcia / fermata / arresto;Conducente;F;Rimandato;0;NON DECEDUTO;Non accertato;Inesploso
5928767;8;23/04/2022 17:45:00;Strada Urbana;VIALE HEIDELBERG;da specificare;;;;rotatoria, fronte palo ACEA 24;Scontro laterale fra veicoli in marcia;Rotatoria;Una carreggiata a senso unico di marcia;Asciutto;Asfaltata;Verticale ed orizzontale;Sereno;Normale;Buona;;3;0;0;1;12.6281;41.8566;-1;2;Autovettura privata;In marcia / fermata / arresto;Passeggero;F;Illeso;0;;Non accertato;Inesploso
5928767;8;23/04/2022 17:45:00;Strada Urbana;VIALE HEIDELBERG;da specificare;;;;rotatoria, fronte palo ACEA 24;Scontro laterale fra veicoli in marcia;Rotatoria;Una carreggiata a senso unico di marcia;Asciutto;Asfaltata;Verticale ed orizzontale;Sereno;Normale;Buona;;3;0;0;1;12.6281;41.8566;-1;2;Autovettura privata;In marcia / fermata / arresto;Passeggero;F;Rifiuta cure immediate;0;NON DECEDUTO;Non accertato;Inesploso
5928769;8;23/04/2022 12:30:00;Strada Urbana;VIA DI TOR BELLA MONACA;da specificare;;;;altezza svincolo Torrenova direzione G.R.A.;Veicolo in marcia contro ostacolo fisso;Pendenza;Due carreggiate;Asciutto;Asfaltata;Verticale ed orizzontale;Sereno;Normale;Buona;;1;0;0;0;12.6198;41.8813;-1;1;Autovettura privata;In marcia / fermata / arresto;Conducente;F;Rimandato;0;NON DECEDUTO;Non accertato;Inesploso
5928770;8;25/04/2022 17:15:00;Strada Urbana;VIA DEL FOSSO DI S. MAURA;all'intersezione con;VIALE DELLA SORBONA;VIALE DELLA SORBONA;;;Scontro laterale fra veicoli in marcia;Rotatoria;Una carreggiata a senso unico di marcia;Asciutto;Asfaltata;Verticale ed orizzontale;Sereno;Normale;Buona;;1;0;0;1;12.5947;41.858;-1;1;Autovettura privata;In marcia / fermata / arresto;Conducente;M;Rifiuta cure immediate;0;NON DECEDUTO;Non accertato;Inesploso
5928770;8;25/04/2022 17:15:00;Strada Urbana;VIA DEL FOSSO DI S. MAURA;all'intersezione con;VIALE DELLA SORBONA;VIALE DELLA SORBONA;;;Scontro laterale fra veicoli in marcia;Rotatoria;Una carreggiata a senso unico di marcia;Asciutto;Asfaltata;Verticale ed orizzontale;Sereno;Normale;Buona;;1;0;0;1;12.5947;41.858;-1;2;Autovettura privata;In marcia / fermata / arresto;Conducente;M;Illeso;0;;Non accertato;Inesploso
5928773;8;25/04/2022 12:00:00;Strada Urbana;VIA CASILINA;in prossimit�;;del civico n.;1100;;Scontro laterale fra veicoli in marcia;Rettilineo;Una carreggiata a doppio senso;Asciutto;Asfaltata;Orizzontale;Sereno;Normale;Buona;;0;0;0;3;12.5956;41.8668;-1;1;Autovettura privata;In marcia / fermata / arresto;Conducente;M;Illeso;0;;;
5928773;8;25/04/2022 12:00:00;Strada Urbana;VIA CASILINA;in prossimit�;;del civico n.;1100;;Scontro laterale fra veicoli in marcia;Rettilineo;Una carreggiata a doppio senso;Asciutto;Asfaltata;Orizzontale;Sereno;Normale;Buona;;0;0;0;3;12.5956;41.8668;-1;2;Autovettura privata;In marcia / fermata / arresto;Conducente;M;Illeso;0;;;
5928773;8;25/04/2022 12:00:00;Strada Urbana;VIA CASILINA;in prossimit�;;del civico n.;1100;;Scontro laterale fra veicoli in marcia;Rettilineo;Una carreggiata a doppio senso;Asciutto;Asfaltata;Orizzontale;Sereno;Normale;Buona;;0;0;0;3;12.5956;41.8668;-1;2;Autovettura privata;In marcia / fermata / arresto;Passeggero;F;Illeso;0;;;
5928774;8;25/04/2022 17:07:00;;VIA MICHELE BUONORI;in prossimit�;;del civico n.;24;;Veicolo in marcia contro veicolo fermo;;;;;;;;;;0;0;0;2;;;0;1;Autocarro inferiore 35 q.;In marcia / fermata / arresto;Conducente;M;Illeso;0;;;
5928774;8;25/04/2022 17:07:00;;VIA MICHELE BUONORI;in prossimit�;;del civico n.;24;;Veicolo in marcia contro veicolo fermo;;;;;;;;;;0;0;0;2;;;0;2;Autovettura privata;In marcia / fermata / arresto;Conducente;M;Illeso;0;;;
5928775;8;22/04/2022 17:45:00;Strada Urbana;VIA DEL FOSSO DI S. MAURA;in corrispondenza;;del civico n.;51;;Scontro laterale fra veicoli in marcia;Rettilineo;Una carreggiata a doppio senso;Asciutto;Asfaltata;Verticale ed orizzontale;Sereno;Normale;Buona;;2;0;0;2;12.5912;41.859;-1;1;Autovettura privata;In marcia / fermata / arresto;Conducente;M;Illeso;0;;Non accertato;Inesploso
5928775;8;22/04/2022 17:45:00;Strada Urbana;VIA DEL FOSSO DI S. MAURA;in corrispondenza;;del civico n.;51;;Scontro laterale fra veicoli in marcia;Rettilineo;Una carreggiata a doppio senso;Asciutto;Asfaltata;Verticale ed orizzontale;Sereno;Normale;Buona;;2;0;0;2;12.5912;41.859;-1;2;Autovettura privata;In marcia / fermata / arresto;Conducente;M;Illeso;0;;Non accertato;Inesploso
5928775;8;22/04/2022 17:45:00;Strada Urbana;VIA DEL FOSSO DI S. MAURA;in corrispondenza;;del civico n.;51;;Scontro laterale fra veicoli in marcia;Rettilineo;Una carreggiata a doppio senso;Asciutto;Asfaltata;Verticale ed orizzontale;Sereno;Normale;Buona;;2;0;0;2;12.5912;41.859;-1;3;Motociclo a solo;In marcia / fermata / arresto;Conducente;M;Rifiuta cure immediate;0;NON DECEDUTO;Non accertato;
5928775;8;22/04/2022 17:45:00;Strada Urbana;VIA DEL FOSSO DI S. MAURA;in corrispondenza;;del civico n.;51;;Scontro laterale fra veicoli in marcia;Rettilineo;Una carreggiata a doppio senso;Asciutto;Asfaltata;Verticale ed orizzontale;Sereno;Normale;Buona;;2;0;0;2;12.5912;41.859;-1;4;Motociclo a solo;In marcia / fermata / arresto;Conducente;M;Rimandato;0;NON DECEDUTO;Non accertato;
5928778;8;24/04/2022 19:30:00;Strada Urbana;VIALE DUILIO CAMBELLOTTI;da specificare;;;;sotto cavalcavia TORRACCIO DI TORRENOVA;Veicolo in marcia contro ostacolo fisso;Curva senza visuale libera;Una carreggiata a senso unico di marcia;Bagnato (pioggia);Asfaltata;Verticale ed orizzontale;Pioggia in atto;Scarso;Buona;;0;0;0;1;12.6281;41.8665;-1;1;Autovettura privata;In marcia / fermata / arresto;Conducente;M;Illeso;0;;;
5928779;8;23/04/2022 09:20:00;Strada Urbana;VIA PRENESTINA;in corrispondenza;;del civico n.;1147;;Scontro frontale/laterale DX fra veicoli in marcia;Rettilineo;Una carreggiata a doppio senso;Asciutto;Asfaltata;Orizzontale;Sereno;Normale;Buona;;1;0;0;2;12.6249;41.8931;-1;1;Autovettura privata;In marcia / fermata / arresto;Conducente;M;Illeso;0;;Non accertato;Inesploso
5928779;8;23/04/2022 09:20:00;Strada Urbana;VIA PRENESTINA;in corrispondenza;;del civico n.;1147;;Scontro frontale/laterale DX fra veicoli in marcia;Rettilineo;Una carreggiata a doppio senso;Asciutto;Asfaltata;Orizzontale;Sereno;Normale;Buona;;1;0;0;2;12.6249;41.8931;-1;1;Autovettura privata;In marcia / fermata / arresto;Passeggero;F;Illeso;0;;Non accertato;Inesploso
5928779;8;23/04/2022 09:20:00;Strada Urbana;VIA PRENESTINA;in corrispondenza;;del civico n.;1147;;Scontro frontale/laterale DX fra veicoli in marcia;Rettilineo;Una carreggiata a doppio senso;Asciutto;Asfaltata;Orizzontale;Sereno;Normale;Buona;;1;0;0;2;12.6249;41.8931;-1;2;Motociclo a solo;In marcia / fermata / arresto;Conducente;M;Rifiuta cure immediate;0;NON DECEDUTO;Non accertato;
5928788;1;25/04/2022 14:55:00;Strada Urbana;VIA DEL QUIRINALE;in prossimit�;;del civico n.;26;;Investimento di pedone;Rettilineo;Una carreggiata a doppio senso;Asciutto;Asfaltata;Verticale ed orizzontale;Sereno;Normale;Buona;;1;0;0;1;12.4903;41.9016;0;;;;Pedone;M;Rimandato;0;NON DECEDUTO;;
5928788;1;25/04/2022 14:55:00;Strada Urbana;VIA DEL QUIRINALE;in prossimit�;;del civico n.;26;;Investimento di pedone;Rettilineo;Una carreggiata a doppio senso;Asciutto;Asfaltata;Verticale ed orizzontale;Sereno;Normale;Buona;;1;0;0;1;12.4903;41.9016;0;1;Motociclo a solo;In marcia / fermata / arresto;Conducente;M;Illeso;0;;;
5928791;9;25/04/2022 14:30:00;;VIA TARANTO;all'intersezione con;VIA POZZUOLI;VIA POZZUOLI;;;Veicolo in marcia contro ostacolo fisso;;;;;;;;;;0;0;0;5;;;0;1;Autovettura privata;In marcia / fermata / arresto;Conducente;M;Illeso;0;;;
5928791;9;25/04/2022 14:30:00;;VIA TARANTO;all'intersezione con;VIA POZZUOLI;VIA POZZUOLI;;;Veicolo in marcia contro ostacolo fisso;;;;;;;;;;0;0;0;5;;;0;1;Autovettura privata;In marcia / fermata / arresto;Passeggero;M;Illeso;0;;;
5928791;9;25/04/2022 14:30:00;;VIA TARANTO;all'intersezione con;VIA POZZUOLI;VIA POZZUOLI;;;Veicolo in marcia contro ostacolo fisso;;;;;;;;;;0;0;0;5;;;0;1;Autovettura privata;In marcia / fermata / arresto;Passeggero;F;Illeso;0;;;
5928791;9;25/04/2022 14:30:00;;VIA TARANTO;all'intersezione con;VIA POZZUOLI;VIA POZZUOLI;;;Veicolo in marcia contro ostacolo fisso;;;;;;;;;;0;0;0;5;;;0;2;Autovettura privata;In marcia / fermata / arresto;Conducente;;Illeso;0;;;
5928791;9;25/04/2022 14:30:00;;VIA TARANTO;all'intersezione con;VIA POZZUOLI;VIA POZZUOLI;;;Veicolo in marcia contro ostacolo fisso;;;;;;;;;;0;0;0;5;;;0;2;Autovettura privata;In marcia / fermata / arresto;Passeggero;M;Illeso;0;;;
5928792;12;25/04/2022 22:30:00;Strada Urbana;VIA MATTEO BARTOLI;all'intersezione con;VIA MARINO GHETALDI;VIA MARINO GHETALDI;;;Scontro frontale/laterale DX fra veicoli in marcia;Intersezione stradale segnalata;Una carreggiata a doppio senso;Asciutto;Asfaltata;Verticale ed orizzontale;Sereno;Scarso;Sufficiente;;0;0;0;2;12.4904;41.8187;-1;1;Autovettura privata;In marcia / fermata / arresto;Conducente;M;Illeso;0;;Utilizzato;Inesploso
5928792;12;25/04/2022 22:30:00;Strada Urbana;VIA MATTEO BARTOLI;all'intersezione con;VIA MARINO GHETALDI;VIA MARINO GHETALDI;;;Scontro frontale/laterale DX fra veicoli in marcia;Intersezione stradale segnalata;Una carreggiata a doppio senso;Asciutto;Asfaltata;Verticale ed orizzontale;Sereno;Scarso;Sufficiente;;0;0;0;2;12.4904;41.8187;-1;2;Autovettura privata;In marcia / fermata / arresto;Conducente;M;Illeso;0;;Utilizzato;Esploso
5928841;1;25/04/2022 12:26:00;Strada Urbana;VIA MERULANA;in corrispondenza;;del civico n.;117;;Tamponamento;Rettilineo;Una carreggiata a doppio senso;Asciutto;Asfaltata;Verticale ed orizzontale;Sereno;Scarso;Buona;;0;0;0;2;12.5031;41.8905;-1;1;Autovettura privata;In marcia / fermata / arresto;Conducente;M;Illeso;0;;;
5928841;1;25/04/2022 12:26:00;Strada Urbana;VIA MERULANA;in corrispondenza;;del civico n.;117;;Tamponamento;Rettilineo;Una carreggiata a doppio senso;Asciutto;Asfaltata;Verticale ed orizzontale;Sereno;Scarso;Buona;;0;0;0;2;12.5031;41.8905;-1;2;Autovettura privata;In marcia / fermata / arresto;Conducente;M;Illeso;0;;;
5928846;6;25/04/2022 13:20:00;Strada Urbana;PIAZZA DEL PIGNETO;in corrispondenza;;del civico n.;fr. 10;;Scontro frontale/laterale DX fra veicoli in marcia;Rettilineo;Pi� di due carreggiate;Asciutto;Asfaltata;Verticale ed orizzontale;Sereno;Normale;Buona;;3;0;0;2;12.5229;41.889;-1;1;Autovettura privata;In marcia / fermata / arresto;Conducente;F;Illeso;0;;;
5928846;6;25/04/2022 13:20:00;Strada Urbana;PIAZZA DEL PIGNETO;in corrispondenza;;del civico n.;fr. 10;;Scontro frontale/laterale DX fra veicoli in marcia;Rettilineo;Pi� di due carreggiate;Asciutto;Asfaltata;Verticale ed orizzontale;Sereno;Normale;Buona;;3;0;0;2;12.5229;41.889;-1;2;Autobus di linea;In marcia / fermata / arresto;Conducente;M;Illeso;0;;;
5928846;6;25/04/2022 13:20:00;Strada Urbana;PIAZZA DEL PIGNETO;in corrispondenza;;del civico n.;fr. 10;;Scontro frontale/laterale DX fra veicoli in marcia;Rettilineo;Pi� di due carreggiate;Asciutto;Asfaltata;Verticale ed orizzontale;Sereno;Normale;Buona;;3;0;0;2;12.5229;41.889;-1;2;Autobus di linea;In marcia / fermata / arresto;Passeggero;M;Rimandato;0;NON DECEDUTO;;
5928846;6;25/04/2022 13:20:00;Strada Urbana;PIAZZA DEL PIGNETO;in corrispondenza;;del civico n.;fr. 10;;Scontro frontale/laterale DX fra veicoli in marcia;Rettilineo;Pi� di due carreggiate;Asciutto;Asfaltata;Verticale ed orizzontale;Sereno;Normale;Buona;;3;0;0;2;12.5229;41.889;-1;2;Autobus di linea;In marcia / fermata / arresto;Passeggero;F;Rimandato;0;NON DECEDUTO;;
5928846;6;25/04/2022 13:20:00;Strada Urbana;PIAZZA DEL PIGNETO;in corrispondenza;;del civico n.;fr. 10;;Scontro frontale/laterale DX fra veicoli in marcia;Rettilineo;Pi� di due carreggiate;Asciutto;Asfaltata;Verticale ed orizzontale;Sereno;Normale;Buona;;3;0;0;2;12.5229;41.889;-1;2;Autobus di linea;In marcia / fermata / arresto;Passeggero;M;Rimandato;0;NON DECEDUTO;;
5928860;20;25/04/2022 16:45:00;Strada Urbana;VIA CITTA' DELLA PIEVE;in prossimit�;;del civico n.;77;;Veicolo in marcia contro veicolo in sosta;Rettilineo;Una carreggiata a senso unico di marcia;Asciutto;Asfaltata;Verticale ed orizzontale;Sereno;Normale;Buona;;0;0;0;1;12.4751;41.9435;-1;1;Autovettura di polizia;In marcia / fermata / arresto;Conducente;M;Illeso;0;;;
5928860;20;25/04/2022 16:45:00;Strada Urbana;VIA CITTA' DELLA PIEVE;in prossimit�;;del civico n.;77;;Veicolo in marcia contro veicolo in sosta;Rettilineo;Una carreggiata a senso unico di marcia;Asciutto;Asfaltata;Verticale ed orizzontale;Sereno;Normale;Buona;;0;0;0;1;12.4751;41.9435;-1;2;Autovettura privata;Sosta;;;;;;;
5928881;10;25/04/2022 19:45:00;Strada Urbana;VIA DEL QUADRARO;da specificare;;;;CURVA 20 MT PRIMA PALO ACEA 40 DIR. VIA TUSCOLANA;Veicolo in marcia contro veicoli in sosta;Curva senza visuale libera;Una carreggiata a doppio senso;Asciutto;Asfaltata;Verticale ed orizzontale;Sereno;Normale;Sufficiente;;1;0;0;1;12.5517;41.8548;-1;1;Autovettura privata;In marcia / fermata / arresto;Conducente;F;Rimandato;0;NON DECEDUTO;Non accertato;Inesploso
5928881;10;25/04/2022 19:45:00;Strada Urbana;VIA DEL QUADRARO;da specificare;;;;CURVA 20 MT PRIMA PALO ACEA 40 DIR. VIA TUSCOLANA;Veicolo in marcia contro veicoli in sosta;Curva senza visuale libera;Una carreggiata a doppio senso;Asciutto;Asfaltata;Verticale ed orizzontale;Sereno;Normale;Sufficiente;;1;0;0;1;12.5517;41.8548;-1;2;Autovettura privata;Sosta;Passeggero;M;Illeso;0;;Non accertato;Inesploso
5928881;10;25/04/2022 19:45:00;Strada Urbana;VIA DEL QUADRARO;da specificare;;;;CURVA 20 MT PRIMA PALO ACEA 40 DIR. VIA TUSCOLANA;Veicolo in marcia contro veicoli in sosta;Curva senza visuale libera;Una carreggiata a doppio senso;Asciutto;Asfaltata;Verticale ed orizzontale;Sereno;Normale;Sufficiente;;1;0;0;1;12.5517;41.8548;-1;3;Autovettura privata;Sosta;;;;;;;
5928883;20;25/04/2022 23:30:00;Strada Urbana;VIA DELLA FARNESINA;all'intersezione con;VIA RANUCCIO FARNESE;VIA RANUCCIO FARNESE;;;Scontro laterale fra veicoli in marcia;Intersezione stradale segnalata;Una carreggiata a doppio senso;Asciutto;Asfaltata;Verticale ed orizzontale;Sereno;Scarso;Sufficiente;;0;0;0;3;12.4619;41.9403;-1;1;Autovettura privata;In marcia / fermata / arresto;Conducente;F;Illeso;0;;Non accertato;Inesploso
5928883;20;25/04/2022 23:30:00;Strada Urbana;VIA DELLA FARNESINA;all'intersezione con;VIA RANUCCIO FARNESE;VIA RANUCCIO FARNESE;;;Scontro laterale fra veicoli in marcia;Intersezione stradale segnalata;Una carreggiata a doppio senso;Asciutto;Asfaltata;Verticale ed orizzontale;Sereno;Scarso;Sufficiente;;0;0;0;3;12.4619;41.9403;-1;2;Autovettura privata;In marcia / fermata / arresto;Conducente;M;Illeso;0;;Non accertato;Inesploso
5928883;20;25/04/2022 23:30:00;Strada Urbana;VIA DELLA FARNESINA;all'intersezione con;VIA RANUCCIO FARNESE;VIA RANUCCIO FARNESE;;;Scontro laterale fra veicoli in marcia;Intersezione stradale segnalata;Una carreggiata a doppio senso;Asciutto;Asfaltata;Verticale ed orizzontale;Sereno;Scarso;Sufficiente;;0;0;0;3;12.4619;41.9403;-1;2;Autovettura privata;In marcia / fermata / arresto;Passeggero;F;Illeso;0;;Non accertato;Inesploso
5928890;1;25/04/2022 18:00:00;Strada Urbana;LUNGOTEVERE DELLA FARNESINA;all'intersezione semaforizzata con;PIAZZA TRILUSSA;PIAZZA TRILUSSA;;;Scontro laterale fra veicoli in marcia;Incrocio;Una carreggiata a senso unico di marcia;Asciutto;Asfaltata;Verticale ed orizzontale;Sereno;Normale;;;0;0;0;2;;;0;1;Autoveicolo trasp.promisc.;In marcia / fermata / arresto;Conducente;M;Illeso;0;;;
5928890;1;25/04/2022 18:00:00;Strada Urbana;LUNGOTEVERE DELLA FARNESINA;all'intersezione semaforizzata con;PIAZZA TRILUSSA;PIAZZA TRILUSSA;;;Scontro laterale fra veicoli in marcia;Incrocio;Una carreggiata a senso unico di marcia;Asciutto;Asfaltata;Verticale ed orizzontale;Sereno;Normale;;;0;0;0;2;;;0;2;Motociclo a solo;In marcia / fermata / arresto;Conducente;M;Illeso;0;;;
5928893;9;25/04/2022 18:00:00;;VIA ENEA;in corrispondenza;;del civico n.;44;;Investimento di pedone;;;;;;;;;;0;0;0;3;;;0;;;;Pedone;M;Illeso;0;;;
5928893;9;25/04/2022 18:00:00;;VIA ENEA;in corrispondenza;;del civico n.;44;;Investimento di pedone;;;;;;;;;;0;0;0;3;;;0;1;Autovettura privata;In marcia / fermata / arresto;Conducente;;Illeso;0;;;
5928893;9;25/04/2022 18:00:00;;VIA ENEA;in corrispondenza;;del civico n.;44;;Investimento di pedone;;;;;;;;;;0;0;0;3;;;0;1;Autovettura privata;In marcia / fermata / arresto;Passeggero;F;Illeso;0;;;
5928897;12;26/04/2022 05:50:00;Strada Urbana;VIA CRISTOFORO COLOMBO;da specificare;;;;dir Roma Palo Acea 357;Scontro laterale fra veicoli in marcia;Rettilineo;Pi� di due carreggiate;Asciutto;Asfaltata;Verticale ed orizzontale;Sereno;Scarso;Buona;;0;0;0;2;12.4115;41.7858;-1;1;Autovettura privata;In marcia / fermata / arresto;Conducente;M;Illeso;0;;;
5928897;12;26/04/2022 05:50:00;Strada Urbana;VIA CRISTOFORO COLOMBO;da specificare;;;;dir Roma Palo Acea 357;Scontro laterale fra veicoli in marcia;Rettilineo;Pi� di due carreggiate;Asciutto;Asfaltata;Verticale ed orizzontale;Sereno;Scarso;Buona;;0;0;0;2;12.4115;41.7858;-1;2;Autocarro inferiore 35 q.;In marcia / fermata / arresto;Conducente;M;Illeso;0;;;
5928903;10;25/04/2022 13:45:00;Strada Urbana;VIA ANAGNINA;in corrispondenza;;del civico n.;323;;Tamponamento;Rettilineo;Due carreggiate;Asciutto;Asfaltata;Verticale ed orizzontale;Sereno;Normale;Buona;;1;0;0;1;12.6132;41.8189;-1;1;Autovettura privata;In marcia / fermata / arresto;Conducente;F;Illeso;0;;Non accertato;Inesploso
5928903;10;25/04/2022 13:45:00;Strada Urbana;VIA ANAGNINA;in corrispondenza;;del civico n.;323;;Tamponamento;Rettilineo;Due carreggiate;Asciutto;Asfaltata;Verticale ed orizzontale;Sereno;Normale;Buona;;1;0;0;1;12.6132;41.8189;-1;2;Motociclo con passeggero;In marcia / fermata / arresto;Conducente;M;Rimandato;0;NON DECEDUTO;Non accertato;
5928904;20;25/04/2022 10:30:00;Strada Urbana;VICOLO CESANENSE;da specificare;;;;altezza via monti di pineta ;Scontro frontale/laterale SX fra veicoli in marcia;Curva senza visuale libera;Una carreggiata a doppio senso;Asciutto;Asfaltata;Verticale ed orizzontale;Nuvoloso;Scarso;Buona;;0;0;0;5;12.3468;42.0916;-1;1;Autovettura privata;In marcia / fermata / arresto;Conducente;F;Illeso;0;;Non accertato;Inesploso
5928904;20;25/04/2022 10:30:00;Strada Urbana;VICOLO CESANENSE;da specificare;;;;altezza via monti di pineta ;Scontro frontale/laterale SX fra veicoli in marcia;Curva senza visuale libera;Una carreggiata a doppio senso;Asciutto;Asfaltata;Verticale ed orizzontale;Nuvoloso;Scarso;Buona;;0;0;0;5;12.3468;42.0916;-1;1;Autovettura privata;In marcia / fermata / arresto;Passeggero;M;Illeso;0;;Non accertato;Inesploso
5928904;20;25/04/2022 10:30:00;Strada Urbana;VICOLO CESANENSE;da specificare;;;;altezza via monti di pineta ;Scontro frontale/laterale SX fra veicoli in marcia;Curva senza visuale libera;Una carreggiata a doppio senso;Asciutto;Asfaltata;Verticale ed orizzontale;Nuvoloso;Scarso;Buona;;0;0;0;5;12.3468;42.0916;-1;1;Autovettura privata;In marcia / fermata / arresto;Passeggero;M;Illeso;0;;Non accertato;Inesploso
5928904;20;25/04/2022 10:30:00;Strada Urbana;VICOLO CESANENSE;da specificare;;;;altezza via monti di pineta ;Scontro frontale/laterale SX fra veicoli in marcia;Curva senza visuale libera;Una carreggiata a doppio senso;Asciutto;Asfaltata;Verticale ed orizzontale;Nuvoloso;Scarso;Buona;;0;0;0;5;12.3468;42.0916;-1;2;Autovettura privata;In marcia / fermata / arresto;Conducente;M;Illeso;0;;;Inesploso
5928904;20;25/04/2022 10:30:00;Strada Urbana;VICOLO CESANENSE;da specificare;;;;altezza via monti di pineta ;Scontro frontale/laterale SX fra veicoli in marcia;Curva senza visuale libera;Una carreggiata a doppio senso;Asciutto;Asfaltata;Verticale ed orizzontale;Nuvoloso;Scarso;Buona;;0;0;0;5;12.3468;42.0916;-1;2;Autovettura privata;In marcia / fermata / arresto;Passeggero;F;Illeso;0;;Non accertato;Inesploso
5928906;20;25/04/2022 12:40:00;Strada Urbana;VIA DELLA FARNESINA;in corrispondenza;;del civico n.;48;;Veicolo in marcia contro veicoli in sosta;Rettilineo;Una carreggiata a senso unico di marcia;Asciutto;Asfaltata;Assente;Sereno;Scarso;Buona;;0;0;0;1;12.4636;41.9389;-1;1;Autovettura privata;In marcia / fermata / arresto;Conducente;M;Illeso;0;;Non accertato;Inesploso
5928906;20;25/04/2022 12:40:00;Strada Urbana;VIA DELLA FARNESINA;in corrispondenza;;del civico n.;48;;Veicolo in marcia contro veicoli in sosta;Rettilineo;Una carreggiata a senso unico di marcia;Asciutto;Asfaltata;Assente;Sereno;Scarso;Buona;;0;0;0;1;12.4636;41.9389;-1;2;Autovettura privata;Sosta;;;;;;;
5928906;20;25/04/2022 12:40:00;Strada Urbana;VIA DELLA FARNESINA;in corrispondenza;;del civico n.;48;;Veicolo in marcia contro veicoli in sosta;Rettilineo;Una carreggiata a senso unico di marcia;Asciutto;Asfaltata;Assente;Sereno;Scarso;Buona;;0;0;0;1;12.4636;41.9389;-1;3;Autovettura privata;Sosta;;;;;;;
5928908;15;22/04/2022 16:35:00;Comunale extraurbana;VIA DELLA MURATELLA;da specificare;;;;fronte palo luce n.33;Fuoriuscita dalla sede stradale;Rettilineo;Una carreggiata a doppio senso;Asciutto;Bitumata;Verticale ed orizzontale;Nuvoloso;Scarso;Buona;;3;0;0;0;12.2585;41.8576;-1;1;Autovettura privata;In marcia / fermata / arresto;Conducente;M;Rimandato;0;NON DECEDUTO;Non accertato;Inesistente