Protocollo;Gruppo;DataOraIncidente;Localizzazione1;STRADA1;Localizzazione2;STRADA2;Strada02;Chilometrica;DaSpecificare;NaturaIncidente;particolaritastrade;TipoStrada;FondoStradale;Pavimentazione;Segnaletica;CondizioneAtmosferica;Traffico;Visibilita;Illuminazione;NUM_FERITI;NUM_RISERVATA;NUM_MORTI;NUM_ILLESI;Longitude;Latitude;Confermato;Progressivo;TipoVeicolo;StatoVeicolo;TipoPersona;Sesso;Tipolesione;Deceduto;DecedutoDopo;CinturaCascoUtilizzato;Airbag;
5929064;18;24/04/2022 06:05:00;Strada Urbana;VIA DI BOCCEA;all'intersezione con;VIA URBANO II;VIA URBANO II;;;Scontro frontale/laterale SX fra veicoli in marcia;Intersezione stradale segnalata;Una carreggiata a doppio senso;Bagnato (umidit� in atto);Asfaltata;Verticale ed orizzontale;Nuvoloso;Scarso;Buona;;1;0;0;2;12.3847;41.9149;-1;1;Autovettura privata;In marcia / fermata / arresto;Passeggero;F;Rimandato;0;NON DECEDUTO;Non accertato;Inesploso
5929064;18;24/04/2022 06:05:00;Strada Urbana;VIA DI BOCCEA;all'intersezione con;VIA URBANO II;VIA URBANO II;;;Scontro frontale/laterale SX fra veicoli in marcia;Intersezione stradale segnalata;Una carreggiata a doppio senso;Bagnato (umidit� in atto);Asfaltata;Verticale ed orizzontale;Nuvoloso;Scarso;Buona;;1;0;0;2;12.3847;41.9149;-1;2;Autovettura pubblica;In marcia / fermata / arresto;Conducente;M;Illeso;0;;Non accertato;Inesploso
5929068;15;25/04/2022 11:10:00;Strada Urbana;VIA DELLA MAGLIANA;da specificare;;;;prossimit� fronte civ.152;Investimento di pedone;Rettilineo;Due carreggiate;Asciutto;Asfaltata;Verticale ed orizzontale;Nuvoloso;Scarso;Buona;;1;0;0;1;12.4196;41.8317;-1;;;;Pedone;M;Rimandato;0;NON DECEDUTO;;
5929068;15;25/04/2022 11:10:00;Strada Urbana;VIA DELLA MAGLIANA;da specificare;;;;prossimit� fronte civ.152;Investimento di pedone;Rettilineo;Due carreggiate;Asciutto;Asfaltata;Verticale ed orizzontale;Nuvoloso;Scarso;Buona;;1;0;0;1;12.4196;41.8317;-1;1;Autovettura privata;In marcia / fermata / arresto;Conducente;M;Illeso;0;;Non accertato;Inesploso
5929069;4;25/04/2022 08:30:00;Strada Urbana;PIAZZA GIUSEPPE PRIMOLI;da specificare;;;;altezza rotatoria semaforizzata;Scontro frontale/laterale DX fra veicoli in marcia;Rotatoria;Una carreggiata a senso unico di marcia;Bagnato (umidit� in atto);Asfaltata;Verticale ed orizzontale;Sereno;Normale;Buona;;0;0;0;2;12.5529;41.9452;-1;1;Autocarro inferiore 35 q.;In marcia / fermata / arresto;Conducente;M;Illeso;0;;;
5929069;4;25/04/2022 08:30:00;Strada Urbana;PIAZZA GIUSEPPE PRIMOLI;da specificare;;;;altezza rotatoria semaforizzata;Scontro frontale/laterale DX fra veicoli in marcia;Rotatoria;Una carreggiata a senso unico di marcia;Bagnato (umidit� in atto);Asfaltata;Verticale ed orizzontale;Sereno;Normale;Buona;;0;0;0;2;12.5529;41.9452;-1;2;Autocarro inferiore 35 q.;In marcia / fermata / arresto;Conducente;M;Illeso;0;;;
5929085;4;25/04/2022 12:00:00;Strada Urbana;PIAZZA MONTE GENNARO;all'intersezione con;VIA COL DI REZIA;VIA COL DI REZIA;;;Scontro frontale/laterale SX fra veicoli in marcia;Incrocio;Una carreggiata a doppio senso;Asciutto;Asfaltata;Verticale ed orizzontale;Sereno;Normale;Buona;;1;0;0;2;12.5379;41.9442;-1;1;Autovettura privata;In marcia / fermata / arresto;Conducente;M;Illeso;0;;;
5929085;4;25/04/2022 12:00:00;Strada Urbana;PIAZZA MONTE GENNARO;all'intersezione con;VIA COL DI REZIA;VIA COL DI REZIA;;;Scontro frontale/laterale SX fra veicoli in marcia;Incrocio;Una carreggiata a doppio senso;Asciutto;Asfaltata;Verticale ed orizzontale;Sereno;Normale;Buona;;1;0;0;2;12.5379;41.9442;-1;1;Autovettura privata;In marcia / fermata / arresto;Passeggero;F;Illeso;0;;;
5929085;4;25/04/2022 12:00:00;Strada Urbana;PIAZZA MONTE GENNARO;all'intersezione con;VIA COL DI REZIA;VIA COL DI REZIA;;;Scontro frontale/laterale SX fra veicoli in marcia;Incrocio;Una carreggiata a doppio senso;Asciutto;Asfaltata;Verticale ed orizzontale;Sereno;Normale;Buona;;1;0;0;2;12.5379;41.9442;-1;2;Motociclo a solo;In marcia / fermata / arresto;Conducente;M;Rimandato;0;NON DECEDUTO;;
5929087;15;23/04/2022 12:05:00;Strada Urbana;VIA PORTUENSE;in corrispondenza;;del civico n.;798;;Scontro frontale/laterale SX fra veicoli in marcia;Rettilineo;Una carreggiata a doppio senso;Asciutto;Asfaltata;Assente;Nuvoloso;Scarso;Buona;;0;0;0;3;12.4207;41.8504;-1;1;Autovettura privata;In marcia / fermata / arresto;Conducente;F;Illeso;0;;Non accertato;Inesploso
5929087;15;23/04/2022 12:05:00;Strada Urbana;VIA PORTUENSE;in corrispondenza;;del civico n.;798;;Scontro frontale/laterale SX fra veicoli in marcia;Rettilineo;Una carreggiata a doppio senso;Asciutto;Asfaltata;Assente;Nuvoloso;Scarso;Buona;;0;0;0;3;12.4207;41.8504;-1;1;Autovettura privata;In marcia / fermata / arresto;Passeggero;M;Illeso;0;;Non accertato;Inesploso
5929087;15;23/04/2022 12:05:00;Strada Urbana;VIA PORTUENSE;in corrispondenza;;del civico n.;798;;Scontro frontale/laterale SX fra veicoli in marcia;Rettilineo;Una carreggiata a doppio senso;Asciutto;Asfaltata;Assente;Nuvoloso;Scarso;Buona;;0;0;0;3;12.4207;41.8504;-1;2;Autovettura privata;In marcia / fermata / arresto;Conducente;M;Illeso;0;;Non accertato;Inesploso
5929089;7;25/04/2022 17:00:00;Strada Urbana;VIA DEI GLICINI;all'intersezione con;VIA DEI FRASSINI;VIA DEI FRASSINI;;;Scontro frontale/laterale DX fra veicoli in marcia;Incrocio;Una carreggiata a senso unico di marcia;Asciutto;Asfaltata;Verticale ed orizzontale;Sereno;Normale;Buona;;0;0;0;5;12.5679;41.8795;-1;1;Autovettura privata;In marcia / fermata / arresto;Conducente;M;Illeso;0;;Non accertato;Inesploso
5929089;7;25/04/2022 17:00:00;Strada Urbana;VIA DEI GLICINI;all'intersezione con;VIA DEI FRASSINI;VIA DEI FRASSINI;;;Scontro frontale/laterale DX fra veicoli in marcia;Incrocio;Una carreggiata a senso unico di marcia;Asciutto;Asfaltata;Verticale ed orizzontale;Sereno;Normale;Buona;;0;0;0;5;12.5679;41.8795;-1;1;Autovettura privata;In marcia / fermata / arresto;Passeggero;M;Illeso;0;;Non accertato;Inesploso
5929089;7;25/04/2022 17:00:00;Strada Urbana;VIA DEI GLICINI;all'intersezione con;VIA DEI FRASSINI;VIA DEI FRASSINI;;;Scontro frontale/laterale DX fra veicoli in marcia;Incrocio;Una carreggiata a senso unico di marcia;Asciutto;Asfaltata;Verticale ed orizzontale;Sereno;Normale;Buona;;0;0;0;5;12.5679;41.8795;-1;2;Autovettura privata;In marcia / fermata / arresto;Conducente;M;Illeso;0;;Non accertato;Inesploso
5929089;7;25/04/2022 17:00:00;Strada Urbana;VIA DEI GLICINI;all'intersezione con;VIA DEI FRASSINI;VIA DEI FRASSINI;;;Scontro frontale/laterale DX fra veicoli in marcia;Incrocio;Una carreggiata a senso unico di marcia;Asciutto;Asfaltata;Verticale ed orizzontale;Sereno;Normale;Buona;;0;0;0;5;12.5679;41.8795;-1;2;Autovettura privata;In marcia / fermata / arresto;Passeggero;F;Illeso;0;;Non accertato;Inesploso
5929089;7;25/04/2022 17:00:00;Strada Urbana;VIA DEI GLICINI;all'intersezione con;VIA DEI FRASSINI;VIA DEI FRASSINI;;;Scontro frontale/laterale DX fra veicoli in marcia;Incrocio;Una carreggiata a senso unico di marcia;Asciutto;Asfaltata;Verticale ed orizzontale;Sereno;Normale;Buona;;0;0;0;5;12.5679;41.8795;-1;2;Autovettura privata;In marcia / fermata / arresto;Passeggero;F;Illeso;0;;Non accertato;Inesploso
5929095;15;25/04/2022 15:45:00;Strada Urbana;VIA DELLE VIGNE;all'intersezione con;VIA DI VIGNA GIRELLI;VIA DI VIGNA GIRELLI;;;Scontro frontale/laterale DX fra veicoli in marcia;Intersezione stradale segnalata;Una carreggiata a doppio senso;Asciutto;Asfaltata;Verticale ed orizzontale;Sereno;Normale;Buona;;0;0;0;2;12.422;41.8404;-1;1;Autovettura privata;In marcia / fermata / arresto;Conducente;M;Illeso;0;;Non accertato;Inesploso
5929095;15;25/04/2022 15:45:00;Strada Urbana;VIA DELLE VIGNE;all'intersezione con;VIA DI VIGNA GIRELLI;VIA DI VIGNA GIRELLI;;;Scontro frontale/laterale DX fra veicoli in marcia;Intersezione stradale segnalata;Una carreggiata a doppio senso;Asciutto;Asfaltata;Verticale ed orizzontale;Sereno;Normale;Buona;;0;0;0;2;12.422;41.8404;-1;2;Autovettura privata;In marcia / fermata / arresto;Conducente;F;Illeso;0;;Non accertato;Inesploso
5929097;5;22/04/2022 11:30:00;Strada Urbana;VIA PAN;in corrispondenza;;del civico n.;66;;Veicolo in marcia contro veicolo in sosta;Rettilineo;Una carreggiata a senso unico di marcia;Bagnato (pioggia);Asfaltata;Verticale ed orizzontale;Nuvoloso;Scarso;Buona;;0;0;0;0;12.5544;41.9147;-1;1;Autovettura privata;Sosta;;;;;;;
5929097;5;22/04/2022 11:30:00;Strada Urbana;VIA PAN;in corrispondenza;;del civico n.;66;;Veicolo in marcia contro veicolo in sosta;Rettilineo;Una carreggiata a senso unico di marcia;Bagnato (pioggia);Asfaltata;Verticale ed orizzontale;Nuvoloso;Scarso;Buona;;0;0;0;0;12.5544;41.9147;-1;2;Autovettura privata;Allontanatosi;;;;;;;
5929100;7;24/04/2022 12:07:00;Strada Urbana;VIA DEI CASTANI;all'intersezione con;PIAZZA DEI GERANI;PIAZZA DEI GERANI;;;Scontro frontale/laterale SX fra veicoli in marcia;Incrocio;Una carreggiata a doppio senso;Asciutto;Asfaltata;Verticale ed orizzontale;Sereno;Scarso;Sufficiente;;0;0;0;2;12.567;41.8853;-1;1;Motociclo a solo;In marcia / fermata / arresto;Conducente;M;Illeso;0;;Non accertato;
5929100;7;24/04/2022 12:07:00;Strada Urbana;VIA DEI CASTANI;all'intersezione con;PIAZZA DEI GERANI;PIAZZA DEI GERANI;;;Scontro frontale/laterale SX fra veicoli in marcia;Incrocio;Una carreggiata a doppio senso;Asciutto;Asfaltata;Verticale ed orizzontale;Sereno;Scarso;Sufficiente;;0;0;0;2;12.567;41.8853;-1;2;Autovettura privata;In marcia / fermata / arresto;Conducente;M;Illeso;0;;Non accertato;Inesploso
5929103;2;22/04/2022 12:50:00;Strada Urbana;SOTTOVIA IGNAZIO GUIDI;da specificare;;;;alt. cabina ENEL 4601 dir flaminio;Scontro laterale fra veicoli in marcia;Curva a visuale libera;Due carreggiate;Asciutto;Asfaltata;Verticale;Sereno;Intenso;Sufficiente;;0;0;0;2;12.5014;41.9096;-1;1;Quadriciclo leggero;In marcia / fermata / arresto;Conducente;M;Illeso;0;;;
5929103;2;22/04/2022 12:50:00;Strada Urbana;SOTTOVIA IGNAZIO GUIDI;da specificare;;;;alt. cabina ENEL 4601 dir flaminio;Scontro laterale fra veicoli in marcia;Curva a visuale libera;Due carreggiate;Asciutto;Asfaltata;Verticale;Sereno;Intenso;Sufficiente;;0;0;0;2;12.5014;41.9096;-1;2;Autovettura privata;In marcia / fermata / arresto;Conducente;M;Illeso;0;;;
5929106;17;23/04/2022 00:30:00;Strada Urbana;VIA VIRGINIO ORSINI;all'intersezione con;VIA DEGLI SCIPIONI;VIA DEGLI SCIPIONI;;;Scontro laterale fra veicoli in marcia;Incrocio;Una carreggiata a senso unico di marcia;Asciutto;Asfaltata;Verticale ed orizzontale;Nuvoloso;Scarso;Sufficiente;;1;0;0;5;12.4691;41.9113;-1;1;Autovettura privata;In marcia / fermata / arresto;Conducente;M;Illeso;0;;;
5929106;17;23/04/2022 00:30:00;Strada Urbana;VIA VIRGINIO ORSINI;all'intersezione con;VIA DEGLI SCIPIONI;VIA DEGLI SCIPIONI;;;Scontro laterale fra veicoli in marcia;Incrocio;Una carreggiata a senso unico di marcia;Asciutto;Asfaltata;Verticale ed orizzontale;Nuvoloso;Scarso;Sufficiente;;1;0;0;5;12.4691;41.9113;-1;1;Autovettura privata;In marcia / fermata / arresto;Passeggero;M;Illeso;0;;;
5929106;17;23/04/2022 00:30:00;Strada Urbana;VIA VIRGINIO ORSINI;all'intersezione con;VIA DEGLI SCIPIONI;VIA DEGLI SCIPIONI;;;Scontro laterale fra veicoli in marcia;Incrocio;Una carreggiata a senso unico di marcia;Asciutto;Asfaltata;Verticale ed orizzontale;Nuvoloso;Scarso;Sufficiente;;1;0;0;5;12.4691;41.9113;-1;1;Autovettura privata;In marcia / fermata / arresto;Passeggero;M;Illeso;0;;;
5929106;17;23/04/2022 00:30:00;Strada Urbana;VIA VIRGINIO ORSINI;all'intersezione con;VIA DEGLI SCIPIONI;VIA DEGLI SCIPIONI;;;Scontro laterale fra veicoli in marcia;Incrocio;Una carreggiata a senso unico di marcia;Asciutto;Asfaltata;Verticale ed orizzontale;Nuvoloso;Scarso;Sufficiente;;1;0;0;5;12.4691;41.9113;-1;2;Motociclo a solo;In marcia / fermata / arresto;Conducente;M;Rimandato;0;NON DECEDUTO;;
5929106;17;23/04/2022 00:30:00;Strada Urbana;VIA VIRGINIO ORSINI;all'intersezione con;VIA DEGLI SCIPIONI;VIA DEGLI SCIPIONI;;;Scontro laterale fra veicoli in marcia;Incrocio;Una carreggiata a senso unico di marcia;Asciutto;Asfaltata;Verticale ed orizzontale;Nuvoloso;Scarso;Sufficiente;;1;0;0;5;12.4691;41.9113;-1;3;Autovettura pubblica;In marcia / fermata / arresto;Conducente;M;Illeso;0;;;
5929107;5;22/04/2022 14:15:00;Strada Urbana;VIA DEI MONTI DI PIETRALATA;da specificare;;;;300 MT prima di LARGO CHIAROMONTE;Tamponamento;Rettilineo;Due carreggiate;Asciutto;Asfaltata;Orizzontale;Nuvoloso;Normale;Buona;;0;0;0;2;12.5319;41.918;-1;1;Autovettura privata;In marcia / fermata / arresto;Conducente;M;Illeso;0;;;
5929107;5;22/04/2022 14:15:00;Strada Urbana;VIA DEI MONTI DI PIETRALATA;da specificare;;;;300 MT prima di LARGO CHIAROMONTE;Tamponamento;Rettilineo;Due carreggiate;Asciutto;Asfaltata;Orizzontale;Nuvoloso;Normale;Buona;;0;0;0;2;12.5319;41.918;-1;2;Autocarro inferiore 35 q.;In marcia / fermata / arresto;Conducente;M;Illeso;0;;;
5929115;17;24/04/2022 19:50:00;Strada Urbana;VIALE ANGELICO;all'intersezione semaforizzata con;VIA DURAZZO;VIA DURAZZO;;;Scontro frontale/laterale SX fra veicoli in marcia;Intersezione semaforizzata;Pi� di due carreggiate;Bagnato (pioggia);Asfaltata;Verticale ed orizzontale;Pioggia in atto;Normale;Buona;;1;0;0;3;12.4586;41.9172;-1;1;Autovettura privata;In marcia / fermata / arresto;Conducente;M;Illeso;0;;;
5929115;17;24/04/2022 19:50:00;Strada Urbana;VIALE ANGELICO;all'intersezione semaforizzata con;VIA DURAZZO;VIA DURAZZO;;;Scontro frontale/laterale SX fra veicoli in marcia;Intersezione semaforizzata;Pi� di due carreggiate;Bagnato (pioggia);Asfaltata;Verticale ed orizzontale;Pioggia in atto;Normale;Buona;;1;0;0;3;12.4586;41.9172;-1;1;Autovettura privata;In marcia / fermata / arresto;Passeggero;F;Illeso;0;;;
5929115;17;24/04/2022 19:50:00;Strada Urbana;VIALE ANGELICO;all'intersezione semaforizzata con;VIA DURAZZO;VIA DURAZZO;;;Scontro frontale/laterale SX fra veicoli in marcia;Intersezione semaforizzata;Pi� di due carreggiate;Bagnato (pioggia);Asfaltata;Verticale ed orizzontale;Pioggia in atto;Normale;Buona;;1;0;0;3;12.4586;41.9172;-1;2;Motociclo con passeggero;In marcia / fermata / arresto;Conducente;M;Rimandato;0;NON DECEDUTO;;
5929115;17;24/04/2022 19:50:00;Strada Urbana;VIALE ANGELICO;all'intersezione semaforizzata con;VIA DURAZZO;VIA DURAZZO;;;Scontro frontale/laterale SX fra veicoli in marcia;Intersezione semaforizzata;Pi� di due carreggiate;Bagnato (pioggia);Asfaltata;Verticale ed orizzontale;Pioggia in atto;Normale;Buona;;1;0;0;3;12.4586;41.9172;-1;2;Motociclo con passeggero;In marcia / fermata / arresto;Passeggero;M;Illeso;0;;;
5929117;5;22/04/2022 23:10:00;Strada Urbana;VIA TIBURTINA;da specificare;;;;sottopasso pross. VIALE DEL TECNOPOLO;Veicolo in marcia contro ostacolo accidentale;Sottopasso illuminato;Una carreggiata a senso unico di marcia;Asciutto;Con buche;Verticale ed orizzontale;Nuvoloso;Normale;Sufficiente;;0;0;0;1;12.6383;41.9411;-1;1;Autovettura privata;In marcia / fermata / arresto;Conducente;M;Illeso;0;;Non accertato;
5929127;2;22/04/2022 07:36:00;Strada Urbana;PIAZZALE CARDINAL CONSALVI;da specificare;;;;prox Viale Tiziano dir Ponte Milvio;Veicolo in marcia contro ostacolo fisso;Rettilineo;Una carreggiata a doppio senso;Bagnato (umidit� in atto);Asfaltata;Verticale ed orizzontale;Nuvoloso;Scarso;Sufficiente;;1;0;0;0;12.4674;41.9338;-1;1;Ciclomotore;In marcia / fermata / arresto;Conducente;F;Rimandato;0;NON DECEDUTO;;
5929132;15;25/04/2022 15:50:00;Strada Urbana;VIALE ALEXANDRE G. EIFFEL;da specificare;;;;CORRISPONDENZA 2�PARCHEGGIO CUSTODITO;Scontro laterale fra veicoli in marcia;Rettilineo;Due carreggiate;Asciutto;Asfaltata;Verticale ed orizzontale;Sereno;Normale;Buona;;0;0;0;3;12.3367;41.8054;-1;1;Autovettura privata;In marcia / fermata / arresto;Conducente;F;Illeso;0;;Non accertato;Inesploso
5929132;15;25/04/2022 15:50:00;Strada Urbana;VIALE ALEXANDRE G. EIFFEL;da specificare;;;;CORRISPONDENZA 2�PARCHEGGIO CUSTODITO;Scontro laterale fra veicoli in marcia;Rettilineo;Due carreggiate;Asciutto;Asfaltata;Verticale ed orizzontale;Sereno;Normale;Buona;;0;0;0;3;12.3367;41.8054;-1;2;Autovettura privata;In marcia / fermata / arresto;Conducente;M;Illeso;0;;Non accertato;Inesploso
5929132;15;25/04/2022 15:50:00;Strada Urbana;VIALE ALEXANDRE G. EIFFEL;da specificare;;;;CORRISPONDENZA 2�PARCHEGGIO CUSTODITO;Scontro laterale fra veicoli in marcia;Rettilineo;Due carreggiate;Asciutto;Asfaltata;Verticale ed orizzontale;Sereno;Normale;Buona;;0;0;0;3;12.3367;41.8054;-1;2;Autovettura privata;In marcia / fermata / arresto;Passeggero;F;Illeso;0;;Non accertato;Inesploso
5929134;5;23/04/2022 02:00:00;Strada Urbana;VIA TIBURTINA;all'intersezione con;VIA CIPRIANO FACCHINETTI;VIA CIPRIANO FACCHINETTI;;;Scontro laterale fra veicoli in marcia;Incrocio;Due carreggiate;Asciutto;Asfaltata;Orizzontale;Sereno;Normale;Buona;;1;0;0;0;12.5463;41.9091;0;1;Ciclomotore;In marcia / fermata / arresto;Conducente;M;Rimandato;0;NON DECEDUTO;;
5929134;5;23/04/2022 02:00:00;Strada Urbana;VIA TIBURTINA;all'intersezione con;VIA CIPRIANO FACCHINETTI;VIA CIPRIANO FACCHINETTI;;;Scontro laterale fra veicoli in marcia;Incrocio;Due carreggiate;Asciutto;Asfaltata;Orizzontale;Sereno;Normale;Buona;;1;0;0;0;12.5463;41.9091;0;2;Autovettura privata;Allontanatosi;;;;;;;
5929148;18;24/04/2022 14:15:00;Strada Urbana;PIAZZA PIO XI;da specificare;;;;fronte civico 10;Veicolo in marcia contro ostacolo accidentale;Rettilineo;Una carreggiata a senso unico di marcia;Asciutto;Asfaltata;Verticale ed orizzontale;Sereno;Normale;Buona;;0;0;0;1;12.4386;41.895;-1;1;Autovettura privata;In marcia / fermata / arresto;Conducente;F;Illeso;0;;Non accertato;Inesploso
5929150;5;24/04/2022 15:40:00;Strada Urbana;VIA DEI MONTI TIBURTINI;all'intersezione semaforizzata con;VIA DEI DURANTINI;VIA DEI DURANTINI;;;Tamponamento;Incrocio;Due carreggiate;Asciutto;Asfaltata;Verticale ed orizzontale;Nuvoloso;Normale;Sufficiente;;1;0;0;1;12.543;41.9172;-1;1;Autovettura privata;In marcia / fermata / arresto;Conducente;F;Rimandato;0;NON DECEDUTO;Non accertato;
5929150;5;24/04/2022 15:40:00;Strada Urbana;VIA DEI MONTI TIBURTINI;all'intersezione semaforizzata con;VIA DEI DURANTINI;VIA DEI DURANTINI;;;Tamponamento;Incrocio;Due carreggiate;Asciutto;Asfaltata;Verticale ed orizzontale;Nuvoloso;Normale;Sufficiente;;1;0;0;1;12.543;41.9172;-1;2;Autovettura privata;In marcia / fermata / arresto;Conducente;F;Illeso;0;;Non accertato;
5929164;19;22/04/2022 14:20:00;Strada Urbana;VIA TRIONFALE;in prossimit�;;del civico n.;8285;;Scontro laterale fra veicoli in marcia;Rettilineo;Una carreggiata a senso unico di marcia;Asciutto;Asfaltata;Verticale ed orizzontale;Sereno;Normale;Buona;;0;0;0;2;12.4271;41.9374;-1;1;Autocarro inferiore 35 q.;In marcia / fermata / arresto;Conducente;M;Illeso;0;;;
5929164;19;22/04/2022 14:20:00;Strada Urbana;VIA TRIONFALE;in prossimit�;;del civico n.;8285;;Scontro laterale fra veicoli in marcia;Rettilineo;Una carreggiata a senso unico di marcia;Asciutto;Asfaltata;Verticale ed orizzontale;Sereno;Normale;Buona;;0;0;0;2;12.4271;41.9374;-1;2;Autovettura privata;In marcia / fermata / arresto;Conducente;M;Illeso;0;;;
5929202;15;23/04/2022 13:30:00;Strada Urbana;VIA CESARE CHIODI;da specificare;;;;area parcheggio Fiera di Roma;Veicolo in marcia contro ostacolo accidentale;Dosso;Una carreggiata a doppio senso;Asciutto;Asfaltata;Verticale ed orizzontale;Nuvoloso;Scarso;Buona;;0;0;0;2;12.3198;41.8082;-1;1;Autovettura privata;In marcia / fermata / arresto;Conducente;M;Illeso;0;;Non accertato;Inesploso
5929202;15;23/04/2022 13:30:00;Strada Urbana;VIA CESARE CHIODI;da specificare;;;;area parcheggio Fiera di Roma;Veicolo in marcia contro ostacolo accidentale;Dosso;Una carreggiata a doppio senso;Asciutto;Asfaltata;Verticale ed orizzontale;Nuvoloso;Scarso;Buona;;0;0;0;2;12.3198;41.8082;-1;1;Autovettura privata;In marcia / fermata / arresto;Passeggero;M;Illeso;0;;Non accertato;Inesploso
5929205;2;25/04/2022 11:30:00;Strada Urbana;VIA COLLALTO SABINO;all'intersezione con;VIA POGGIO CATINO;VIA POGGIO CATINO;;;Scontro laterale fra veicoli in marcia;Incrocio;Una carreggiata a senso unico di marcia;Asciutto;Asfaltata;Verticale ed orizzontale;Sereno;Normale;Buona;;0;0;0;2;12.5171;41.9309;-1;1;Autovettura privata;In marcia / fermata / arresto;Conducente;M;Illeso;0;;Non accertato;Inesploso
5929205;2;25/04/2022 11:30:00;Strada Urbana;VIA COLLALTO SABINO;all'intersezione con;VIA POGGIO CATINO;VIA POGGIO CATINO;;;Scontro laterale fra veicoli in marcia;Incrocio;Una carreggiata a senso unico di marcia;Asciutto;Asfaltata;Verticale ed orizzontale;Sereno;Normale;Buona;;0;0;0;2;12.5171;41.9309;-1;2;Autovettura privata;In marcia / fermata / arresto;Conducente;M;Illeso;0;;Non accertato;Inesploso
5929208;15;24/04/2022 23:45:00;Strada Urbana;VIA QUIRINO MAJORANA;in corrispondenza;;del civico n.;11;;Tamponamento;Rettilineo;Due carreggiate;Asciutto;Asfaltata;Verticale ed orizzontale;Sereno;Scarso;Buona;;0;0;0;2;12.4649;41.8654;-1;1;Autovettura privata;In marcia / fermata / arresto;Conducente;M;Illeso;0;;Non accertato;Inesploso
5929208;15;24/04/2022 23:45:00;Strada Urbana;VIA QUIRINO MAJORANA;in corrispondenza;;del civico n.;11;;Tamponamento;Rettilineo;Due carreggiate;Asciutto;Asfaltata;Verticale ed orizzontale;Sereno;Scarso;Buona;;0;0;0;2;12.4649;41.8654;-1;1;Autovettura privata;In marcia / fermata / arresto;Passeggero;F;Illeso;0;;Non accertato;Inesploso
5929208;15;24/04/2022 23:45:00;Strada Urbana;VIA QUIRINO MAJORANA;in corrispondenza;;del civico n.;11;;Tamponamento;Rettilineo;Due carreggiate;Asciutto;Asfaltata;Verticale ed orizzontale;Sereno;Scarso;Buona;;0;0;0;2;12.4649;41.8654;-1;2;Autovettura privata;Allontanatosi;;;;;;;
5929214;2;25/04/2022 13:30:00;Strada Urbana;VIALE DEL GALOPPATOIO;da specificare;;;;pross. V.le delle Magnolie;Veicolo in marcia contro veicolo in sosta;Rettilineo;Una carreggiata a doppio senso;Asciutto;Asfaltata;Verticale ed orizzontale;Sereno;Normale;Buona;;0;0;0;2;12.4839;41.9095;-1;1;Motociclo con passeggero;Sosta;Passeggero;M;Illeso;0;;;
5929214;2;25/04/2022 13:30:00;Strada Urbana;VIALE DEL GALOPPATOIO;da specificare;;;;pross. V.le delle Magnolie;Veicolo in marcia contro veicolo in sosta;Rettilineo;Una carreggiata a doppio senso;Asciutto;Asfaltata;Verticale ed orizzontale;Sereno;Normale;Buona;;0;0;0;2;12.4839;41.9095;-1;2;Velocipede;In marcia / fermata / arresto;Conducente;F;Illeso;0;;Esente;
5929219;5;24/04/2022 11:30:00;Strada Urbana;VIA DI CASAL DEI PAZZI;in prossimit�;;del civico n.;37;;Tamponamento;Rettilineo;Una carreggiata a doppio senso;Asciutto;Asfaltata;Verticale ed orizzontale;Sereno;Normale;Buona;;0;0;0;3;12.5706;41.9262;-1;1;Monopattino elettrico;In marcia / fermata / arresto;Conducente;M;Illeso;0;;;
5929219;5;24/04/2022 11:30:00;Strada Urbana;VIA DI CASAL DEI PAZZI;in prossimit�;;del civico n.;37;;Tamponamento;Rettilineo;Una carreggiata a doppio senso;Asciutto;Asfaltata;Verticale ed orizzontale;Sereno;Normale;Buona;;0;0;0;3;12.5706;41.9262;-1;2;Autocarro inferiore 35 q.;In marcia / fermata / arresto;Conducente;M;Illeso;0;;Non accertato;Inesploso
5929219;5;24/04/2022 11:30:00;Strada Urbana;VIA DI CASAL DEI PAZZI;in prossimit�;;del civico n.;37;;Tamponamento;Rettilineo;Una carreggiata a doppio senso;Asciutto;Asfaltata;Verticale ed orizzontale;Sereno;Normale;Buona;;0;0;0;3;12.5706;41.9262;-1;2;Autocarro inferiore 35 q.;In marcia / fermata / arresto;Passeggero;M;Illeso;0;;Non accertato;Inesploso
5929228;2;22/04/2022 14:30:00;Strada Urbana;VIA CRATI;all'intersezione con;VIA CERESIO;VIA CERESIO;;;Scontro laterale fra veicoli in marcia;Intersezione stradale segnalata;Una carreggiata a senso unico di marcia;Asciutto;Asfaltata;Verticale ed orizzontale;Sereno;Normale;Buona;;1;0;0;1;12.5086;41.9274;-1;1;Autovettura privata;In marcia / fermata / arresto;Conducente;F;Illeso;0;;Non accertato;Inesploso
5929228;2;22/04/2022 14:30:00;Strada Urbana;VIA CRATI;all'intersezione con;VIA CERESIO;VIA CERESIO;;;Scontro laterale fra veicoli in marcia;Intersezione stradale segnalata;Una carreggiata a senso unico di marcia;Asciutto;Asfaltata;Verticale ed orizzontale;Sereno;Normale;Buona;;1;0;0;1;12.5086;41.9274;-1;2;Motociclo a solo;In marcia / fermata / arresto;Conducente;M;Rimandato;0;NON DECEDUTO;Non accertato;
5929228;2;22/04/2022 14:30:00;Strada Urbana;VIA CRATI;all'intersezione con;VIA CERESIO;VIA CERESIO;;;Scontro laterale fra veicoli in marcia;Intersezione stradale segnalata;Una carreggiata a senso unico di marcia;Asciutto;Asfaltata;Verticale ed orizzontale;Sereno;Normale;Buona;;1;0;0;1;12.5086;41.9274;-1;3;Autovettura privata;Sosta;;;;;;;