Protocollo;Gruppo;DataOraIncidente;Localizzazione1;STRADA1;Localizzazione2;STRADA2;Strada02;Chilometrica;DaSpecificare;NaturaIncidente;particolaritastrade;TipoStrada;FondoStradale;Pavimentazione;Segnaletica;CondizioneAtmosferica;Traffico;Visibilita;Illuminazione;NUM_FERITI;NUM_RISERVATA;NUM_MORTI;NUM_ILLESI;Longitude;Latitude;Confermato;Progressivo;TipoVeicolo;StatoVeicolo;TipoPersona;Sesso;Tipolesione;Deceduto;DecedutoDopo;CinturaCascoUtilizzato;Airbag;
5929343;19;23/04/2022 17:00:00;Strada Urbana;VIA DELLA PINETA SACCHETTI;da specificare;;;;all'intersez. con V. della Pineta Sacch. prov. 205;Scontro frontale/laterale SX fra veicoli in marcia;Rettilineo;Due carreggiate;Asciutto;Asfaltata;Verticale ed orizzontale;Sereno;Intenso;Buona;;2;0;0;0;12.425;41.924;-1;1;Autovettura privata;In marcia / fermata / arresto;Conducente;F;Rifiuta cure immediate;0;NON DECEDUTO;Non accertato;Inesploso
5929343;19;23/04/2022 17:00:00;Strada Urbana;VIA DELLA PINETA SACCHETTI;da specificare;;;;all'intersez. con V. della Pineta Sacch. prov. 205;Scontro frontale/laterale SX fra veicoli in marcia;Rettilineo;Due carreggiate;Asciutto;Asfaltata;Verticale ed orizzontale;Sereno;Intenso;Buona;;2;0;0;0;12.425;41.924;-1;2;Motociclo con passeggero;In marcia / fermata / arresto;Conducente;M;Rimandato;0;NON DECEDUTO;Non accertato;
5929359;19;23/04/2022 23:50:00;Strada Urbana;VIA DI CASAL DEL MARMO;da specificare;;;;uscita carreggiata esterna GRA pros. civ. 620;Scontro laterale fra veicoli in marcia;Rotatoria;Una carreggiata a senso unico di marcia;Asciutto;Asfaltata;Verticale ed orizzontale;Sereno;Scarso;Buona;;0;0;0;2;12.389;41.9421;-1;1;Autovettura privata;In marcia / fermata / arresto;Conducente;M;Illeso;0;;Non accertato;Inesploso
5929359;19;23/04/2022 23:50:00;Strada Urbana;VIA DI CASAL DEL MARMO;da specificare;;;;uscita carreggiata esterna GRA pros. civ. 620;Scontro laterale fra veicoli in marcia;Rotatoria;Una carreggiata a senso unico di marcia;Asciutto;Asfaltata;Verticale ed orizzontale;Sereno;Scarso;Buona;;0;0;0;2;12.389;41.9421;-1;2;Autovettura privata;In marcia / fermata / arresto;Conducente;M;Illeso;0;;Non accertato;Inesploso
5929374;12;26/04/2022 10:00:00;Strada Urbana;VIALE DELL'UMANESIMO;all'intersezione con;VIALE CESARE PAVESE;VIALE CESARE PAVESE;;;Tamponamento;Incrocio;Due carreggiate;Asciutto;Asfaltata;Assente;Grandine in atto;Scarso;Buona;;0;0;0;5;12.4699;41.8231;-1;1;Autovettura privata;In marcia / fermata / arresto;Conducente;M;Illeso;0;;Non accertato;Inesploso
5929374;12;26/04/2022 10:00:00;Strada Urbana;VIALE DELL'UMANESIMO;all'intersezione con;VIALE CESARE PAVESE;VIALE CESARE PAVESE;;;Tamponamento;Incrocio;Due carreggiate;Asciutto;Asfaltata;Assente;Grandine in atto;Scarso;Buona;;0;0;0;5;12.4699;41.8231;-1;1;Autovettura privata;In marcia / fermata / arresto;Passeggero;F;Illeso;0;;;
5929374;12;26/04/2022 10:00:00;Strada Urbana;VIALE DELL'UMANESIMO;all'intersezione con;VIALE CESARE PAVESE;VIALE CESARE PAVESE;;;Tamponamento;Incrocio;Due carreggiate;Asciutto;Asfaltata;Assente;Grandine in atto;Scarso;Buona;;0;0;0;5;12.4699;41.8231;-1;1;Autovettura privata;In marcia / fermata / arresto;Passeggero;M;Illeso;0;;;
5929374;12;26/04/2022 10:00:00;Strada Urbana;VIALE DELL'UMANESIMO;all'intersezione con;VIALE CESARE PAVESE;VIALE CESARE PAVESE;;;Tamponamento;Incrocio;Due carreggiate;Asciutto;Asfaltata;Assente;Grandine in atto;Scarso;Buona;;0;0;0;5;12.4699;41.8231;-1;2;Autocarro inferiore 35 q.;In marcia / fermata / arresto;Conducente;M;Illeso;0;;;
5929374;12;26/04/2022 10:00:00;Strada Urbana;VIALE DELL'UMANESIMO;all'intersezione con;VIALE CESARE PAVESE;VIALE CESARE PAVESE;;;Tamponamento;Incrocio;Due carreggiate;Asciutto;Asfaltata;Assente;Grandine in atto;Scarso;Buona;;0;0;0;5;12.4699;41.8231;-1;2;Autocarro inferiore 35 q.;In marcia / fermata / arresto;Passeggero;M;Illeso;0;;;
5929377;2;23/04/2022 14:30:00;Strada Urbana;VIA BRUXELLES;all'intersezione con;VIA LISBONA;VIA LISBONA;;;Scontro frontale/laterale DX fra veicoli in marcia;Incrocio;Due carreggiate;Asciutto;Asfaltata;Verticale ed orizzontale;Sereno;Scarso;Buona;;0;0;0;2;12.4998;41.9232;-1;1;Autovettura privata;In marcia / fermata / arresto;Conducente;M;Illeso;0;;Non accertato;Inesploso
5929377;2;23/04/2022 14:30:00;Strada Urbana;VIA BRUXELLES;all'intersezione con;VIA LISBONA;VIA LISBONA;;;Scontro frontale/laterale DX fra veicoli in marcia;Incrocio;Due carreggiate;Asciutto;Asfaltata;Verticale ed orizzontale;Sereno;Scarso;Buona;;0;0;0;2;12.4998;41.9232;-1;2;Autovettura privata;In marcia / fermata / arresto;Conducente;M;Illeso;0;;Non accertato;Inesploso
5929380;13;26/04/2022 08:30:00;Strada Urbana;VIA DI MALAFEDE;in prossimit�;;del civico n.;205;;Investimento di pedone;Rettilineo;Una carreggiata a doppio senso;Asciutto;Asfaltata;Assente;Sereno;Normale;Buona;;1;0;0;2;12.3963;41.7775;-1;;;;Pedone;F;Rimandato;0;NON DECEDUTO;;
5929380;13;26/04/2022 08:30:00;Strada Urbana;VIA DI MALAFEDE;in prossimit�;;del civico n.;205;;Investimento di pedone;Rettilineo;Una carreggiata a doppio senso;Asciutto;Asfaltata;Assente;Sereno;Normale;Buona;;1;0;0;2;12.3963;41.7775;-1;1;Autovettura con rimorchio;In marcia / fermata / arresto;Conducente;M;Illeso;0;;Non accertato;Inesploso
5929380;13;26/04/2022 08:30:00;Strada Urbana;VIA DI MALAFEDE;in prossimit�;;del civico n.;205;;Investimento di pedone;Rettilineo;Una carreggiata a doppio senso;Asciutto;Asfaltata;Assente;Sereno;Normale;Buona;;1;0;0;2;12.3963;41.7775;-1;1;Autovettura con rimorchio;In marcia / fermata / arresto;Passeggero;F;Illeso;0;;Non accertato;Inesploso
5929387;17;22/04/2022 13:55:00;Strada Urbana;VIA ANGELO EMO;in corrispondenza;;del civico n.;29;;Scontro laterale fra veicoli in marcia;Rettilineo;Due carreggiate;Asciutto;Asfaltata;Verticale ed orizzontale;Sereno;Normale;Buona;;1;0;0;1;12.4478;41.9053;-1;1;Motociclo a solo;In marcia / fermata / arresto;Conducente;F;Rimandato;0;NON DECEDUTO;;
5929387;17;22/04/2022 13:55:00;Strada Urbana;VIA ANGELO EMO;in corrispondenza;;del civico n.;29;;Scontro laterale fra veicoli in marcia;Rettilineo;Due carreggiate;Asciutto;Asfaltata;Verticale ed orizzontale;Sereno;Normale;Buona;;1;0;0;1;12.4478;41.9053;-1;2;Autovettura privata;In marcia / fermata / arresto;Conducente;F;Illeso;0;;;
5929391;19;22/04/2022 17:10:00;Strada Urbana;VIA DELLA PINETA SACCHETTI;in prossimit�;;del civico n.;171;;Scontro frontale/laterale SX fra veicoli in marcia;Rettilineo;Una carreggiata a senso unico di marcia;Asciutto;Asfaltata;Verticale ed orizzontale;Sereno;Normale;Buona;;0;0;0;1;12.4247;41.924;-1;1;Autobus urbano;In marcia / fermata / arresto;Conducente;F;Illeso;0;;Non accertato;Inesploso
5929391;19;22/04/2022 17:10:00;Strada Urbana;VIA DELLA PINETA SACCHETTI;in prossimit�;;del civico n.;171;;Scontro frontale/laterale SX fra veicoli in marcia;Rettilineo;Una carreggiata a senso unico di marcia;Asciutto;Asfaltata;Verticale ed orizzontale;Sereno;Normale;Buona;;0;0;0;1;12.4247;41.924;-1;2;Autovettura privata;Allontanatosi;;;;;;;
5929394;17;22/04/2022 13:30:00;Strada Urbana;VIALE ANGELICO;all'intersezione con;VIALE GIUSEPPE MAZZINI;VIALE GIUSEPPE MAZZINI;;;Scontro laterale fra veicoli in marcia;Incrocio;Pi� di due carreggiate;Bagnato (umidit� in atto);Asfaltata;Verticale ed orizzontale;Nuvoloso;Normale;Buona;;1;0;0;1;12.4586;41.9172;-1;1;Motociclo a solo;In marcia / fermata / arresto;Conducente;F;Rimandato;0;NON DECEDUTO;;
5929394;17;22/04/2022 13:30:00;Strada Urbana;VIALE ANGELICO;all'intersezione con;VIALE GIUSEPPE MAZZINI;VIALE GIUSEPPE MAZZINI;;;Scontro laterale fra veicoli in marcia;Incrocio;Pi� di due carreggiate;Bagnato (umidit� in atto);Asfaltata;Verticale ed orizzontale;Nuvoloso;Normale;Buona;;1;0;0;1;12.4586;41.9172;-1;2;Autovettura privata;In marcia / fermata / arresto;Conducente;M;Illeso;0;;;
5929397;19;22/04/2022 17:00:00;Strada Urbana;VIA ANDERSEN;in prossimit�;;del civico n.;154;;Scontro frontale/laterale SX fra veicoli in marcia;Rettilineo;Una carreggiata a doppio senso;Asciutto;Asfaltata;Verticale ed orizzontale;Sereno;Normale;Buona;;0;0;0;3;12.3978;41.9208;-1;1;Autovettura privata;In marcia / fermata / arresto;Conducente;M;Illeso;0;;Non accertato;Inesploso
5929397;19;22/04/2022 17:00:00;Strada Urbana;VIA ANDERSEN;in prossimit�;;del civico n.;154;;Scontro frontale/laterale SX fra veicoli in marcia;Rettilineo;Una carreggiata a doppio senso;Asciutto;Asfaltata;Verticale ed orizzontale;Sereno;Normale;Buona;;0;0;0;3;12.3978;41.9208;-1;1;Autovettura privata;In marcia / fermata / arresto;Passeggero;F;Illeso;0;;Non accertato;Inesploso
5929397;19;22/04/2022 17:00:00;Strada Urbana;VIA ANDERSEN;in prossimit�;;del civico n.;154;;Scontro frontale/laterale SX fra veicoli in marcia;Rettilineo;Una carreggiata a doppio senso;Asciutto;Asfaltata;Verticale ed orizzontale;Sereno;Normale;Buona;;0;0;0;3;12.3978;41.9208;-1;1;Autovettura privata;In marcia / fermata / arresto;Passeggero;F;Illeso;0;;Non accertato;Inesploso
5929397;19;22/04/2022 17:00:00;Strada Urbana;VIA ANDERSEN;in prossimit�;;del civico n.;154;;Scontro frontale/laterale SX fra veicoli in marcia;Rettilineo;Una carreggiata a doppio senso;Asciutto;Asfaltata;Verticale ed orizzontale;Sereno;Normale;Buona;;0;0;0;3;12.3978;41.9208;-1;2;Motociclo a solo;Allontanatosi;;;;;;;
5929410;18;25/04/2022 23:15:00;Strada Urbana;VIA DI BOCCEA;all'intersezione semaforizzata con;VIA MATTIA BATTISTINI;VIA MATTIA BATTISTINI;;;Ribaltamento senza urto contro ostacolo fisso;Intersezione semaforizzata;Due carreggiate;Asciutto;Asfaltata;Verticale ed orizzontale;Sereno;Scarso;Sufficiente;;1;0;0;0;12.3847;41.9149;-1;1;Motociclo a solo;In marcia / fermata / arresto;Conducente;M;Rimandato;0;NON DECEDUTO;Non accertato;
5929421;17;25/04/2022 20:20:00;Strada Urbana;VIA DEGLI SCIPIONI;all'intersezione con;VIA DUILIO;VIA DUILIO;;;Scontro frontale/laterale DX fra veicoli in marcia;Incrocio;Una carreggiata a senso unico di marcia;Asciutto;Asfaltata;Verticale ed orizzontale;Sereno;Normale;Sufficiente;;1;0;0;1;12.4642;41.9101;-1;1;Autovettura privata;In marcia / fermata / arresto;Conducente;M;Illeso;0;;;
5929421;17;25/04/2022 20:20:00;Strada Urbana;VIA DEGLI SCIPIONI;all'intersezione con;VIA DUILIO;VIA DUILIO;;;Scontro frontale/laterale DX fra veicoli in marcia;Incrocio;Una carreggiata a senso unico di marcia;Asciutto;Asfaltata;Verticale ed orizzontale;Sereno;Normale;Sufficiente;;1;0;0;1;12.4642;41.9101;-1;2;Motociclo a solo;In marcia / fermata / arresto;Conducente;M;Rimandato;0;NON DECEDUTO;;
5929447;1;23/04/2022 19:30:00;Strada Urbana;VIA TORINO;in prossimit�;;del civico n.;3;;Veicolo in marcia contro veicolo in sosta;Rettilineo;Una carreggiata a senso unico di marcia;Asciutto;Asfaltata;Verticale ed orizzontale;Sereno;Normale;Sufficiente;;0;0;0;0;12.497;41.8992;-1;1;Altro;Allontanatosi;;;;;;;
5929447;1;23/04/2022 19:30:00;Strada Urbana;VIA TORINO;in prossimit�;;del civico n.;3;;Veicolo in marcia contro veicolo in sosta;Rettilineo;Una carreggiata a senso unico di marcia;Asciutto;Asfaltata;Verticale ed orizzontale;Sereno;Normale;Sufficiente;;0;0;0;0;12.497;41.8992;-1;2;Autovettura privata;Sosta;;;;;;;
5929498;2;24/04/2022 16:20:00;Strada Urbana;VIA SALARIA;da specificare;;;;fronte civico 452;Scontro laterale fra veicoli in marcia;Rettilineo;Una carreggiata a doppio senso;Bagnato (pioggia);Asfaltata;Verticale ed orizzontale;Pioggia in atto;Normale;Buona;;0;0;0;4;12.5094;41.9329;-1;1;Autovettura privata;In marcia / fermata / arresto;Conducente;F;Illeso;0;;;
5929498;2;24/04/2022 16:20:00;Strada Urbana;VIA SALARIA;da specificare;;;;fronte civico 452;Scontro laterale fra veicoli in marcia;Rettilineo;Una carreggiata a doppio senso;Bagnato (pioggia);Asfaltata;Verticale ed orizzontale;Pioggia in atto;Normale;Buona;;0;0;0;4;12.5094;41.9329;-1;1;Autovettura privata;In marcia / fermata / arresto;Passeggero;M;Illeso;0;;;
5929498;2;24/04/2022 16:20:00;Strada Urbana;VIA SALARIA;da specificare;;;;fronte civico 452;Scontro laterale fra veicoli in marcia;Rettilineo;Una carreggiata a doppio senso;Bagnato (pioggia);Asfaltata;Verticale ed orizzontale;Pioggia in atto;Normale;Buona;;0;0;0;4;12.5094;41.9329;-1;2;Autovettura privata;In marcia / fermata / arresto;Conducente;F;Illeso;0;;;
5929498;2;24/04/2022 16:20:00;Strada Urbana;VIA SALARIA;da specificare;;;;fronte civico 452;Scontro laterale fra veicoli in marcia;Rettilineo;Una carreggiata a doppio senso;Bagnato (pioggia);Asfaltata;Verticale ed orizzontale;Pioggia in atto;Normale;Buona;;0;0;0;4;12.5094;41.9329;-1;2;Autovettura privata;In marcia / fermata / arresto;Passeggero;M;Illeso;0;;;
5929508;16;22/04/2022 07:30:00;Strada Urbana;VIA PAOLO ORANO;all'intersezione con;VIA GIUSEPPE MONTESANO;VIA GIUSEPPE MONTESANO;;;Scontro laterale fra veicoli in marcia;Intersezione stradale segnalata;Una carreggiata a doppio senso;Bagnato (pioggia);Asfaltata;Orizzontale;Sereno;Normale;Buona;;0;0;0;2;12.361;41.8836;-1;1;Autobus di linea;In marcia / fermata / arresto;Conducente;M;Illeso;0;;Non accertato;
5929508;16;22/04/2022 07:30:00;Strada Urbana;VIA PAOLO ORANO;all'intersezione con;VIA GIUSEPPE MONTESANO;VIA GIUSEPPE MONTESANO;;;Scontro laterale fra veicoli in marcia;Intersezione stradale segnalata;Una carreggiata a doppio senso;Bagnato (pioggia);Asfaltata;Orizzontale;Sereno;Normale;Buona;;0;0;0;2;12.361;41.8836;-1;2;Autocarro inferiore 35 q.;In marcia / fermata / arresto;Conducente;M;Illeso;0;;Non accertato;
5929517;17;22/04/2022 14:25:00;Strada Urbana;VIA SIMONE SIMONI;in prossimit�;;del palo luce n.;3;;Tamponamento;Curva a visuale libera;Una carreggiata a senso unico di marcia;Asciutto;Asfaltata;Verticale ed orizzontale;Sereno;Normale;Buona;;0;0;0;4;12.4443;41.9082;-1;1;Autovettura privata;In marcia / fermata / arresto;Conducente;M;Illeso;0;;;
5929517;17;22/04/2022 14:25:00;Strada Urbana;VIA SIMONE SIMONI;in prossimit�;;del palo luce n.;3;;Tamponamento;Curva a visuale libera;Una carreggiata a senso unico di marcia;Asciutto;Asfaltata;Verticale ed orizzontale;Sereno;Normale;Buona;;0;0;0;4;12.4443;41.9082;-1;1;Autovettura privata;In marcia / fermata / arresto;Passeggero;F;Illeso;0;;;
5929517;17;22/04/2022 14:25:00;Strada Urbana;VIA SIMONE SIMONI;in prossimit�;;del palo luce n.;3;;Tamponamento;Curva a visuale libera;Una carreggiata a senso unico di marcia;Asciutto;Asfaltata;Verticale ed orizzontale;Sereno;Normale;Buona;;0;0;0;4;12.4443;41.9082;-1;1;Autovettura privata;In marcia / fermata / arresto;Passeggero;F;Illeso;0;;;
5929517;17;22/04/2022 14:25:00;Strada Urbana;VIA SIMONE SIMONI;in prossimit�;;del palo luce n.;3;;Tamponamento;Curva a visuale libera;Una carreggiata a senso unico di marcia;Asciutto;Asfaltata;Verticale ed orizzontale;Sereno;Normale;Buona;;0;0;0;4;12.4443;41.9082;-1;1;Autovettura privata;In marcia / fermata / arresto;Passeggero;M;Illeso;0;;;
5929517;17;22/04/2022 14:25:00;Strada Urbana;VIA SIMONE SIMONI;in prossimit�;;del palo luce n.;3;;Tamponamento;Curva a visuale libera;Una carreggiata a senso unico di marcia;Asciutto;Asfaltata;Verticale ed orizzontale;Sereno;Normale;Buona;;0;0;0;4;12.4443;41.9082;-1;2;Autovettura privata;Allontanatosi;;;;;;;
5929529;16;22/04/2022 10:50:00;Strada Urbana;VIALE AURELIO SAFFI;in prossimit�;;del civico n.;25;;Tamponamento;Rettilineo;Una carreggiata a doppio senso;Bagnato (pioggia);Asfaltata;Assente;Sereno;Normale;Buona;;1;0;0;1;12.4678;41.8833;-1;1;Autovettura privata;In marcia / fermata / arresto;Conducente;M;Illeso;0;;Non accertato;
5929529;16;22/04/2022 10:50:00;Strada Urbana;VIALE AURELIO SAFFI;in prossimit�;;del civico n.;25;;Tamponamento;Rettilineo;Una carreggiata a doppio senso;Bagnato (pioggia);Asfaltata;Assente;Sereno;Normale;Buona;;1;0;0;1;12.4678;41.8833;-1;2;Velocipede;In marcia / fermata / arresto;Conducente;M;Rimandato;0;NON DECEDUTO;Esente;
5929535;7;26/04/2022 12:55:00;Strada Urbana;VIALE DELLE GARDENIE;all'intersezione con;VIA DELLE CAMPANULE;VIA DELLE CAMPANULE;;;Investimento di pedone;Intersezione stradale segnalata;Due carreggiate;Asciutto;Asfaltata;Verticale ed orizzontale;Sereno;Normale;Buona;;1;0;0;1;12.5683;41.8858;-1;;;;Pedone;F;Ricoverato;0;NON DECEDUTO;;
5929535;7;26/04/2022 12:55:00;Strada Urbana;VIALE DELLE GARDENIE;all'intersezione con;VIA DELLE CAMPANULE;VIA DELLE CAMPANULE;;;Investimento di pedone;Intersezione stradale segnalata;Due carreggiate;Asciutto;Asfaltata;Verticale ed orizzontale;Sereno;Normale;Buona;;1;0;0;1;12.5683;41.8858;-1;1;Autocarro inferiore 35 q.;In marcia / fermata / arresto;Conducente;M;Illeso;0;;Non accertato;Inesploso
5929556;16;22/04/2022 17:00:00;Strada Urbana;VIA LEONE XIII;all'intersezione con;VIA DELLA NOCETTA;VIA DELLA NOCETTA;;;Scontro laterale fra veicoli in marcia;Intersezione semaforizzata;Una carreggiata a doppio senso;Asciutto;Asfaltata;Verticale ed orizzontale;Sereno;Normale;Sufficiente;;0;0;0;2;12.4404;41.8869;-1;1;Autovettura privata;In marcia / fermata / arresto;Conducente;F;Illeso;0;;Non accertato;Inesploso
5929556;16;22/04/2022 17:00:00;Strada Urbana;VIA LEONE XIII;all'intersezione con;VIA DELLA NOCETTA;VIA DELLA NOCETTA;;;Scontro laterale fra veicoli in marcia;Intersezione semaforizzata;Una carreggiata a doppio senso;Asciutto;Asfaltata;Verticale ed orizzontale;Sereno;Normale;Sufficiente;;0;0;0;2;12.4404;41.8869;-1;2;Motociclo a solo;In marcia / fermata / arresto;Conducente;M;Illeso;0;;Non accertato;
5929565;16;23/04/2022 01:50:00;Strada Urbana;VIA DI DONNA OLIMPIA;all'intersezione con;VIA AMICO BIGNAMI;VIA AMICO BIGNAMI;;;Scontro frontale/laterale SX fra veicoli in marcia;Intersezione stradale segnalata;Una carreggiata a doppio senso;Asciutto;Asfaltata;Verticale ed orizzontale;Sereno;Scarso;Sufficiente;;1;0;0;1;12.4536;41.8766;-1;1;Autovettura privata;In marcia / fermata / arresto;Conducente;M;Illeso;0;;Non accertato;Inesploso
5929565;16;23/04/2022 01:50:00;Strada Urbana;VIA DI DONNA OLIMPIA;all'intersezione con;VIA AMICO BIGNAMI;VIA AMICO BIGNAMI;;;Scontro frontale/laterale SX fra veicoli in marcia;Intersezione stradale segnalata;Una carreggiata a doppio senso;Asciutto;Asfaltata;Verticale ed orizzontale;Sereno;Scarso;Sufficiente;;1;0;0;1;12.4536;41.8766;-1;2;Motociclo a solo;In marcia / fermata / arresto;Conducente;M;Rimandato;0;NON DECEDUTO;Non accertato;
5929589;16;23/04/2022 07:30:00;Strada Urbana;PIAZZETTA DEL BEL RESPIRO;da specificare;;;;PROX VIA VITELLIA;Scontro laterale fra veicoli in marcia;Curva a visuale libera;Due carreggiate;Asciutto;Asfaltata;Verticale ed orizzontale;Sereno;Normale;Buona;;0;0;0;2;12.4411;41.8795;-1;1;Autovettura privata;In marcia / fermata / arresto;Conducente;M;Illeso;0;;Non accertato;
5929589;16;23/04/2022 07:30:00;Strada Urbana;PIAZZETTA DEL BEL RESPIRO;da specificare;;;;PROX VIA VITELLIA;Scontro laterale fra veicoli in marcia;Curva a visuale libera;Due carreggiate;Asciutto;Asfaltata;Verticale ed orizzontale;Sereno;Normale;Buona;;0;0;0;2;12.4411;41.8795;-1;2;Autovettura privata;In marcia / fermata / arresto;Conducente;M;Illeso;0;;Non accertato;
5929595;17;22/04/2022 21:05:00;Strada Urbana;VIALE DELLO STADIO OLIMPICO;in prossimit�;;del palo luce n.;152;;Veicolo in marcia contro ostacolo fisso;Rettilineo;Una carreggiata a senso unico di marcia;Asciutto;Asfaltata;Verticale ed orizzontale;Sereno;Scarso;Buona;;0;0;0;2;12.454;41.9301;-1;1;Autovettura di polizia;In marcia / fermata / arresto;Conducente;M;Illeso;0;;;
5929595;17;22/04/2022 21:05:00;Strada Urbana;VIALE DELLO STADIO OLIMPICO;in prossimit�;;del palo luce n.;152;;Veicolo in marcia contro ostacolo fisso;Rettilineo;Una carreggiata a senso unico di marcia;Asciutto;Asfaltata;Verticale ed orizzontale;Sereno;Scarso;Buona;;0;0;0;2;12.454;41.9301;-1;1;Autovettura di polizia;In marcia / fermata / arresto;Passeggero;M;Illeso;0;;;
5929621;16;24/04/2022 04:15:00;Strada Urbana;VIA DELLA PISANA;in corrispondenza;;del civico n.;151;;Veicolo in marcia contro veicoli in sosta;Rettilineo;Una carreggiata a doppio senso;Bagnato (pioggia);Asfaltata;Verticale ed orizzontale;Pioggia in atto;Scarso;Buona;;0;0;0;0;12.418;41.8812;-1;1;Autovettura privata;Sosta;;;;;;;
5929621;16;24/04/2022 04:15:00;Strada Urbana;VIA DELLA PISANA;in corrispondenza;;del civico n.;151;;Veicolo in marcia contro veicoli in sosta;Rettilineo;Una carreggiata a doppio senso;Bagnato (pioggia);Asfaltata;Verticale ed orizzontale;Pioggia in atto;Scarso;Buona;;0;0;0;0;12.418;41.8812;-1;2;Autovettura privata;Sosta;;;;;;;
5929621;16;24/04/2022 04:15:00;Strada Urbana;VIA DELLA PISANA;in corrispondenza;;del civico n.;151;;Veicolo in marcia contro veicoli in sosta;Rettilineo;Una carreggiata a doppio senso;Bagnato (pioggia);Asfaltata;Verticale ed orizzontale;Pioggia in atto;Scarso;Buona;;0;0;0;0;12.418;41.8812;-1;3;Motociclo a solo;Sosta;;;;;;;
5929621;16;24/04/2022 04:15:00;Strada Urbana;VIA DELLA PISANA;in corrispondenza;;del civico n.;151;;Veicolo in marcia contro veicoli in sosta;Rettilineo;Una carreggiata a doppio senso;Bagnato (pioggia);Asfaltata;Verticale ed orizzontale;Pioggia in atto;Scarso;Buona;;0;0;0;0;12.418;41.8812;-1;4;Autovettura privata;Sosta;;;;;;;
5929621;16;24/04/2022 04:15:00;Strada Urbana;VIA DELLA PISANA;in corrispondenza;;del civico n.;151;;Veicolo in marcia contro veicoli in sosta;Rettilineo;Una carreggiata a doppio senso;Bagnato (pioggia);Asfaltata;Verticale ed orizzontale;Pioggia in atto;Scarso;Buona;;0;0;0;0;12.418;41.8812;-1;5;Autovettura privata;In marcia / fermata / arresto;;;;;;;
5929623;16;23/04/2022 11:05:00;Strada Urbana;VIALE DEI COLLI PORTUENSI;in corrispondenza;;del civico n.;656;;Tamponamento Multiplo;Curva a visuale libera;Due carreggiate;Asciutto;Asfaltata;Orizzontale;Sereno;Normale;Buona;;1;0;0;3;12.443;41.8579;-1;1;Autovettura privata;In marcia / fermata / arresto;Conducente;M;Illeso;0;;Non accertato;Inesploso
5929623;16;23/04/2022 11:05:00;Strada Urbana;VIALE DEI COLLI PORTUENSI;in corrispondenza;;del civico n.;656;;Tamponamento Multiplo;Curva a visuale libera;Due carreggiate;Asciutto;Asfaltata;Orizzontale;Sereno;Normale;Buona;;1;0;0;3;12.443;41.8579;-1;1;Autovettura privata;In marcia / fermata / arresto;Passeggero;F;Illeso;0;;Non accertato;Inesploso
5929623;16;23/04/2022 11:05:00;Strada Urbana;VIALE DEI COLLI PORTUENSI;in corrispondenza;;del civico n.;656;;Tamponamento Multiplo;Curva a visuale libera;Due carreggiate;Asciutto;Asfaltata;Orizzontale;Sereno;Normale;Buona;;1;0;0;3;12.443;41.8579;-1;2;Autovettura privata;In marcia / fermata / arresto;Conducente;F;Rimandato;0;NON DECEDUTO;Non accertato;Inesploso
5929623;16;23/04/2022 11:05:00;Strada Urbana;VIALE DEI COLLI PORTUENSI;in corrispondenza;;del civico n.;656;;Tamponamento Multiplo;Curva a visuale libera;Due carreggiate;Asciutto;Asfaltata;Orizzontale;Sereno;Normale;Buona;;1;0;0;3;12.443;41.8579;-1;3;Autovettura privata;In marcia / fermata / arresto;Conducente;M;Illeso;0;;Non accertato;Inesploso
5929646;17;23/04/2022 06:45:00;Strada Urbana;PIAZZA DEL SANT'UFFIZIO;in prossimit�;;del civico n.;7;;Veicolo in marcia contro veicolo in sosta;Rettilineo;Una carreggiata a senso unico di marcia;Asciutto;In cubetti di porfido;Verticale ed orizzontale;Sereno;Scarso;Buona;;0;0;0;1;12.4567;41.9007;-1;1;Autovettura di polizia;Sosta;;;;;;;
5929646;17;23/04/2022 06:45:00;Strada Urbana;PIAZZA DEL SANT'UFFIZIO;in prossimit�;;del civico n.;7;;Veicolo in marcia contro veicolo in sosta;Rettilineo;Una carreggiata a senso unico di marcia;Asciutto;In cubetti di porfido;Verticale ed orizzontale;Sereno;Scarso;Buona;;0;0;0;1;12.4567;41.9007;-1;2;Autovettura pubblica;In marcia / fermata / arresto;Conducente;M;Illeso;0;;;
5929667;16;23/04/2022 13:40:00;Strada Urbana;VIA GIUSEPPE PARINI;in prossimit�;;del civico n.;7;;Veicolo in marcia contro veicoli in sosta;Rettilineo;Una carreggiata a senso unico di marcia;Asciutto;Asfaltata;Verticale;Sereno;Scarso;Buona;;0;0;0;1;12.4654;41.8744;-1;1;Autovettura privata;In marcia / fermata / arresto;Conducente;M;Illeso;0;;Non accertato;
5929667;16;23/04/2022 13:40:00;Strada Urbana;VIA GIUSEPPE PARINI;in prossimit�;;del civico n.;7;;Veicolo in marcia contro veicoli in sosta;Rettilineo;Una carreggiata a senso unico di marcia;Asciutto;Asfaltata;Verticale;Sereno;Scarso;Buona;;0;0;0;1;12.4654;41.8744;-1;2;Autovettura privata;Sosta;;;;;;;