Protocollo;Gruppo;DataOraIncidente;Localizzazione1;STRADA1;Localizzazione2;STRADA2;Strada02;Chilometrica;DaSpecificare;NaturaIncidente;particolaritastrade;TipoStrada;FondoStradale;Pavimentazione;Segnaletica;CondizioneAtmosferica;Traffico;Visibilita;Illuminazione;NUM_FERITI;NUM_RISERVATA;NUM_MORTI;NUM_ILLESI;Longitude;Latitude;Confermato;Progressivo;TipoVeicolo;StatoVeicolo;TipoPersona;Sesso;Tipolesione;Deceduto;DecedutoDopo;CinturaCascoUtilizzato;Airbag;
5930482;11;26/04/2022 16:00:00;Strada Urbana;VIA ATTILIO AMBROSINI;in corrispondenza;;del civico n.;160;;Scontro laterale fra veicoli in marcia;Rettilineo;Due carreggiate;Asciutto;Asfaltata;Verticale ed orizzontale;Sereno;Normale;Buona;;0;0;0;2;12.4924;41.8506;-1;2;Motociclo a solo;In marcia / fermata / arresto;Conducente;M;Illeso;0;;Non accertato;
5930487;8;26/04/2022 06:30:00;Strada Urbana;VIALE DELLA SORBONA;in prossimit�;;del palo luce n.;136;;Scontro laterale fra veicoli in marcia;Rotatoria;Una carreggiata a senso unico di marcia;Asciutto;Asfaltata;Verticale ed orizzontale;Sereno;Scarso;Buona;;0;0;0;4;12.612;41.8546;-1;1;Autovettura privata;In marcia / fermata / arresto;Conducente;M;Illeso;0;;;
5930487;8;26/04/2022 06:30:00;Strada Urbana;VIALE DELLA SORBONA;in prossimit�;;del palo luce n.;136;;Scontro laterale fra veicoli in marcia;Rotatoria;Una carreggiata a senso unico di marcia;Asciutto;Asfaltata;Verticale ed orizzontale;Sereno;Scarso;Buona;;0;0;0;4;12.612;41.8546;-1;1;Autovettura privata;In marcia / fermata / arresto;Passeggero;M;Illeso;0;;;
5930487;8;26/04/2022 06:30:00;Strada Urbana;VIALE DELLA SORBONA;in prossimit�;;del palo luce n.;136;;Scontro laterale fra veicoli in marcia;Rotatoria;Una carreggiata a senso unico di marcia;Asciutto;Asfaltata;Verticale ed orizzontale;Sereno;Scarso;Buona;;0;0;0;4;12.612;41.8546;-1;2;Autovettura privata;In marcia / fermata / arresto;Conducente;M;Illeso;0;;;
5930487;8;26/04/2022 06:30:00;Strada Urbana;VIALE DELLA SORBONA;in prossimit�;;del palo luce n.;136;;Scontro laterale fra veicoli in marcia;Rotatoria;Una carreggiata a senso unico di marcia;Asciutto;Asfaltata;Verticale ed orizzontale;Sereno;Scarso;Buona;;0;0;0;4;12.612;41.8546;-1;2;Autovettura privata;In marcia / fermata / arresto;Passeggero;M;Illeso;0;;;
5930488;12;26/04/2022 15:10:00;Provinciale entro l'abitato;VIA LAURENTINA;da specificare;;;;DIR. Roma centro alt. civ. 605;Tamponamento Multiplo;Pendenza;Due carreggiate;Asciutto;Asfaltata;Verticale ed orizzontale;Sereno;Normale;Buona;;0;0;0;4;12.4856;41.8103;-1;1;Autovettura privata;In marcia / fermata / arresto;Conducente;M;Illeso;0;;;Inesploso
5930488;12;26/04/2022 15:10:00;Provinciale entro l'abitato;VIA LAURENTINA;da specificare;;;;DIR. Roma centro alt. civ. 605;Tamponamento Multiplo;Pendenza;Due carreggiate;Asciutto;Asfaltata;Verticale ed orizzontale;Sereno;Normale;Buona;;0;0;0;4;12.4856;41.8103;-1;2;Autovettura privata;In marcia / fermata / arresto;Conducente;M;Illeso;0;;;
5930488;12;26/04/2022 15:10:00;Provinciale entro l'abitato;VIA LAURENTINA;da specificare;;;;DIR. Roma centro alt. civ. 605;Tamponamento Multiplo;Pendenza;Due carreggiate;Asciutto;Asfaltata;Verticale ed orizzontale;Sereno;Normale;Buona;;0;0;0;4;12.4856;41.8103;-1;3;Autovettura privata;In marcia / fermata / arresto;Conducente;M;Illeso;0;;;
5930488;12;26/04/2022 15:10:00;Provinciale entro l'abitato;VIA LAURENTINA;da specificare;;;;DIR. Roma centro alt. civ. 605;Tamponamento Multiplo;Pendenza;Due carreggiate;Asciutto;Asfaltata;Verticale ed orizzontale;Sereno;Normale;Buona;;0;0;0;4;12.4856;41.8103;-1;4;Autovettura privata;Allontanatosi;Conducente;M;Illeso;0;;;
5930490;8;26/04/2022 07:30:00;Strada Urbana;VIA CASILINA;in corrispondenza;;del civico n.;1678;;Veicolo in marcia contro ostacolo fisso;Rettilineo;Due carreggiate;Asciutto;Asfaltata;Verticale ed orizzontale;Sereno;Normale;Buona;;0;0;0;1;12.6472;41.8623;-1;1;Autovettura privata;In marcia / fermata / arresto;Conducente;M;Illeso;0;;Non accertato;Inesploso
5930493;11;26/04/2022 23:00:00;Strada Urbana;VIALE DELLA CIVILTA' DEL LAVORO;da specificare;;;;fronte Palo Acea 103;Fuoriuscita dalla sede stradale;Rettilineo;Due carreggiate;Asciutto;Asfaltata;Verticale ed orizzontale;Sereno;Scarso;Buona;;0;0;0;1;12.4689;41.8357;-1;1;Autovettura privata;In marcia / fermata / arresto;Conducente;M;Illeso;0;;;
5930496;8;26/04/2022 08:15:00;Statale entro l'abitato;VIA CASILINA;da specificare;;;;in corrisp.area parcheggio capolinea Grotte Celoni;Veicolo in marcia contro veicolo in sosta;Rettilineo;Una carreggiata a doppio senso;Asciutto;Asfaltata;Verticale ed orizzontale;Sereno;Normale;Sufficiente;;0;0;0;3;12.6212;41.8626;-1;1;Autovettura privata;In marcia / fermata / arresto;Conducente;F;Illeso;0;;;
5930496;8;26/04/2022 08:15:00;Statale entro l'abitato;VIA CASILINA;da specificare;;;;in corrisp.area parcheggio capolinea Grotte Celoni;Veicolo in marcia contro veicolo in sosta;Rettilineo;Una carreggiata a doppio senso;Asciutto;Asfaltata;Verticale ed orizzontale;Sereno;Normale;Sufficiente;;0;0;0;3;12.6212;41.8626;-1;1;Autovettura privata;In marcia / fermata / arresto;Passeggero;M;Illeso;0;;;
5930496;8;26/04/2022 08:15:00;Statale entro l'abitato;VIA CASILINA;da specificare;;;;in corrisp.area parcheggio capolinea Grotte Celoni;Veicolo in marcia contro veicolo in sosta;Rettilineo;Una carreggiata a doppio senso;Asciutto;Asfaltata;Verticale ed orizzontale;Sereno;Normale;Sufficiente;;0;0;0;3;12.6212;41.8626;-1;2;Autovettura privata;Sosta;Passeggero;M;Illeso;0;;;
5930499;8;26/04/2022 10:00:00;Strada Urbana;VIA DI ROCCA CENCIA;all'intersezione con;VIA SELLIA;VIA SELLIA;;;Scontro frontale/laterale SX fra veicoli in marcia;Incrocio;Una carreggiata a doppio senso;Asciutto;Asfaltata;Verticale ed orizzontale;Sereno;Normale;Buona;;0;0;0;4;12.6919;41.8758;-1;1;Autovettura privata;In marcia / fermata / arresto;Conducente;M;Illeso;0;;;
5930499;8;26/04/2022 10:00:00;Strada Urbana;VIA DI ROCCA CENCIA;all'intersezione con;VIA SELLIA;VIA SELLIA;;;Scontro frontale/laterale SX fra veicoli in marcia;Incrocio;Una carreggiata a doppio senso;Asciutto;Asfaltata;Verticale ed orizzontale;Sereno;Normale;Buona;;0;0;0;4;12.6919;41.8758;-1;2;Autovettura privata;In marcia / fermata / arresto;Conducente;M;Illeso;0;;;
5930499;8;26/04/2022 10:00:00;Strada Urbana;VIA DI ROCCA CENCIA;all'intersezione con;VIA SELLIA;VIA SELLIA;;;Scontro frontale/laterale SX fra veicoli in marcia;Incrocio;Una carreggiata a doppio senso;Asciutto;Asfaltata;Verticale ed orizzontale;Sereno;Normale;Buona;;0;0;0;4;12.6919;41.8758;-1;2;Autovettura privata;In marcia / fermata / arresto;Passeggero;F;Illeso;0;;;
5930499;8;26/04/2022 10:00:00;Strada Urbana;VIA DI ROCCA CENCIA;all'intersezione con;VIA SELLIA;VIA SELLIA;;;Scontro frontale/laterale SX fra veicoli in marcia;Incrocio;Una carreggiata a doppio senso;Asciutto;Asfaltata;Verticale ed orizzontale;Sereno;Normale;Buona;;0;0;0;4;12.6919;41.8758;-1;2;Autovettura privata;In marcia / fermata / arresto;Passeggero;M;Illeso;0;;;
5930503;8;26/04/2022 11:55:00;Strada Urbana;VIA DI ROCCA CENCIA;all'intersezione con;VIA BENESTARE;VIA BENESTARE;;;Scontro laterale fra veicoli in marcia;Incrocio;Una carreggiata a doppio senso;Asciutto;Asfaltata;Verticale ed orizzontale;Sereno;Normale;Buona;;0;0;0;3;12.6919;41.8758;-1;1;Autovettura privata;In marcia / fermata / arresto;Conducente;M;Illeso;0;;;
5930503;8;26/04/2022 11:55:00;Strada Urbana;VIA DI ROCCA CENCIA;all'intersezione con;VIA BENESTARE;VIA BENESTARE;;;Scontro laterale fra veicoli in marcia;Incrocio;Una carreggiata a doppio senso;Asciutto;Asfaltata;Verticale ed orizzontale;Sereno;Normale;Buona;;0;0;0;3;12.6919;41.8758;-1;2;Rimorchio;In marcia / fermata / arresto;Conducente;M;Illeso;0;;;
5930503;8;26/04/2022 11:55:00;Strada Urbana;VIA DI ROCCA CENCIA;all'intersezione con;VIA BENESTARE;VIA BENESTARE;;;Scontro laterale fra veicoli in marcia;Incrocio;Una carreggiata a doppio senso;Asciutto;Asfaltata;Verticale ed orizzontale;Sereno;Normale;Buona;;0;0;0;3;12.6919;41.8758;-1;3;Autovettura privata;In marcia / fermata / arresto;Conducente;M;Illeso;0;;;
5930507;4;26/04/2022 10:50:00;Strada Urbana;VIA NOMENTANA;in corrispondenza;;del civico n.;1111;;Scontro frontale/laterale SX fra veicoli in marcia;Rettilineo;Una carreggiata a doppio senso;Asciutto;Asfaltata;Assente;Sereno;Normale;Buona;;0;0;0;2;12.5748;41.9545;-1;1;Autovettura privata;In marcia / fermata / arresto;Conducente;M;Illeso;0;;Non accertato;Inesploso
5930507;4;26/04/2022 10:50:00;Strada Urbana;VIA NOMENTANA;in corrispondenza;;del civico n.;1111;;Scontro frontale/laterale SX fra veicoli in marcia;Rettilineo;Una carreggiata a doppio senso;Asciutto;Asfaltata;Assente;Sereno;Normale;Buona;;0;0;0;2;12.5748;41.9545;-1;2;Autovettura privata;In marcia / fermata / arresto;Conducente;F;Illeso;0;;Non accertato;Inesploso
5930508;8;26/04/2022 14:30:00;Strada Urbana;VIA SOLARINO;all'intersezione con;VIA PARTANNA;VIA PARTANNA;;;Scontro frontale/laterale DX fra veicoli in marcia;Incrocio;Una carreggiata a doppio senso;Asciutto;Asfaltata;Assente;Sereno;Scarso;Buona;;1;0;0;0;12.6533;41.866;0;1;Autovettura privata;In marcia / fermata / arresto;Conducente;M;Ricoverato;0;NON DECEDUTO;Non accertato;Inesploso
5930508;8;26/04/2022 14:30:00;Strada Urbana;VIA SOLARINO;all'intersezione con;VIA PARTANNA;VIA PARTANNA;;;Scontro frontale/laterale DX fra veicoli in marcia;Incrocio;Una carreggiata a doppio senso;Asciutto;Asfaltata;Assente;Sereno;Scarso;Buona;;1;0;0;0;12.6533;41.866;0;2;Autovettura privata;In marcia / fermata / arresto;;;;;;;
5930512;8;26/04/2022 17:05:00;Strada Urbana;VIA RADDUSA;all'intersezione con;VIA RIPOSTO;VIA RIPOSTO;;;Scontro frontale/laterale DX fra veicoli in marcia;Incrocio;Una carreggiata a senso unico di marcia;Asciutto;Asfaltata;Verticale;Sereno;Normale;Buona;;2;0;0;0;12.6516;41.8675;-1;1;Autovettura privata;In marcia / fermata / arresto;Conducente;F;Rimandato;0;NON DECEDUTO;Non accertato;Inesploso
5930512;8;26/04/2022 17:05:00;Strada Urbana;VIA RADDUSA;all'intersezione con;VIA RIPOSTO;VIA RIPOSTO;;;Scontro frontale/laterale DX fra veicoli in marcia;Incrocio;Una carreggiata a senso unico di marcia;Asciutto;Asfaltata;Verticale;Sereno;Normale;Buona;;2;0;0;0;12.6516;41.8675;-1;2;Autovettura privata;In marcia / fermata / arresto;Conducente;M;Rimandato;0;NON DECEDUTO;Non accertato;Inesploso
5930512;8;26/04/2022 17:05:00;Strada Urbana;VIA RADDUSA;all'intersezione con;VIA RIPOSTO;VIA RIPOSTO;;;Scontro frontale/laterale DX fra veicoli in marcia;Incrocio;Una carreggiata a senso unico di marcia;Asciutto;Asfaltata;Verticale;Sereno;Normale;Buona;;2;0;0;0;12.6516;41.8675;-1;3;Autovettura privata;Sosta;;;;;;;
5930519;8;26/04/2022 17:45:00;Strada Urbana;VIA CASILINA;in corrispondenza;;del civico n.;1833;;Veicolo in marcia contro veicolo in sosta;Rettilineo;Una carreggiata a doppio senso;Asciutto;Asfaltata;Orizzontale;Sereno;Scarso;Buona;;0;0;0;1;12.6857;41.8626;-1;1;Autovettura privata;In marcia / fermata / arresto;Conducente;M;Illeso;0;;Non accertato;Inesploso
5930519;8;26/04/2022 17:45:00;Strada Urbana;VIA CASILINA;in corrispondenza;;del civico n.;1833;;Veicolo in marcia contro veicolo in sosta;Rettilineo;Una carreggiata a doppio senso;Asciutto;Asfaltata;Orizzontale;Sereno;Scarso;Buona;;0;0;0;1;12.6857;41.8626;-1;2;Autovettura privata;Sosta;;;;;;;
5930523;4;26/04/2022 14:40:00;Strada Urbana;VIA NOMENTANA;da specificare;;;;svincolo rampa per Foro Italico;Scontro frontale/laterale DX fra veicoli in marcia;Rettilineo;Due carreggiate;Asciutto;Asfaltata;Verticale ed orizzontale;Sereno;Normale;Buona;;1;0;0;2;12.5267;41.9305;-1;1;Autovettura privata;In marcia / fermata / arresto;Conducente;M;Illeso;0;;;
5930523;4;26/04/2022 14:40:00;Strada Urbana;VIA NOMENTANA;da specificare;;;;svincolo rampa per Foro Italico;Scontro frontale/laterale DX fra veicoli in marcia;Rettilineo;Due carreggiate;Asciutto;Asfaltata;Verticale ed orizzontale;Sereno;Normale;Buona;;1;0;0;2;12.5267;41.9305;-1;2;Motociclo a solo;In marcia / fermata / arresto;Conducente;M;Rimandato;0;NON DECEDUTO;;
5930523;4;26/04/2022 14:40:00;Strada Urbana;VIA NOMENTANA;da specificare;;;;svincolo rampa per Foro Italico;Scontro frontale/laterale DX fra veicoli in marcia;Rettilineo;Due carreggiate;Asciutto;Asfaltata;Verticale ed orizzontale;Sereno;Normale;Buona;;1;0;0;2;12.5267;41.9305;-1;3;Autovettura privata;In marcia / fermata / arresto;Conducente;M;Illeso;0;;;
5930526;8;26/04/2022 19:00:00;Strada Urbana;VIA CASILINA;da specificare;;;;altezza via SILICELLA direzione Roma centro;Scontro laterale fra veicoli in marcia;Rettilineo;Una carreggiata a doppio senso;Asciutto;Asfaltata;Verticale ed orizzontale;Sereno;Normale;Buona;;0;0;0;4;12.6212;41.8626;-1;1;Autovettura privata;In marcia / fermata / arresto;Conducente;M;Illeso;0;;;
5930526;8;26/04/2022 19:00:00;Strada Urbana;VIA CASILINA;da specificare;;;;altezza via SILICELLA direzione Roma centro;Scontro laterale fra veicoli in marcia;Rettilineo;Una carreggiata a doppio senso;Asciutto;Asfaltata;Verticale ed orizzontale;Sereno;Normale;Buona;;0;0;0;4;12.6212;41.8626;-1;1;Autovettura privata;In marcia / fermata / arresto;Passeggero;M;Illeso;0;;;
5930526;8;26/04/2022 19:00:00;Strada Urbana;VIA CASILINA;da specificare;;;;altezza via SILICELLA direzione Roma centro;Scontro laterale fra veicoli in marcia;Rettilineo;Una carreggiata a doppio senso;Asciutto;Asfaltata;Verticale ed orizzontale;Sereno;Normale;Buona;;0;0;0;4;12.6212;41.8626;-1;2;Autovettura privata;In marcia / fermata / arresto;Conducente;M;Illeso;0;;;
5930526;8;26/04/2022 19:00:00;Strada Urbana;VIA CASILINA;da specificare;;;;altezza via SILICELLA direzione Roma centro;Scontro laterale fra veicoli in marcia;Rettilineo;Una carreggiata a doppio senso;Asciutto;Asfaltata;Verticale ed orizzontale;Sereno;Normale;Buona;;0;0;0;4;12.6212;41.8626;-1;2;Autovettura privata;In marcia / fermata / arresto;Passeggero;F;Illeso;0;;;
5930531;1;26/04/2022 17:35:00;Strada Urbana;RAMPA DEL SANGALLO;da specificare;;;;direzione TERMINAL;Veicolo in marcia contro veicolo fermo;Pendenza;Una carreggiata a senso unico di marcia;Asciutto;Asfaltata;Verticale ed orizzontale;Sereno;Normale;Buona;;0;0;0;1;12.461;41.8997;0;1;Autocarro inferiore 35 q.;In marcia / fermata / arresto;Conducente;M;Illeso;0;;Non accertato;Inesploso
5930531;1;26/04/2022 17:35:00;Strada Urbana;RAMPA DEL SANGALLO;da specificare;;;;direzione TERMINAL;Veicolo in marcia contro veicolo fermo;Pendenza;Una carreggiata a senso unico di marcia;Asciutto;Asfaltata;Verticale ed orizzontale;Sereno;Normale;Buona;;0;0;0;1;12.461;41.8997;0;2;Autobus in extraurbana;Sosta;;;;;;;
5930532;8;26/04/2022 19:50:00;Strada Urbana;VIA CASILINA;in corrispondenza;;del civico n.;1623-1625/B;;Tamponamento Multiplo;Rettilineo;Una carreggiata a senso unico di marcia;Asciutto;Asfaltata;Verticale ed orizzontale;Sereno;Intenso;Buona;;1;0;0;3;12.6412;41.8632;-1;1;Autovettura privata;In marcia / fermata / arresto;Conducente;M;Illeso;0;;Non accertato;Inesploso
5930532;8;26/04/2022 19:50:00;Strada Urbana;VIA CASILINA;in corrispondenza;;del civico n.;1623-1625/B;;Tamponamento Multiplo;Rettilineo;Una carreggiata a senso unico di marcia;Asciutto;Asfaltata;Verticale ed orizzontale;Sereno;Intenso;Buona;;1;0;0;3;12.6412;41.8632;-1;1;Autovettura privata;In marcia / fermata / arresto;Passeggero;M;Rifiuta cure immediate;0;NON DECEDUTO;Non accertato;Inesploso
5930532;8;26/04/2022 19:50:00;Strada Urbana;VIA CASILINA;in corrispondenza;;del civico n.;1623-1625/B;;Tamponamento Multiplo;Rettilineo;Una carreggiata a senso unico di marcia;Asciutto;Asfaltata;Verticale ed orizzontale;Sereno;Intenso;Buona;;1;0;0;3;12.6412;41.8632;-1;2;Autovettura privata;In marcia / fermata / arresto;Conducente;F;Illeso;0;;Non accertato;Inesploso
5930532;8;26/04/2022 19:50:00;Strada Urbana;VIA CASILINA;in corrispondenza;;del civico n.;1623-1625/B;;Tamponamento Multiplo;Rettilineo;Una carreggiata a senso unico di marcia;Asciutto;Asfaltata;Verticale ed orizzontale;Sereno;Intenso;Buona;;1;0;0;3;12.6412;41.8632;-1;3;Autovettura privata;In marcia / fermata / arresto;Conducente;F;Illeso;0;;Non accertato;Inesploso
5930541;8;26/04/2022 20:10:00;Strada Urbana;VIA PRENESTINA;in prossimit�;;del civico n.;1651;;Tamponamento Multiplo;Rettilineo;Una carreggiata a doppio senso;Asciutto;Asfaltata;Orizzontale;Sereno;Scarso;Sufficiente;;1;0;0;2;12.6814;41.8905;-1;1;Autovettura privata;In marcia / fermata / arresto;Conducente;M;Illeso;0;;;
5930541;8;26/04/2022 20:10:00;Strada Urbana;VIA PRENESTINA;in prossimit�;;del civico n.;1651;;Tamponamento Multiplo;Rettilineo;Una carreggiata a doppio senso;Asciutto;Asfaltata;Orizzontale;Sereno;Scarso;Sufficiente;;1;0;0;2;12.6814;41.8905;-1;2;Autovettura privata;In marcia / fermata / arresto;Conducente;M;Rifiuta cure immediate;0;NON DECEDUTO;;
5930541;8;26/04/2022 20:10:00;Strada Urbana;VIA PRENESTINA;in prossimit�;;del civico n.;1651;;Tamponamento Multiplo;Rettilineo;Una carreggiata a doppio senso;Asciutto;Asfaltata;Orizzontale;Sereno;Scarso;Sufficiente;;1;0;0;2;12.6814;41.8905;-1;3;Autovettura privata;In marcia / fermata / arresto;Conducente;M;Illeso;0;;Non accertato;Inesploso
5930542;1;26/04/2022 20:00:00;Strada Urbana;LUNGOTEVERE TESTACCIO;all'intersezione con;VIA FLAVIO GIOIA;VIA FLAVIO GIOIA;;;Scontro frontale/laterale SX fra veicoli in marcia;Intersezione stradale segnalata;Una carreggiata a doppio senso;Asciutto;Asfaltata;Verticale ed orizzontale;Sereno;Scarso;Buona;;1;0;0;1;12.4711;41.8788;0;1;Autovettura privata;In marcia / fermata / arresto;Conducente;M;Illeso;0;;Non accertato;Inesploso
5930542;1;26/04/2022 20:00:00;Strada Urbana;LUNGOTEVERE TESTACCIO;all'intersezione con;VIA FLAVIO GIOIA;VIA FLAVIO GIOIA;;;Scontro frontale/laterale SX fra veicoli in marcia;Intersezione stradale segnalata;Una carreggiata a doppio senso;Asciutto;Asfaltata;Verticale ed orizzontale;Sereno;Scarso;Buona;;1;0;0;1;12.4711;41.8788;0;2;Motociclo a solo;In marcia / fermata / arresto;Conducente;M;Rimandato;0;NON DECEDUTO;Non accertato;
5930545;8;26/04/2022 20:30:00;Strada Urbana;VIA CATIGNANO;in corrispondenza;;del civico n.;21;;Veicolo in marcia contro veicolo in sosta;Rettilineo;Una carreggiata a doppio senso;Asciutto;Asfaltata;Verticale;Sereno;Scarso;Buona;;0;0;0;0;12.6929;41.9061;-1;1;Autovettura privata;Sosta;;;;;;;
5930545;8;26/04/2022 20:30:00;Strada Urbana;VIA CATIGNANO;in corrispondenza;;del civico n.;21;;Veicolo in marcia contro veicolo in sosta;Rettilineo;Una carreggiata a doppio senso;Asciutto;Asfaltata;Verticale;Sereno;Scarso;Buona;;0;0;0;0;12.6929;41.9061;-1;2;Autovettura privata;In marcia / fermata / arresto;;;;;;;
5930548;8;27/04/2022 04:35:00;Strada Urbana;VIA PRENESTINA;all'intersezione con;RAMPA USCITA G.R.A. CARREGGIATA INTERNA;RAMPA USCITA G.R.A. CARREGGIATA INTERNA;;;Scontro frontale/laterale DX fra veicoli in marcia;Intersezione stradale segnalata;Due carreggiate;Asciutto;Asfaltata;Verticale ed orizzontale;Sereno;Normale;Buona;;0;0;0;1;12.6155;41.8933;-1;1;Autovettura privata;In marcia / fermata / arresto;Conducente;M;Illeso;0;;Non accertato;Inesploso
5930548;8;27/04/2022 04:35:00;Strada Urbana;VIA PRENESTINA;all'intersezione con;RAMPA USCITA G.R.A. CARREGGIATA INTERNA;RAMPA USCITA G.R.A. CARREGGIATA INTERNA;;;Scontro frontale/laterale DX fra veicoli in marcia;Intersezione stradale segnalata;Due carreggiate;Asciutto;Asfaltata;Verticale ed orizzontale;Sereno;Normale;Buona;;0;0;0;1;12.6155;41.8933;-1;2;Autovettura privata;Allontanatosi;;;;;;;
5930551;20;26/04/2022 13:10:00;Strada Urbana;VIA DI GROTTAROSSA;all'intersezione con;VIA DI QUARTO ANNUNZIATA;VIA DI QUARTO ANNUNZIATA;;;Scontro frontale fra veicoli in marcia;Incrocio;Una carreggiata a doppio senso;Asciutto;Asfaltata;Assente;Sereno;Scarso;Buona;;0;0;0;2;12.4629;41.9744;-1;1;Autocarro inferiore 35 q.;In marcia / fermata / arresto;Conducente;F;Illeso;0;;Non accertato;Inesploso
5930551;20;26/04/2022 13:10:00;Strada Urbana;VIA DI GROTTAROSSA;all'intersezione con;VIA DI QUARTO ANNUNZIATA;VIA DI QUARTO ANNUNZIATA;;;Scontro frontale fra veicoli in marcia;Incrocio;Una carreggiata a doppio senso;Asciutto;Asfaltata;Assente;Sereno;Scarso;Buona;;0;0;0;2;12.4629;41.9744;-1;2;Motociclo a solo;In marcia / fermata / arresto;Conducente;M;Illeso;0;;Non accertato;
5930563;10;26/04/2022 08:25:00;Strada Urbana;VIA TUSCOLANA;in prossimit�;;del civico n.;1243;;Scontro laterale fra veicoli in marcia;Rettilineo;Una carreggiata a senso unico di marcia;Asciutto;Asfaltata;Verticale ed orizzontale;Sereno;Normale;Buona;;1;0;0;1;12.6009;41.8366;-1;1;Autovettura privata;In marcia / fermata / arresto;Conducente;M;Illeso;0;;Non accertato;Inesploso
5930563;10;26/04/2022 08:25:00;Strada Urbana;VIA TUSCOLANA;in prossimit�;;del civico n.;1243;;Scontro laterale fra veicoli in marcia;Rettilineo;Una carreggiata a senso unico di marcia;Asciutto;Asfaltata;Verticale ed orizzontale;Sereno;Normale;Buona;;1;0;0;1;12.6009;41.8366;-1;2;Motociclo a solo;In marcia / fermata / arresto;Conducente;M;Rimandato;0;NON DECEDUTO;Non accertato;
5930564;12;26/04/2022 14:40:00;Strada Urbana;VIA MATTEO BARTOLI;da specificare;;;;FRONTE CIVICO 255;Veicolo in marcia contro veicolo in sosta;Rettilineo;Una carreggiata a doppio senso;Asciutto;Asfaltata;Verticale;Sereno;Normale;Buona;;0;0;0;2;12.4897;41.8186;-1;1;Autovettura privata;In marcia / fermata / arresto;Conducente;F;Illeso;0;;;
5930564;12;26/04/2022 14:40:00;Strada Urbana;VIA MATTEO BARTOLI;da specificare;;;;FRONTE CIVICO 255;Veicolo in marcia contro veicolo in sosta;Rettilineo;Una carreggiata a doppio senso;Asciutto;Asfaltata;Verticale;Sereno;Normale;Buona;;0;0;0;2;12.4897;41.8186;-1;1;Autovettura privata;In marcia / fermata / arresto;Passeggero;F;Illeso;0;;Non accertato;Inesploso
5930564;12;26/04/2022 14:40:00;Strada Urbana;VIA MATTEO BARTOLI;da specificare;;;;FRONTE CIVICO 255;Veicolo in marcia contro veicolo in sosta;Rettilineo;Una carreggiata a doppio senso;Asciutto;Asfaltata;Verticale;Sereno;Normale;Buona;;0;0;0;2;12.4897;41.8186;-1;2;Autovettura privata;Sosta;;;;;;;
5930575;19;27/04/2022 00:30:00;Strada Urbana;VIA DELL'ACQUEDOTTO PAOLO;in corrispondenza;;del civico n.;145;;Veicolo in marcia contro veicolo in sosta;Rettilineo;Una carreggiata a doppio senso;Asciutto;Asfaltata;Assente;Sereno;Scarso;Buona;;0;0;0;1;12.4229;41.9339;-1;1;Autovettura privata;Sosta;;;;;;;
5930575;19;27/04/2022 00:30:00;Strada Urbana;VIA DELL'ACQUEDOTTO PAOLO;in corrispondenza;;del civico n.;145;;Veicolo in marcia contro veicolo in sosta;Rettilineo;Una carreggiata a doppio senso;Asciutto;Asfaltata;Assente;Sereno;Scarso;Buona;;0;0;0;1;12.4229;41.9339;-1;2;Autovettura privata;In marcia / fermata / arresto;Conducente;F;Illeso;0;;;
5930580;4;26/04/2022 23:15:00;Strada Urbana;VIA NOMENTANA;in prossimit�;;del civico n.;685e;;Veicolo in marcia contro ostacolo fisso;Curva a visuale libera;Una carreggiata a doppio senso;Asciutto;Asfaltata;Verticale ed orizzontale;Sereno;Normale;Buona;;0;0;0;1;12.5391;41.9373;-1;1;Autovettura privata;In marcia / fermata / arresto;Conducente;M;Illeso;0;;Non accertato;
5930583;20;26/04/2022 08:47:00;Provinciale entro l'abitato;VIA DI VALLE MURICANA;in corrispondenza;;del civico n.;744;;Tamponamento;Rettilineo;Una carreggiata a doppio senso;Asciutto;Asfaltata;Verticale ed orizzontale;Sereno;Scarso;Buona;;1;0;0;2;12.4674;42.0412;-1;1;Autovettura privata;In marcia / fermata / arresto;Conducente;F;Rimandato;0;NON DECEDUTO;;
5930583;20;26/04/2022 08:47:00;Provinciale entro l'abitato;VIA DI VALLE MURICANA;in corrispondenza;;del civico n.;744;;Tamponamento;Rettilineo;Una carreggiata a doppio senso;Asciutto;Asfaltata;Verticale ed orizzontale;Sereno;Scarso;Buona;;1;0;0;2;12.4674;42.0412;-1;1;Autovettura privata;In marcia / fermata / arresto;Passeggero;M;Illeso;0;;;
5930583;20;26/04/2022 08:47:00;Provinciale entro l'abitato;VIA DI VALLE MURICANA;in corrispondenza;;del civico n.;744;;Tamponamento;Rettilineo;Una carreggiata a doppio senso;Asciutto;Asfaltata;Verticale ed orizzontale;Sereno;Scarso;Buona;;1;0;0;2;12.4674;42.0412;-1;2;Autovettura privata;In marcia / fermata / arresto;Conducente;M;Illeso;0;;;
5930584;5;26/04/2022 07:30:00;Strada Urbana;VIA DI S. ROMANO;in corrispondenza;;del civico n.;51;;Veicolo in marcia contro veicoli in sosta;Rettilineo;Una carreggiata a doppio senso;Asciutto;Asfaltata;Verticale ed orizzontale;Sereno;Normale;Buona;;0;0;0;0;12.5383;41.9065;-1;1;Autovettura privata;Sosta;;;;;;;