Protocollo;Gruppo;DataOraIncidente;Localizzazione1;STRADA1;Localizzazione2;STRADA2;Strada02;Chilometrica;DaSpecificare;NaturaIncidente;particolaritastrade;TipoStrada;FondoStradale;Pavimentazione;Segnaletica;CondizioneAtmosferica;Traffico;Visibilita;Illuminazione;NUM_FERITI;NUM_RISERVATA;NUM_MORTI;NUM_ILLESI;Longitude;Latitude;Confermato;Progressivo;TipoVeicolo;StatoVeicolo;TipoPersona;Sesso;Tipolesione;Deceduto;DecedutoDopo;CinturaCascoUtilizzato;Airbag;
5932522;7;27/04/2022 12:59:00;Strada Urbana;VIA DELLE CELIDONIE;all'intersezione con;VIALE DELLE GARDENIE;VIALE DELLE GARDENIE;;;Scontro laterale fra veicoli in marcia;Incrocio;Una carreggiata a senso unico di marcia;Asciutto;Asfaltata;Verticale ed orizzontale;Sereno;Normale;Buona;;0;0;0;2;12.5644;41.8867;-1;2;Autovettura privata;In marcia / fermata / arresto;Conducente;M;Illeso;0;;Non accertato;Inesploso
5932524;12;27/04/2022 20:00:00;Strada Urbana;VIALE DELL'ASTRONOMIA;all'intersezione con;VIALE PASTEUR;VIALE PASTEUR;;;Scontro frontale/laterale SX fra veicoli in marcia;Incrocio;Una carreggiata a doppio senso;Asciutto;Asfaltata;Verticale ed orizzontale;Sereno;Scarso;Buona;;0;0;0;3;12.4643;41.835;-1;1;Autovettura privata;In marcia / fermata / arresto;Conducente;M;Illeso;0;;;
5932524;12;27/04/2022 20:00:00;Strada Urbana;VIALE DELL'ASTRONOMIA;all'intersezione con;VIALE PASTEUR;VIALE PASTEUR;;;Scontro frontale/laterale SX fra veicoli in marcia;Incrocio;Una carreggiata a doppio senso;Asciutto;Asfaltata;Verticale ed orizzontale;Sereno;Scarso;Buona;;0;0;0;3;12.4643;41.835;-1;1;Autovettura privata;In marcia / fermata / arresto;Passeggero;M;Illeso;0;;;
5932524;12;27/04/2022 20:00:00;Strada Urbana;VIALE DELL'ASTRONOMIA;all'intersezione con;VIALE PASTEUR;VIALE PASTEUR;;;Scontro frontale/laterale SX fra veicoli in marcia;Incrocio;Una carreggiata a doppio senso;Asciutto;Asfaltata;Verticale ed orizzontale;Sereno;Scarso;Buona;;0;0;0;3;12.4643;41.835;-1;2;Autovettura privata;In marcia / fermata / arresto;Conducente;F;Illeso;0;;;
5932526;20;27/04/2022 17:00:00;Strada Urbana;VIA FLAMINIA NUOVA;da specificare;;;;rampa uscita Saxa Rubra;Tamponamento;Rettilineo;Due carreggiate;Asciutto;Asfaltata;Verticale ed orizzontale;Sereno;Normale;Sufficiente;;0;0;0;2;12.4792;41.9609;-1;1;Autovettura privata;In marcia / fermata / arresto;Conducente;M;Illeso;0;;Non accertato;Inesploso
5932526;20;27/04/2022 17:00:00;Strada Urbana;VIA FLAMINIA NUOVA;da specificare;;;;rampa uscita Saxa Rubra;Tamponamento;Rettilineo;Due carreggiate;Asciutto;Asfaltata;Verticale ed orizzontale;Sereno;Normale;Sufficiente;;0;0;0;2;12.4792;41.9609;-1;2;Autovettura privata;In marcia / fermata / arresto;Conducente;M;Illeso;0;;Non accertato;Esploso
5932528;17;27/04/2022 07:50:00;Strada Urbana;VIA ANGELO BROFFERIO;da specificare;;;;FRONTE CIVICO 13;Tamponamento;Rettilineo;Una carreggiata a doppio senso;Asciutto;Asfaltata;Verticale ed orizzontale;Sereno;Normale;Buona;;0;0;0;2;12.4626;41.9139;0;1;Autovettura privata;In marcia / fermata / arresto;Conducente;F;Illeso;0;;;
5932528;17;27/04/2022 07:50:00;Strada Urbana;VIA ANGELO BROFFERIO;da specificare;;;;FRONTE CIVICO 13;Tamponamento;Rettilineo;Una carreggiata a doppio senso;Asciutto;Asfaltata;Verticale ed orizzontale;Sereno;Normale;Buona;;0;0;0;2;12.4626;41.9139;0;2;Motociclo a solo;In marcia / fermata / arresto;Conducente;M;Illeso;0;;;
5932537;17;27/04/2022 15:50:00;Strada Urbana;VIALE GIULIO CESARE;in corrispondenza;;del civico n.;43;;Veicolo in marcia contro veicoli in arresto;Rettilineo;Pi� di due carreggiate;Asciutto;Asfaltata;Verticale ed orizzontale;Sereno;Normale;Buona;;0;0;0;1;12.4658;41.9111;0;2;Motociclo a solo;In marcia / fermata / arresto;Conducente;M;Illeso;0;;;
5932537;17;27/04/2022 15:50:00;Strada Urbana;VIALE GIULIO CESARE;in corrispondenza;;del civico n.;43;;Veicolo in marcia contro veicoli in arresto;Rettilineo;Pi� di due carreggiate;Asciutto;Asfaltata;Verticale ed orizzontale;Sereno;Normale;Buona;;0;0;0;1;12.4658;41.9111;0;3;Autovettura privata;Sosta;;;;;;;
5932538;10;27/04/2022 20:30:00;Strada Urbana;VIA TUSCOLANA;all'intersezione semaforizzata con;VIA OTELLO STEFANINI;VIA OTELLO STEFANINI;;;Tamponamento;Intersezione semaforizzata;Una carreggiata a senso unico di marcia;Asciutto;Asfaltata;Verticale;Sereno;Normale;Buona;;0;0;0;2;12.5839;41.8432;-1;1;Autovettura privata;In marcia / fermata / arresto;Conducente;F;Illeso;0;;Non accertato;Inesploso
5932538;10;27/04/2022 20:30:00;Strada Urbana;VIA TUSCOLANA;all'intersezione semaforizzata con;VIA OTELLO STEFANINI;VIA OTELLO STEFANINI;;;Tamponamento;Intersezione semaforizzata;Una carreggiata a senso unico di marcia;Asciutto;Asfaltata;Verticale;Sereno;Normale;Buona;;0;0;0;2;12.5839;41.8432;-1;2;Autovettura privata;In marcia / fermata / arresto;Conducente;F;Illeso;0;;Non accertato;Inesploso
5932542;4;27/04/2022 17:00:00;Statale entro l'abitato;VIA SALARIA;in corrispondenza;;del civico n.;1446;;Scontro laterale fra veicoli in marcia;Rettilineo;Una carreggiata a doppio senso;Asciutto;Asfaltata;Verticale ed orizzontale;Sereno;Normale;Buona;;0;0;0;2;12.5193;42.0073;-1;1;Autovettura privata;In marcia / fermata / arresto;Conducente;M;Illeso;0;;Non accertato;Inesploso
5932542;4;27/04/2022 17:00:00;Statale entro l'abitato;VIA SALARIA;in corrispondenza;;del civico n.;1446;;Scontro laterale fra veicoli in marcia;Rettilineo;Una carreggiata a doppio senso;Asciutto;Asfaltata;Verticale ed orizzontale;Sereno;Normale;Buona;;0;0;0;2;12.5193;42.0073;-1;2;Autovettura privata;In marcia / fermata / arresto;Conducente;M;Illeso;0;;Non accertato;Inesploso
5932547;1;27/04/2022 15:55:00;Strada Urbana;VIALE MANZONI;all'intersezione con;VIA CONTE VERDE;VIA CONTE VERDE;;;Scontro laterale fra veicoli in marcia;Incrocio;Una carreggiata a doppio senso;Asciutto;Asfaltata;Verticale ed orizzontale;Sereno;Normale;Buona;;1;0;0;1;12.5079;41.8913;-1;1;Autovettura privata;In marcia / fermata / arresto;Conducente;M;Illeso;0;;;
5932547;1;27/04/2022 15:55:00;Strada Urbana;VIALE MANZONI;all'intersezione con;VIA CONTE VERDE;VIA CONTE VERDE;;;Scontro laterale fra veicoli in marcia;Incrocio;Una carreggiata a doppio senso;Asciutto;Asfaltata;Verticale ed orizzontale;Sereno;Normale;Buona;;1;0;0;1;12.5079;41.8913;-1;2;Motociclo a solo;In marcia / fermata / arresto;Conducente;M;Rimandato;0;NON DECEDUTO;;
5932552;18;27/04/2022 14:15:00;Statale entro l'abitato;VIA AURELIA;in prossimit�;;del civico n.;273;;Scontro laterale fra veicoli in marcia;Rettilineo;Una carreggiata a doppio senso;Asciutto;Asfaltata;Verticale ed orizzontale;Sereno;Normale;Buona;;0;0;0;2;12.4389;41.8977;-1;1;Autovettura privata;In marcia / fermata / arresto;Conducente;M;Illeso;0;;Non accertato;Inesploso
5932552;18;27/04/2022 14:15:00;Statale entro l'abitato;VIA AURELIA;in prossimit�;;del civico n.;273;;Scontro laterale fra veicoli in marcia;Rettilineo;Una carreggiata a doppio senso;Asciutto;Asfaltata;Verticale ed orizzontale;Sereno;Normale;Buona;;0;0;0;2;12.4389;41.8977;-1;2;Motociclo a solo;In marcia / fermata / arresto;Conducente;M;Illeso;0;;Non accertato;
5932553;20;27/04/2022 15:10:00;Strada Urbana;VIA DI GROTTAROSSA;in corrispondenza;;del civico n.;1282;;Scontro frontale/laterale DX fra veicoli in marcia;Rettilineo;Una carreggiata a doppio senso;Asciutto;Asfaltata;Verticale ed orizzontale;Sereno;Normale;Sufficiente;;0;0;0;3;12.4885;41.9725;-1;1;Autovettura privata;In marcia / fermata / arresto;Conducente;M;Illeso;0;;Non accertato;
5932553;20;27/04/2022 15:10:00;Strada Urbana;VIA DI GROTTAROSSA;in corrispondenza;;del civico n.;1282;;Scontro frontale/laterale DX fra veicoli in marcia;Rettilineo;Una carreggiata a doppio senso;Asciutto;Asfaltata;Verticale ed orizzontale;Sereno;Normale;Sufficiente;;0;0;0;3;12.4885;41.9725;-1;1;Autovettura privata;In marcia / fermata / arresto;Passeggero;M;Illeso;0;;Non accertato;
5932553;20;27/04/2022 15:10:00;Strada Urbana;VIA DI GROTTAROSSA;in corrispondenza;;del civico n.;1282;;Scontro frontale/laterale DX fra veicoli in marcia;Rettilineo;Una carreggiata a doppio senso;Asciutto;Asfaltata;Verticale ed orizzontale;Sereno;Normale;Sufficiente;;0;0;0;3;12.4885;41.9725;-1;2;Autovettura privata;In marcia / fermata / arresto;Conducente;M;Illeso;0;;Non accertato;
5932555;6;27/04/2022 22:40:00;Strada Urbana;VIA DI CENTOCELLE;in prossimit�;;del civico n.;269;;Veicolo in marcia contro ostacolo accidentale;Rettilineo;Una carreggiata a doppio senso;Asciutto;Asfaltata;Orizzontale;Sereno;Scarso;Buona;;0;0;0;2;12.553;41.8665;-1;1;Autovettura privata;In marcia / fermata / arresto;Conducente;M;Illeso;0;;Non accertato;Inesploso
5932555;6;27/04/2022 22:40:00;Strada Urbana;VIA DI CENTOCELLE;in prossimit�;;del civico n.;269;;Veicolo in marcia contro ostacolo accidentale;Rettilineo;Una carreggiata a doppio senso;Asciutto;Asfaltata;Orizzontale;Sereno;Scarso;Buona;;0;0;0;2;12.553;41.8665;-1;1;Autovettura privata;In marcia / fermata / arresto;Passeggero;F;Illeso;0;;Non accertato;Inesploso
5932561;4;27/04/2022 16:45:00;Strada Urbana;VIA MARTANA;in corrispondenza;;del civico n.;37;;Tamponamento;Rettilineo;Una carreggiata a senso unico di marcia;Asciutto;Asfaltata;Verticale;Sereno;Normale;Buona;;0;0;0;7;12.5283;41.9391;-1;1;Autovettura privata;In marcia / fermata / arresto;Conducente;M;Illeso;0;;;
5932561;4;27/04/2022 16:45:00;Strada Urbana;VIA MARTANA;in corrispondenza;;del civico n.;37;;Tamponamento;Rettilineo;Una carreggiata a senso unico di marcia;Asciutto;Asfaltata;Verticale;Sereno;Normale;Buona;;0;0;0;7;12.5283;41.9391;-1;1;Autovettura privata;In marcia / fermata / arresto;Passeggero;F;Illeso;0;;Non accertato;
5932561;4;27/04/2022 16:45:00;Strada Urbana;VIA MARTANA;in corrispondenza;;del civico n.;37;;Tamponamento;Rettilineo;Una carreggiata a senso unico di marcia;Asciutto;Asfaltata;Verticale;Sereno;Normale;Buona;;0;0;0;7;12.5283;41.9391;-1;1;Autovettura privata;In marcia / fermata / arresto;Passeggero;M;Illeso;0;;Non accertato;
5932561;4;27/04/2022 16:45:00;Strada Urbana;VIA MARTANA;in corrispondenza;;del civico n.;37;;Tamponamento;Rettilineo;Una carreggiata a senso unico di marcia;Asciutto;Asfaltata;Verticale;Sereno;Normale;Buona;;0;0;0;7;12.5283;41.9391;-1;2;Autovettura privata;In marcia / fermata / arresto;Conducente;M;Illeso;0;;Non accertato;
5932561;4;27/04/2022 16:45:00;Strada Urbana;VIA MARTANA;in corrispondenza;;del civico n.;37;;Tamponamento;Rettilineo;Una carreggiata a senso unico di marcia;Asciutto;Asfaltata;Verticale;Sereno;Normale;Buona;;0;0;0;7;12.5283;41.9391;-1;2;Autovettura privata;In marcia / fermata / arresto;Passeggero;M;Illeso;0;;Non accertato;
5932561;4;27/04/2022 16:45:00;Strada Urbana;VIA MARTANA;in corrispondenza;;del civico n.;37;;Tamponamento;Rettilineo;Una carreggiata a senso unico di marcia;Asciutto;Asfaltata;Verticale;Sereno;Normale;Buona;;0;0;0;7;12.5283;41.9391;-1;2;Autovettura privata;In marcia / fermata / arresto;Passeggero;F;Illeso;0;;Non accertato;
5932561;4;27/04/2022 16:45:00;Strada Urbana;VIA MARTANA;in corrispondenza;;del civico n.;37;;Tamponamento;Rettilineo;Una carreggiata a senso unico di marcia;Asciutto;Asfaltata;Verticale;Sereno;Normale;Buona;;0;0;0;7;12.5283;41.9391;-1;2;Autovettura privata;In marcia / fermata / arresto;Passeggero;F;Illeso;0;;Non accertato;
5932562;10;28/04/2022 08:05:00;Strada Urbana;VIALE BRUNO PELIZZI;in corrispondenza;;del civico n.;147;;Tamponamento;Rettilineo;Una carreggiata a doppio senso;Asciutto;Asfaltata;Verticale ed orizzontale;Sereno;Normale;Buona;;1;0;0;1;12.5796;41.8593;-1;1;Autovettura privata;In marcia / fermata / arresto;Conducente;F;Rimandato;0;NON DECEDUTO;Non accertato;Inesploso
5932562;10;28/04/2022 08:05:00;Strada Urbana;VIALE BRUNO PELIZZI;in corrispondenza;;del civico n.;147;;Tamponamento;Rettilineo;Una carreggiata a doppio senso;Asciutto;Asfaltata;Verticale ed orizzontale;Sereno;Normale;Buona;;1;0;0;1;12.5796;41.8593;-1;2;Autovettura privata;In marcia / fermata / arresto;Conducente;F;Illeso;0;;Non accertato;Inesploso
5932586;18;27/04/2022 15:15:00;Strada Urbana;VIA DI TORRE ROSSA;in prossimit�;;del civico n.;40;;Veicolo in marcia contro ostacolo fisso;Rettilineo;Una carreggiata a doppio senso;Asciutto;Asfaltata;Verticale ed orizzontale;Sereno;Normale;Buona;;0;0;0;1;12.4266;41.8936;-1;1;Autovettura privata;In marcia / fermata / arresto;Conducente;M;Illeso;0;;Non accertato;Inesploso
5932587;20;27/04/2022 14:30:00;Strada Urbana;LUNGOTEVERE MARESCIALLO CADORNA;in prossimit�;;del palo luce n.;24;;Tamponamento Multiplo;Rettilineo;Una carreggiata a doppio senso;Asciutto;Asfaltata;Orizzontale;Sereno;Normale;Buona;;0;0;0;3;12.4582;41.928;-1;1;Autovettura privata;In marcia / fermata / arresto;Conducente;M;Illeso;0;;;
5932587;20;27/04/2022 14:30:00;Strada Urbana;LUNGOTEVERE MARESCIALLO CADORNA;in prossimit�;;del palo luce n.;24;;Tamponamento Multiplo;Rettilineo;Una carreggiata a doppio senso;Asciutto;Asfaltata;Orizzontale;Sereno;Normale;Buona;;0;0;0;3;12.4582;41.928;-1;2;Autovettura privata;In marcia / fermata / arresto;Conducente;M;Illeso;0;;;
5932587;20;27/04/2022 14:30:00;Strada Urbana;LUNGOTEVERE MARESCIALLO CADORNA;in prossimit�;;del palo luce n.;24;;Tamponamento Multiplo;Rettilineo;Una carreggiata a doppio senso;Asciutto;Asfaltata;Orizzontale;Sereno;Normale;Buona;;0;0;0;3;12.4582;41.928;-1;3;Autovettura privata;In marcia / fermata / arresto;Conducente;M;Illeso;0;;Non accertato;
5932599;19;27/04/2022 16:30:00;Strada Urbana;VIA CARLO LIVI;all'intersezione con;VIA ANDREA VERGA;VIA ANDREA VERGA;;;Scontro frontale/laterale SX fra veicoli in marcia;Incrocio;Una carreggiata a senso unico di marcia;Asciutto;Asfaltata;Verticale ed orizzontale;Sereno;Scarso;Sufficiente;;2;0;0;1;12.4185;41.9359;-1;1;Autovettura privata;In marcia / fermata / arresto;Conducente;F;Rifiuta cure immediate;0;NON DECEDUTO;;Esploso
5932599;19;27/04/2022 16:30:00;Strada Urbana;VIA CARLO LIVI;all'intersezione con;VIA ANDREA VERGA;VIA ANDREA VERGA;;;Scontro frontale/laterale SX fra veicoli in marcia;Incrocio;Una carreggiata a senso unico di marcia;Asciutto;Asfaltata;Verticale ed orizzontale;Sereno;Scarso;Sufficiente;;2;0;0;1;12.4185;41.9359;-1;2;Autovettura privata;In marcia / fermata / arresto;Conducente;F;Rimandato;0;NON DECEDUTO;;Esploso
5932599;19;27/04/2022 16:30:00;Strada Urbana;VIA CARLO LIVI;all'intersezione con;VIA ANDREA VERGA;VIA ANDREA VERGA;;;Scontro frontale/laterale SX fra veicoli in marcia;Incrocio;Una carreggiata a senso unico di marcia;Asciutto;Asfaltata;Verticale ed orizzontale;Sereno;Scarso;Sufficiente;;2;0;0;1;12.4185;41.9359;-1;2;Autovettura privata;In marcia / fermata / arresto;Passeggero;M;Illeso;0;;;
5932613;7;27/04/2022 15:00:00;Strada Urbana;VIA PRENESTINA;all'intersezione con;VIA DI TOR SAPIENZA;VIA DI TOR SAPIENZA;;;Scontro frontale/laterale DX fra veicoli in marcia;Intersezione stradale segnalata;Una carreggiata a doppio senso;Asciutto;Asfaltata;Verticale ed orizzontale;Sereno;Normale;Buona;;0;0;0;4;12.592;41.8941;-1;1;Autovettura privata;In marcia / fermata / arresto;Conducente;M;Illeso;0;;Non accertato;Inesploso
5932613;7;27/04/2022 15:00:00;Strada Urbana;VIA PRENESTINA;all'intersezione con;VIA DI TOR SAPIENZA;VIA DI TOR SAPIENZA;;;Scontro frontale/laterale DX fra veicoli in marcia;Intersezione stradale segnalata;Una carreggiata a doppio senso;Asciutto;Asfaltata;Verticale ed orizzontale;Sereno;Normale;Buona;;0;0;0;4;12.592;41.8941;-1;2;Autovettura privata;In marcia / fermata / arresto;Conducente;F;Illeso;0;;Non accertato;Inesploso
5932613;7;27/04/2022 15:00:00;Strada Urbana;VIA PRENESTINA;all'intersezione con;VIA DI TOR SAPIENZA;VIA DI TOR SAPIENZA;;;Scontro frontale/laterale DX fra veicoli in marcia;Intersezione stradale segnalata;Una carreggiata a doppio senso;Asciutto;Asfaltata;Verticale ed orizzontale;Sereno;Normale;Buona;;0;0;0;4;12.592;41.8941;-1;2;Autovettura privata;In marcia / fermata / arresto;Passeggero;F;Illeso;0;;Non accertato;Inesploso
5932631;23;27/04/2022 08:06:00;Strada Urbana;VIA CRISTOFORO COLOMBO;in prossimit�;;del palo luce n.;21;;Tamponamento Multiplo;Rettilineo;Pi� di due carreggiate;Asciutto;Asfaltata;Verticale ed orizzontale;Sereno;Intenso;Buona;;0;0;0;4;12.4964;41.8704;-1;1;Autovettura privata;In marcia / fermata / arresto;Conducente;M;Illeso;0;;Non accertato;Inesploso
5932631;23;27/04/2022 08:06:00;Strada Urbana;VIA CRISTOFORO COLOMBO;in prossimit�;;del palo luce n.;21;;Tamponamento Multiplo;Rettilineo;Pi� di due carreggiate;Asciutto;Asfaltata;Verticale ed orizzontale;Sereno;Intenso;Buona;;0;0;0;4;12.4964;41.8704;-1;2;Autovettura privata;In marcia / fermata / arresto;Conducente;M;Illeso;0;;Non accertato;Inesploso
5932631;23;27/04/2022 08:06:00;Strada Urbana;VIA CRISTOFORO COLOMBO;in prossimit�;;del palo luce n.;21;;Tamponamento Multiplo;Rettilineo;Pi� di due carreggiate;Asciutto;Asfaltata;Verticale ed orizzontale;Sereno;Intenso;Buona;;0;0;0;4;12.4964;41.8704;-1;2;Autovettura privata;In marcia / fermata / arresto;Passeggero;F;Illeso;0;;Non accertato;Inesploso
5932631;23;27/04/2022 08:06:00;Strada Urbana;VIA CRISTOFORO COLOMBO;in prossimit�;;del palo luce n.;21;;Tamponamento Multiplo;Rettilineo;Pi� di due carreggiate;Asciutto;Asfaltata;Verticale ed orizzontale;Sereno;Intenso;Buona;;0;0;0;4;12.4964;41.8704;-1;3;Autovettura privata;In marcia / fermata / arresto;Conducente;M;Illeso;0;;Non accertato;Inesploso
5932633;7;27/04/2022 16:45:00;Strada Urbana;VIA PRENESTINA;in corrispondenza;;del civico n.;724;;Tamponamento Multiplo;Rettilineo;Una carreggiata a doppio senso;Asciutto;Asfaltata;Verticale ed orizzontale;Sereno;Normale;Buona;;0;0;0;4;12.587;41.8938;-1;1;Autovettura privata;In marcia / fermata / arresto;Conducente;M;Illeso;0;;Non accertato;Inesploso
5932633;7;27/04/2022 16:45:00;Strada Urbana;VIA PRENESTINA;in corrispondenza;;del civico n.;724;;Tamponamento Multiplo;Rettilineo;Una carreggiata a doppio senso;Asciutto;Asfaltata;Verticale ed orizzontale;Sereno;Normale;Buona;;0;0;0;4;12.587;41.8938;-1;2;Autovettura privata;In marcia / fermata / arresto;Conducente;M;Illeso;0;;Non accertato;Inesploso
5932633;7;27/04/2022 16:45:00;Strada Urbana;VIA PRENESTINA;in corrispondenza;;del civico n.;724;;Tamponamento Multiplo;Rettilineo;Una carreggiata a doppio senso;Asciutto;Asfaltata;Verticale ed orizzontale;Sereno;Normale;Buona;;0;0;0;4;12.587;41.8938;-1;3;Autovettura privata;In marcia / fermata / arresto;Conducente;M;Illeso;0;;;
5932633;7;27/04/2022 16:45:00;Strada Urbana;VIA PRENESTINA;in corrispondenza;;del civico n.;724;;Tamponamento Multiplo;Rettilineo;Una carreggiata a doppio senso;Asciutto;Asfaltata;Verticale ed orizzontale;Sereno;Normale;Buona;;0;0;0;4;12.587;41.8938;-1;4;Autovettura privata;In marcia / fermata / arresto;Conducente;F;Illeso;0;;Non accertato;Inesploso
5932661;1;27/04/2022 18:00:00;Strada Urbana;VIA LABICANA;in prossimit�;;del civico n.;50;;Veicolo in marcia contro veicolo in sosta;Rettilineo;Pi� di due carreggiate;Asciutto;Asfaltata;Verticale;Sereno;Normale;Buona;;0;0;0;1;;;0;1;Autovettura privata;In marcia / fermata / arresto;Conducente;M;Illeso;0;;;
5932661;1;27/04/2022 18:00:00;Strada Urbana;VIA LABICANA;in prossimit�;;del civico n.;50;;Veicolo in marcia contro veicolo in sosta;Rettilineo;Pi� di due carreggiate;Asciutto;Asfaltata;Verticale;Sereno;Normale;Buona;;0;0;0;1;;;0;2;Autovettura privata;In marcia / fermata / arresto;;;;;;;
5932680;4;27/04/2022 10:40:00;Strada Urbana;VIA NOMENTANA;in corrispondenza;;del civico n.;866;;Scontro frontale/laterale SX fra veicoli in marcia;Rettilineo;Una carreggiata a doppio senso;Asciutto;Asfaltata;Verticale ed orizzontale;Sereno;Normale;Buona;;1;0;0;2;12.553;41.9411;-1;1;Autovettura privata;In marcia / fermata / arresto;Conducente;M;Illeso;0;;;
5932680;4;27/04/2022 10:40:00;Strada Urbana;VIA NOMENTANA;in corrispondenza;;del civico n.;866;;Scontro frontale/laterale SX fra veicoli in marcia;Rettilineo;Una carreggiata a doppio senso;Asciutto;Asfaltata;Verticale ed orizzontale;Sereno;Normale;Buona;;1;0;0;2;12.553;41.9411;-1;2;Motociclo a solo;In marcia / fermata / arresto;Conducente;M;Rimandato;0;NON DECEDUTO;;
5932680;4;27/04/2022 10:40:00;Strada Urbana;VIA NOMENTANA;in corrispondenza;;del civico n.;866;;Scontro frontale/laterale SX fra veicoli in marcia;Rettilineo;Una carreggiata a doppio senso;Asciutto;Asfaltata;Verticale ed orizzontale;Sereno;Normale;Buona;;1;0;0;2;12.553;41.9411;-1;3;Motociclo a solo;Allontanatosi;Conducente;;Illeso;0;;;
5932699;20;27/04/2022 12:10:00;Strada Urbana;LARGO FERRARIS IV;da specificare;;;;prossimit� via dello Stadio Olimpico;Scontro laterale fra veicoli in marcia;Rettilineo;Una carreggiata a senso unico di marcia;Asciutto;Asfaltata;Verticale ed orizzontale;Sereno;Normale;Buona;;1;0;0;1;12.4548;41.936;-1;1;Autovettura privata;In marcia / fermata / arresto;Conducente;M;Illeso;0;;Non accertato;
5932699;20;27/04/2022 12:10:00;Strada Urbana;LARGO FERRARIS IV;da specificare;;;;prossimit� via dello Stadio Olimpico;Scontro laterale fra veicoli in marcia;Rettilineo;Una carreggiata a senso unico di marcia;Asciutto;Asfaltata;Verticale ed orizzontale;Sereno;Normale;Buona;;1;0;0;1;12.4548;41.936;-1;2;Motociclo a solo;In marcia / fermata / arresto;Conducente;M;Rimandato;0;NON DECEDUTO;Non accertato;
5932700;7;27/04/2022 15:10:00;Strada Urbana;VIA PRENESTINA;da specificare;;;;all' intersezione con via di Tor Tre Teste;Tamponamento;Rettilineo;Una carreggiata a doppio senso;Asciutto;Asfaltata;Verticale ed orizzontale;Sereno;Normale;Buona;;0;0;0;2;12.6155;41.8933;-1;1;Autoarticolato;In marcia / fermata / arresto;Conducente;M;Illeso;0;;Non accertato;Inesploso
5932700;7;27/04/2022 15:10:00;Strada Urbana;VIA PRENESTINA;da specificare;;;;all' intersezione con via di Tor Tre Teste;Tamponamento;Rettilineo;Una carreggiata a doppio senso;Asciutto;Asfaltata;Verticale ed orizzontale;Sereno;Normale;Buona;;0;0;0;2;12.6155;41.8933;-1;2;Autovettura privata;In marcia / fermata / arresto;Conducente;M;Illeso;0;;Non accertato;Inesploso
5932709;20;28/04/2022 04:50:00;Strada Urbana;CORSO DI FRANCIA;da specificare;;;;in prossimit� via LUPI;Veicolo in marcia contro ostacolo fisso;Rettilineo;Due carreggiate;Asciutto;Asfaltata;Verticale ed orizzontale;Sereno;Scarso;Sufficiente;;0;0;0;1;12.4717;41.9367;-1;1;Autovettura privata;In marcia / fermata / arresto;Conducente;M;Illeso;0;;;
5932753;1;27/04/2022 16:00:00;Strada Urbana;PIAZZA VITTORIO EMANUELE II;in corrispondenza;;del civico n.;109;;Tamponamento Multiplo;Rettilineo;Una carreggiata a doppio senso;Asciutto;Asfaltata;Verticale;Sereno;Normale;Buona;;0;0;0;3;12.5038;41.8939;-1;1;Autovettura privata;In marcia / fermata / arresto;Conducente;M;Illeso;0;;;
5932753;1;27/04/2022 16:00:00;Strada Urbana;PIAZZA VITTORIO EMANUELE II;in corrispondenza;;del civico n.;109;;Tamponamento Multiplo;Rettilineo;Una carreggiata a doppio senso;Asciutto;Asfaltata;Verticale;Sereno;Normale;Buona;;0;0;0;3;12.5038;41.8939;-1;2;Autovettura privata;In marcia / fermata / arresto;Conducente;F;Illeso;0;;;
5932753;1;27/04/2022 16:00:00;Strada Urbana;PIAZZA VITTORIO EMANUELE II;in corrispondenza;;del civico n.;109;;Tamponamento Multiplo;Rettilineo;Una carreggiata a doppio senso;Asciutto;Asfaltata;Verticale;Sereno;Normale;Buona;;0;0;0;3;12.5038;41.8939;-1;3;Autovettura pubblica;In marcia / fermata / arresto;Conducente;M;Illeso;0;;;
5932767;6;28/04/2022 09:45:00;Strada Urbana;PIAZZA DELLA MARRANELLA;in corrispondenza;;del civico n.;3 B;;Tamponamento;Rettilineo;Una carreggiata a doppio senso;Asciutto;Asfaltata;Verticale ed orizzontale;Sereno;Normale;Buona;;0;0;0;3;12.5422;41.8805;-1;1;Autovettura privata;In marcia / fermata / arresto;Conducente;M;Illeso;0;;Non accertato;Inesploso
5932767;6;28/04/2022 09:45:00;Strada Urbana;PIAZZA DELLA MARRANELLA;in corrispondenza;;del civico n.;3 B;;Tamponamento;Rettilineo;Una carreggiata a doppio senso;Asciutto;Asfaltata;Verticale ed orizzontale;Sereno;Normale;Buona;;0;0;0;3;12.5422;41.8805;-1;2;Autovettura privata;In marcia / fermata / arresto;Conducente;M;Illeso;0;;Non accertato;Inesploso
5932767;6;28/04/2022 09:45:00;Strada Urbana;PIAZZA DELLA MARRANELLA;in corrispondenza;;del civico n.;3 B;;Tamponamento;Rettilineo;Una carreggiata a doppio senso;Asciutto;Asfaltata;Verticale ed orizzontale;Sereno;Normale;Buona;;0;0;0;3;12.5422;41.8805;-1;2;Autovettura privata;In marcia / fermata / arresto;Passeggero;F;Illeso;0;;Non accertato;Inesploso
5932829;2;27/04/2022 12:30:00;Strada Urbana;VIA TEVERE;in prossimit�;;del civico n.;17B;;Veicolo in marcia contro veicolo in sosta;Rettilineo;Una carreggiata a senso unico di marcia;Asciutto;Asfaltata;Verticale ed orizzontale;Sereno;Normale;Buona;;0;0;0;0;12.4965;41.9132;-1;1;Autovettura privata;Sosta;;;;;;;