Protocollo;Gruppo;DataOraIncidente;Localizzazione1;STRADA1;Localizzazione2;STRADA2;Strada02;Chilometrica;DaSpecificare;NaturaIncidente;particolaritastrade;TipoStrada;FondoStradale;Pavimentazione;Segnaletica;CondizioneAtmosferica;Traffico;Visibilita;Illuminazione;NUM_FERITI;NUM_RISERVATA;NUM_MORTI;NUM_ILLESI;Longitude;Latitude;Confermato;Progressivo;TipoVeicolo;StatoVeicolo;TipoPersona;Sesso;Tipolesione;Deceduto;DecedutoDopo;CinturaCascoUtilizzato;Airbag;
5933442;13;28/04/2022 10:25:00;Strada Urbana;LUNGOMARE AMERIGO VESPUCCI;in prossimit�;;del civico n.;140;;Veicolo in marcia contro veicoli in sosta;Rettilineo;Una carreggiata a doppio senso;Asciutto;Asfaltata;Orizzontale;Sereno;Scarso;Buona;;3;0;0;0;12.3389;41.7045;-1;3;Autovettura privata;Sosta;;;;;;;
5933442;13;28/04/2022 10:25:00;Strada Urbana;LUNGOMARE AMERIGO VESPUCCI;in prossimit�;;del civico n.;140;;Veicolo in marcia contro veicoli in sosta;Rettilineo;Una carreggiata a doppio senso;Asciutto;Asfaltata;Orizzontale;Sereno;Scarso;Buona;;3;0;0;0;12.3389;41.7045;-1;4;Autovettura privata;Sosta;;;;;;;
5933442;13;28/04/2022 10:25:00;Strada Urbana;LUNGOMARE AMERIGO VESPUCCI;in prossimit�;;del civico n.;140;;Veicolo in marcia contro veicoli in sosta;Rettilineo;Una carreggiata a doppio senso;Asciutto;Asfaltata;Orizzontale;Sereno;Scarso;Buona;;3;0;0;0;12.3389;41.7045;-1;5;Autocarro inferiore 35 q.;Sosta;;;;;;;
5933542;6;28/04/2022 16:50:00;Strada Urbana;VIA ANTONIO TEMPESTA;in corrispondenza;;del civico n.;262;;Veicolo in marcia contro veicolo arresto;Rettilineo;Una carreggiata a senso unico di marcia;Asciutto;Asfaltata;Orizzontale;Sereno;Normale;Buona;;1;0;0;1;12.5405;41.8863;-1;1;Autocarro inferiore 35 q.;In marcia / fermata / arresto;Conducente;M;Illeso;0;;Non accertato;Inesploso
5933542;6;28/04/2022 16:50:00;Strada Urbana;VIA ANTONIO TEMPESTA;in corrispondenza;;del civico n.;262;;Veicolo in marcia contro veicolo arresto;Rettilineo;Una carreggiata a senso unico di marcia;Asciutto;Asfaltata;Orizzontale;Sereno;Normale;Buona;;1;0;0;1;12.5405;41.8863;-1;2;Velocipede;In marcia / fermata / arresto;Conducente;M;Rimandato;0;NON DECEDUTO;Esente;
5933550;12;28/04/2022 14:20:00;Statale;VIA PONTINA;da specificare;;;;direzione Latina km 12,800;Tamponamento Multiplo;Rettilineo;Due carreggiate;Asciutto;Asfaltata;Verticale ed orizzontale;Sereno;Intenso;Buona;;2;0;0;4;12.4515;41.7912;-1;1;Autovettura privata;In marcia / fermata / arresto;Conducente;M;Illeso;0;;;
5933550;12;28/04/2022 14:20:00;Statale;VIA PONTINA;da specificare;;;;direzione Latina km 12,800;Tamponamento Multiplo;Rettilineo;Due carreggiate;Asciutto;Asfaltata;Verticale ed orizzontale;Sereno;Intenso;Buona;;2;0;0;4;12.4515;41.7912;-1;1;Autovettura privata;In marcia / fermata / arresto;Passeggero;M;Illeso;0;;;
5933550;12;28/04/2022 14:20:00;Statale;VIA PONTINA;da specificare;;;;direzione Latina km 12,800;Tamponamento Multiplo;Rettilineo;Due carreggiate;Asciutto;Asfaltata;Verticale ed orizzontale;Sereno;Intenso;Buona;;2;0;0;4;12.4515;41.7912;-1;2;Autovettura privata;In marcia / fermata / arresto;Conducente;M;Rimandato;0;NON DECEDUTO;;
5933550;12;28/04/2022 14:20:00;Statale;VIA PONTINA;da specificare;;;;direzione Latina km 12,800;Tamponamento Multiplo;Rettilineo;Due carreggiate;Asciutto;Asfaltata;Verticale ed orizzontale;Sereno;Intenso;Buona;;2;0;0;4;12.4515;41.7912;-1;2;Autovettura privata;In marcia / fermata / arresto;Passeggero;M;Rimandato;0;NON DECEDUTO;;
5933550;12;28/04/2022 14:20:00;Statale;VIA PONTINA;da specificare;;;;direzione Latina km 12,800;Tamponamento Multiplo;Rettilineo;Due carreggiate;Asciutto;Asfaltata;Verticale ed orizzontale;Sereno;Intenso;Buona;;2;0;0;4;12.4515;41.7912;-1;3;Autovettura privata;In marcia / fermata / arresto;Conducente;M;Illeso;0;;;
5933550;12;28/04/2022 14:20:00;Statale;VIA PONTINA;da specificare;;;;direzione Latina km 12,800;Tamponamento Multiplo;Rettilineo;Due carreggiate;Asciutto;Asfaltata;Verticale ed orizzontale;Sereno;Intenso;Buona;;2;0;0;4;12.4515;41.7912;-1;3;Autovettura privata;In marcia / fermata / arresto;Passeggero;M;Illeso;0;;;
5933554;17;24/04/2022 13:30:00;Strada Urbana;PIAZZALE DEGLI EROI;da specificare;;;;fronte civico 10;Scontro frontale/laterale SX fra veicoli in marcia;Rotatoria;Una carreggiata a senso unico di marcia;Asciutto;Asfaltata;Verticale ed orizzontale;Sereno;Scarso;Buona;;0;0;0;2;12.4485;41.9091;-1;1;Autovettura privata;In marcia / fermata / arresto;Conducente;M;Illeso;0;;;
5933554;17;24/04/2022 13:30:00;Strada Urbana;PIAZZALE DEGLI EROI;da specificare;;;;fronte civico 10;Scontro frontale/laterale SX fra veicoli in marcia;Rotatoria;Una carreggiata a senso unico di marcia;Asciutto;Asfaltata;Verticale ed orizzontale;Sereno;Scarso;Buona;;0;0;0;2;12.4485;41.9091;-1;2;Autovettura privata;In marcia / fermata / arresto;Conducente;M;Illeso;0;;;
5933758;16;27/04/2022 18:00:00;Strada Urbana;VIA DEL CASALETTO;in corrispondenza;;del civico n.;527;;Scontro frontale/laterale SX fra veicoli in marcia;Rettilineo;Una carreggiata a doppio senso;Asciutto;Asfaltata;Verticale ed orizzontale;Sereno;Intenso;Buona;;1;0;0;2;12.4388;41.8595;-1;1;Autovettura privata;In marcia / fermata / arresto;Conducente;F;Illeso;0;;Non accertato;
5933758;16;27/04/2022 18:00:00;Strada Urbana;VIA DEL CASALETTO;in corrispondenza;;del civico n.;527;;Scontro frontale/laterale SX fra veicoli in marcia;Rettilineo;Una carreggiata a doppio senso;Asciutto;Asfaltata;Verticale ed orizzontale;Sereno;Intenso;Buona;;1;0;0;2;12.4388;41.8595;-1;2;Motociclo a solo;In marcia / fermata / arresto;Conducente;M;Rimandato;0;NON DECEDUTO;Non accertato;
5933758;16;27/04/2022 18:00:00;Strada Urbana;VIA DEL CASALETTO;in corrispondenza;;del civico n.;527;;Scontro frontale/laterale SX fra veicoli in marcia;Rettilineo;Una carreggiata a doppio senso;Asciutto;Asfaltata;Verticale ed orizzontale;Sereno;Intenso;Buona;;1;0;0;2;12.4388;41.8595;-1;3;Motociclo a solo;In marcia / fermata / arresto;Conducente;M;Illeso;0;;Non accertato;
5934019;11;27/04/2022 07:15:00;Strada Urbana;VIALE ALDO BALLARIN;all'intersezione con;VIALE DEL TINTORETTO;VIALE DEL TINTORETTO;;;Veicolo in marcia contro ostacolo fisso;Incrocio;Una carreggiata a senso unico di marcia;Asciutto;Asfaltata;Verticale ed orizzontale;Sereno;Normale;Buona;;0;0;0;1;12.4957;41.8336;-1;1;Autovettura privata;In marcia / fermata / arresto;Conducente;F;Illeso;0;;;
5934027;12;28/04/2022 14:15:00;Strada Urbana;VIA ALFONSINE;in corrispondenza;;del civico n.;8;;Scontro laterale fra veicoli in marcia;Rettilineo;Una carreggiata a doppio senso;Asciutto;Asfaltata;Verticale ed orizzontale;Sereno;Normale;Buona;;1;0;0;2;12.4263;41.7877;-1;1;Motociclo a solo;In marcia / fermata / arresto;Conducente;M;Ricoverato;0;NON DECEDUTO;Non accertato;
5934027;12;28/04/2022 14:15:00;Strada Urbana;VIA ALFONSINE;in corrispondenza;;del civico n.;8;;Scontro laterale fra veicoli in marcia;Rettilineo;Una carreggiata a doppio senso;Asciutto;Asfaltata;Verticale ed orizzontale;Sereno;Normale;Buona;;1;0;0;2;12.4263;41.7877;-1;2;Autovettura privata;In marcia / fermata / arresto;Conducente;F;Illeso;0;;Non accertato;Inesploso
5934027;12;28/04/2022 14:15:00;Strada Urbana;VIA ALFONSINE;in corrispondenza;;del civico n.;8;;Scontro laterale fra veicoli in marcia;Rettilineo;Una carreggiata a doppio senso;Asciutto;Asfaltata;Verticale ed orizzontale;Sereno;Normale;Buona;;1;0;0;2;12.4263;41.7877;-1;2;Autovettura privata;In marcia / fermata / arresto;Passeggero;M;Illeso;0;;Non accertato;
5934035;15;28/04/2022 12:20:00;Strada Urbana;VIA QUIRINO MAJORANA;in corrispondenza;;del civico n.;156;;Veicolo in marcia contro veicolo fermo;Rettilineo;Due carreggiate;Asciutto;Asfaltata;Orizzontale;Sereno;Normale;Buona;;0;0;0;3;12.4621;41.8687;-1;1;Autovettura privata;In marcia / fermata / arresto;Conducente;F;Illeso;0;;Non accertato;Inesploso
5934035;15;28/04/2022 12:20:00;Strada Urbana;VIA QUIRINO MAJORANA;in corrispondenza;;del civico n.;156;;Veicolo in marcia contro veicolo fermo;Rettilineo;Due carreggiate;Asciutto;Asfaltata;Orizzontale;Sereno;Normale;Buona;;0;0;0;3;12.4621;41.8687;-1;1;Autovettura privata;In marcia / fermata / arresto;Passeggero;F;Illeso;0;;Non accertato;Inesploso
5934035;15;28/04/2022 12:20:00;Strada Urbana;VIA QUIRINO MAJORANA;in corrispondenza;;del civico n.;156;;Veicolo in marcia contro veicolo fermo;Rettilineo;Due carreggiate;Asciutto;Asfaltata;Orizzontale;Sereno;Normale;Buona;;0;0;0;3;12.4621;41.8687;-1;2;Motociclo a solo;In marcia / fermata / arresto;Conducente;M;Illeso;0;;Non accertato;
5934040;11;28/04/2022 08:45:00;Strada Urbana;CIRCONVALLAZIONE OSTIENSE;in prossimit�;;del civico n.;134;;Investimento di pedone;Rettilineo;Due carreggiate;Asciutto;Asfaltata;Verticale ed orizzontale;Sereno;Normale;Buona;;2;0;0;2;12.4862;41.8671;-1;;;;Pedone;M;Rifiuta cure immediate;0;NON DECEDUTO;;
5934040;11;28/04/2022 08:45:00;Strada Urbana;CIRCONVALLAZIONE OSTIENSE;in prossimit�;;del civico n.;134;;Investimento di pedone;Rettilineo;Due carreggiate;Asciutto;Asfaltata;Verticale ed orizzontale;Sereno;Normale;Buona;;2;0;0;2;12.4862;41.8671;-1;;;;Pedone;F;Rimandato;0;NON DECEDUTO;;
5934040;11;28/04/2022 08:45:00;Strada Urbana;CIRCONVALLAZIONE OSTIENSE;in prossimit�;;del civico n.;134;;Investimento di pedone;Rettilineo;Due carreggiate;Asciutto;Asfaltata;Verticale ed orizzontale;Sereno;Normale;Buona;;2;0;0;2;12.4862;41.8671;-1;1;Autovettura privata;In marcia / fermata / arresto;Conducente;F;Illeso;0;;Non accertato;
5934040;11;28/04/2022 08:45:00;Strada Urbana;CIRCONVALLAZIONE OSTIENSE;in prossimit�;;del civico n.;134;;Investimento di pedone;Rettilineo;Due carreggiate;Asciutto;Asfaltata;Verticale ed orizzontale;Sereno;Normale;Buona;;2;0;0;2;12.4862;41.8671;-1;1;Autovettura privata;In marcia / fermata / arresto;Passeggero;M;Illeso;0;;Non accertato;Inesploso
5934041;11;28/04/2022 11:30:00;Strada Urbana;VIA CRISTOFORO COLOMBO;all'intersezione semaforizzata con;VIA OROPA;VIA OROPA;;;Tamponamento;Intersezione semaforizzata;Pi� di due carreggiate;Asciutto;Asfaltata;Verticale ed orizzontale;Sereno;Normale;Buona;;1;0;0;1;12.4807;41.8476;-1;1;Autovettura privata;In marcia / fermata / arresto;Conducente;M;Illeso;0;;Non accertato;
5934041;11;28/04/2022 11:30:00;Strada Urbana;VIA CRISTOFORO COLOMBO;all'intersezione semaforizzata con;VIA OROPA;VIA OROPA;;;Tamponamento;Intersezione semaforizzata;Pi� di due carreggiate;Asciutto;Asfaltata;Verticale ed orizzontale;Sereno;Normale;Buona;;1;0;0;1;12.4807;41.8476;-1;2;Autovettura privata;In marcia / fermata / arresto;Conducente;F;Rimandato;0;NON DECEDUTO;Non accertato;
5934051;11;28/04/2022 09:55:00;Strada Urbana;VIA PAOLO DI DONO;in prossimit�;;del palo luce n.;20;;Investimento di pedone;Rettilineo;Una carreggiata a senso unico di marcia;Asciutto;Asfaltata;Verticale ed orizzontale;Sereno;Intenso;Buona;;1;0;0;1;12.4936;41.8287;-1;;;;Pedone;F;Rimandato;0;NON DECEDUTO;;
5934051;11;28/04/2022 09:55:00;Strada Urbana;VIA PAOLO DI DONO;in prossimit�;;del palo luce n.;20;;Investimento di pedone;Rettilineo;Una carreggiata a senso unico di marcia;Asciutto;Asfaltata;Verticale ed orizzontale;Sereno;Intenso;Buona;;1;0;0;1;12.4936;41.8287;-1;1;Autovettura privata;In marcia / fermata / arresto;Conducente;M;Illeso;0;;;
5934067;7;28/04/2022 23:50:00;Strada Urbana;VIALE PALMIRO TOGLIATTI;in corrispondenza;;del civico n.;1637;;Infortunio per caduta del veicolo;Rettilineo;Due carreggiate;Asciutto;Asfaltata;Verticale ed orizzontale;Sereno;Scarso;Buona;;1;0;0;0;12.5678;41.9178;-1;1;Motociclo a solo;In marcia / fermata / arresto;Conducente;M;Rimandato;0;NON DECEDUTO;Non accertato;
5934072;12;28/04/2022 17:20:00;Strada Urbana;VIA CRISTOFORO COLOMBO;da specificare;;;;LATERALE, ALT. SVINCOLO "SHERATON";Scontro laterale fra veicoli in marcia;Rettilineo;Pi� di due carreggiate;Asciutto;Asfaltata;Verticale ed orizzontale;Sereno;Normale;Buona;;0;0;0;2;12.4757;41.8434;-1;1;Autovettura privata;In marcia / fermata / arresto;Conducente;F;Illeso;0;;Non accertato;Inesploso
5934072;12;28/04/2022 17:20:00;Strada Urbana;VIA CRISTOFORO COLOMBO;da specificare;;;;LATERALE, ALT. SVINCOLO "SHERATON";Scontro laterale fra veicoli in marcia;Rettilineo;Pi� di due carreggiate;Asciutto;Asfaltata;Verticale ed orizzontale;Sereno;Normale;Buona;;0;0;0;2;12.4757;41.8434;-1;2;Autovettura privata;In marcia / fermata / arresto;Conducente;F;Illeso;0;;;
5934078;10;28/04/2022 20:40:00;Strada Urbana;VIA ULDERICO MAZZOLANI;all'intersezione con;PIAZZA FABIO SABATINI;PIAZZA FABIO SABATINI;;;Veicolo in marcia contro ostacolo accidentale;Rotatoria;Una carreggiata a doppio senso;Asciutto;Asfaltata;Verticale ed orizzontale;Sereno;Scarso;Sufficiente;;0;0;0;1;12.5914;41.8466;-1;1;Autovettura privata;In marcia / fermata / arresto;Conducente;M;Illeso;0;;Non accertato;Inesploso
5934082;7;28/04/2022 18:30:00;Strada Urbana;VIALE DELLE GARDENIE;in corrispondenza;;del civico n.;131;;Investimento di pedone;Rettilineo;Una carreggiata a senso unico di marcia;Asciutto;Asfaltata;Verticale ed orizzontale;Sereno;Normale;Buona;;1;0;0;1;12.568;41.886;-1;;;;Pedone;F;Rimandato;0;NON DECEDUTO;;
5934082;7;28/04/2022 18:30:00;Strada Urbana;VIALE DELLE GARDENIE;in corrispondenza;;del civico n.;131;;Investimento di pedone;Rettilineo;Una carreggiata a senso unico di marcia;Asciutto;Asfaltata;Verticale ed orizzontale;Sereno;Normale;Buona;;1;0;0;1;12.568;41.886;-1;1;Autovettura privata;In marcia / fermata / arresto;Conducente;M;Illeso;0;;Non accertato;Inesploso
5934086;11;28/04/2022 16:30:00;Strada Urbana;VIA CRISTOFORO COLOMBO;in corrispondenza;;del palo luce n.;314;;Scontro laterale fra veicoli in marcia;Rettilineo;Pi� di due carreggiate;Asciutto;Asfaltata;Verticale ed orizzontale;Sereno;Normale;Buona;;0;0;0;3;12.4871;41.852;-1;1;Autovettura privata;In marcia / fermata / arresto;Conducente;F;Illeso;0;;;
5934086;11;28/04/2022 16:30:00;Strada Urbana;VIA CRISTOFORO COLOMBO;in corrispondenza;;del palo luce n.;314;;Scontro laterale fra veicoli in marcia;Rettilineo;Pi� di due carreggiate;Asciutto;Asfaltata;Verticale ed orizzontale;Sereno;Normale;Buona;;0;0;0;3;12.4871;41.852;-1;2;Autovettura privata;In marcia / fermata / arresto;Conducente;M;Illeso;0;;;
5934086;11;28/04/2022 16:30:00;Strada Urbana;VIA CRISTOFORO COLOMBO;in corrispondenza;;del palo luce n.;314;;Scontro laterale fra veicoli in marcia;Rettilineo;Pi� di due carreggiate;Asciutto;Asfaltata;Verticale ed orizzontale;Sereno;Normale;Buona;;0;0;0;3;12.4871;41.852;-1;2;Autovettura privata;In marcia / fermata / arresto;Passeggero;F;Illeso;0;;;
5934091;11;28/04/2022 20:20:00;Strada Urbana;VIA GABRIELLO CHIABRERA;in prossimit�;;del civico n.;193;;Infortunio per sola frenata improvvisa;Rettilineo;Due carreggiate;Asciutto;Asfaltata;Verticale ed orizzontale;Sereno;Scarso;Buona;;1;0;0;0;12.4789;41.8522;-1;1;Motociclo a solo;In marcia / fermata / arresto;Conducente;M;Rimandato;0;NON DECEDUTO;Non accertato;
5934104;11;28/04/2022 17:50:00;Strada Urbana;VIA ARDEATINA;in corrispondenza;;del palo luce n.;61;;Tamponamento;Rettilineo;Una carreggiata a doppio senso;Asciutto;Asfaltata;Verticale ed orizzontale;Sereno;Normale;Buona;;0;0;0;2;12.5255;41.8131;-1;1;Autovettura privata;In marcia / fermata / arresto;Conducente;F;Illeso;0;;;
5934104;11;28/04/2022 17:50:00;Strada Urbana;VIA ARDEATINA;in corrispondenza;;del palo luce n.;61;;Tamponamento;Rettilineo;Una carreggiata a doppio senso;Asciutto;Asfaltata;Verticale ed orizzontale;Sereno;Normale;Buona;;0;0;0;2;12.5255;41.8131;-1;2;Autovettura privata;In marcia / fermata / arresto;Conducente;M;Illeso;0;;;
5934115;12;28/04/2022 16:00:00;Strada Urbana;VIA DELLA DIVISIONE TORINO;da specificare;;;;FRONTE CIV. 7;Veicolo in marcia contro veicoli in sosta;Rettilineo;Una carreggiata a senso unico di marcia;Asciutto;Asfaltata;Verticale ed orizzontale;Sereno;Scarso;Buona;;0;0;0;1;12.4863;41.8215;-1;1;Autovettura privata;In marcia / fermata / arresto;Conducente;M;Illeso;0;;;
5934115;12;28/04/2022 16:00:00;Strada Urbana;VIA DELLA DIVISIONE TORINO;da specificare;;;;FRONTE CIV. 7;Veicolo in marcia contro veicoli in sosta;Rettilineo;Una carreggiata a senso unico di marcia;Asciutto;Asfaltata;Verticale ed orizzontale;Sereno;Scarso;Buona;;0;0;0;1;12.4863;41.8215;-1;2;Autovettura privata;Sosta;;;;;;;
5934115;12;28/04/2022 16:00:00;Strada Urbana;VIA DELLA DIVISIONE TORINO;da specificare;;;;FRONTE CIV. 7;Veicolo in marcia contro veicoli in sosta;Rettilineo;Una carreggiata a senso unico di marcia;Asciutto;Asfaltata;Verticale ed orizzontale;Sereno;Scarso;Buona;;0;0;0;1;12.4863;41.8215;-1;3;Autovettura privata;Sosta;;;;;;;
5934139;15;28/04/2022 16:45:00;Strada Urbana;VIA DELLA MAGLIANA;all'intersezione con;VIA DI S. PASSERA;VIA DI S. PASSERA;;;Infortunio per sola frenata improvvisa;Incrocio;Una carreggiata a doppio senso;Asciutto;Asfaltata;Verticale ed orizzontale;Sereno;Normale;Buona;;1;0;0;0;12.4196;41.8317;-1;1;Velocipede;In marcia / fermata / arresto;Conducente;M;Ricoverato;0;NON DECEDUTO;Esente;
5934143;3;28/04/2022 14:50:00;Strada Urbana;VIA NOMENTANA;all'intersezione semaforizzata con;VIALE GORIZIA;VIALE GORIZIA;;;Scontro laterale fra veicoli in marcia;Intersezione semaforizzata;Pi� di due carreggiate;Asciutto;Asfaltata;Verticale ed orizzontale;Sereno;Normale;Buona;;1;0;0;6;12.5124;41.9196;-1;1;Autovettura privata;In marcia / fermata / arresto;Conducente;M;Illeso;0;;;
5934143;3;28/04/2022 14:50:00;Strada Urbana;VIA NOMENTANA;all'intersezione semaforizzata con;VIALE GORIZIA;VIALE GORIZIA;;;Scontro laterale fra veicoli in marcia;Intersezione semaforizzata;Pi� di due carreggiate;Asciutto;Asfaltata;Verticale ed orizzontale;Sereno;Normale;Buona;;1;0;0;6;12.5124;41.9196;-1;1;Autovettura privata;In marcia / fermata / arresto;Passeggero;M;Illeso;0;;;
5934143;3;28/04/2022 14:50:00;Strada Urbana;VIA NOMENTANA;all'intersezione semaforizzata con;VIALE GORIZIA;VIALE GORIZIA;;;Scontro laterale fra veicoli in marcia;Intersezione semaforizzata;Pi� di due carreggiate;Asciutto;Asfaltata;Verticale ed orizzontale;Sereno;Normale;Buona;;1;0;0;6;12.5124;41.9196;-1;1;Autovettura privata;In marcia / fermata / arresto;Passeggero;F;Illeso;0;;;
5934143;3;28/04/2022 14:50:00;Strada Urbana;VIA NOMENTANA;all'intersezione semaforizzata con;VIALE GORIZIA;VIALE GORIZIA;;;Scontro laterale fra veicoli in marcia;Intersezione semaforizzata;Pi� di due carreggiate;Asciutto;Asfaltata;Verticale ed orizzontale;Sereno;Normale;Buona;;1;0;0;6;12.5124;41.9196;-1;1;Autovettura privata;In marcia / fermata / arresto;Passeggero;F;Illeso;0;;;
5934143;3;28/04/2022 14:50:00;Strada Urbana;VIA NOMENTANA;all'intersezione semaforizzata con;VIALE GORIZIA;VIALE GORIZIA;;;Scontro laterale fra veicoli in marcia;Intersezione semaforizzata;Pi� di due carreggiate;Asciutto;Asfaltata;Verticale ed orizzontale;Sereno;Normale;Buona;;1;0;0;6;12.5124;41.9196;-1;2;Motociclo a solo;In marcia / fermata / arresto;Conducente;M;Rimandato;0;NON DECEDUTO;;
5934143;3;28/04/2022 14:50:00;Strada Urbana;VIA NOMENTANA;all'intersezione semaforizzata con;VIALE GORIZIA;VIALE GORIZIA;;;Scontro laterale fra veicoli in marcia;Intersezione semaforizzata;Pi� di due carreggiate;Asciutto;Asfaltata;Verticale ed orizzontale;Sereno;Normale;Buona;;1;0;0;6;12.5124;41.9196;-1;3;Altro;In marcia / fermata / arresto;Conducente;M;Illeso;0;;;
5934143;3;28/04/2022 14:50:00;Strada Urbana;VIA NOMENTANA;all'intersezione semaforizzata con;VIALE GORIZIA;VIALE GORIZIA;;;Scontro laterale fra veicoli in marcia;Intersezione semaforizzata;Pi� di due carreggiate;Asciutto;Asfaltata;Verticale ed orizzontale;Sereno;Normale;Buona;;1;0;0;6;12.5124;41.9196;-1;3;Altro;In marcia / fermata / arresto;Passeggero;M;Illeso;0;;;
5934146;11;28/04/2022 22:45:00;Strada Urbana;VIALE GUGLIELMO MARCONI;all'intersezione semaforizzata con;VIA TULLIO LEVI CIVITA;VIA TULLIO LEVI CIVITA;;;Scontro frontale/laterale DX fra veicoli in marcia;Intersezione semaforizzata;Due carreggiate;Asciutto;Asfaltata;Verticale ed orizzontale;Sereno;Intenso;Buona;;0;0;0;1;12.4721;41.855;-1;1;Autocarro inferiore 35 q.;In marcia / fermata / arresto;Conducente;M;Illeso;0;;;
5934146;11;28/04/2022 22:45:00;Strada Urbana;VIALE GUGLIELMO MARCONI;all'intersezione semaforizzata con;VIA TULLIO LEVI CIVITA;VIA TULLIO LEVI CIVITA;;;Scontro frontale/laterale DX fra veicoli in marcia;Intersezione semaforizzata;Due carreggiate;Asciutto;Asfaltata;Verticale ed orizzontale;Sereno;Intenso;Buona;;0;0;0;1;12.4721;41.855;-1;2;Autovettura privata;Allontanatosi;;;;;;;
5934154;20;28/04/2022 09:10:00;Statale entro l'abitato;VIA ALESSANDRO FLEMING;in corrispondenza;;della chilometrica;13;;Tamponamento;Rettilineo;Due carreggiate;Asciutto;Asfaltata;Verticale ed orizzontale;Sereno;Normale;Buona;;0;0;0;2;12.4733;41.9391;-1;1;Autovettura privata;In marcia / fermata / arresto;Conducente;F;Illeso;0;;Non accertato;
5934154;20;28/04/2022 09:10:00;Statale entro l'abitato;VIA ALESSANDRO FLEMING;in corrispondenza;;della chilometrica;13;;Tamponamento;Rettilineo;Due carreggiate;Asciutto;Asfaltata;Verticale ed orizzontale;Sereno;Normale;Buona;;0;0;0;2;12.4733;41.9391;-1;2;Autovettura privata;In marcia / fermata / arresto;Conducente;F;Illeso;0;;;
5934158;12;26/04/2022 17:10:00;Provinciale;VIA DEL MARE;da specificare;;;;KM 13+400 DIR. OSTIA;Tamponamento Multiplo;Rettilineo;Una carreggiata a doppio senso;Asciutto;Asfaltata;Verticale ed orizzontale;Sereno;Normale;Buona;;0;0;0;6;12.4137;41.7979;-1;1;Autovettura privata;In marcia / fermata / arresto;Conducente;M;Illeso;0;;Non accertato;Inesploso
5934158;12;26/04/2022 17:10:00;Provinciale;VIA DEL MARE;da specificare;;;;KM 13+400 DIR. OSTIA;Tamponamento Multiplo;Rettilineo;Una carreggiata a doppio senso;Asciutto;Asfaltata;Verticale ed orizzontale;Sereno;Normale;Buona;;0;0;0;6;12.4137;41.7979;-1;1;Autovettura privata;In marcia / fermata / arresto;Passeggero;F;Illeso;0;;Non accertato;Inesploso
5934158;12;26/04/2022 17:10:00;Provinciale;VIA DEL MARE;da specificare;;;;KM 13+400 DIR. OSTIA;Tamponamento Multiplo;Rettilineo;Una carreggiata a doppio senso;Asciutto;Asfaltata;Verticale ed orizzontale;Sereno;Normale;Buona;;0;0;0;6;12.4137;41.7979;-1;2;Autovettura privata;In marcia / fermata / arresto;Conducente;M;Illeso;0;;Non accertato;Inesploso
5934158;12;26/04/2022 17:10:00;Provinciale;VIA DEL MARE;da specificare;;;;KM 13+400 DIR. OSTIA;Tamponamento Multiplo;Rettilineo;Una carreggiata a doppio senso;Asciutto;Asfaltata;Verticale ed orizzontale;Sereno;Normale;Buona;;0;0;0;6;12.4137;41.7979;-1;2;Autovettura privata;In marcia / fermata / arresto;Passeggero;F;Illeso;0;;Non accertato;Inesploso
5934158;12;26/04/2022 17:10:00;Provinciale;VIA DEL MARE;da specificare;;;;KM 13+400 DIR. OSTIA;Tamponamento Multiplo;Rettilineo;Una carreggiata a doppio senso;Asciutto;Asfaltata;Verticale ed orizzontale;Sereno;Normale;Buona;;0;0;0;6;12.4137;41.7979;-1;3;Autovettura privata;In marcia / fermata / arresto;Conducente;M;Illeso;0;;Non accertato;Inesploso
5934158;12;26/04/2022 17:10:00;Provinciale;VIA DEL MARE;da specificare;;;;KM 13+400 DIR. OSTIA;Tamponamento Multiplo;Rettilineo;Una carreggiata a doppio senso;Asciutto;Asfaltata;Verticale ed orizzontale;Sereno;Normale;Buona;;0;0;0;6;12.4137;41.7979;-1;4;Autovettura privata;In marcia / fermata / arresto;Conducente;M;Illeso;0;;Non accertato;Esploso
5934160;5;28/04/2022 11:55:00;Strada Urbana;VIA FILIPPO MEDA;in prossimit�;;del civico n.;59;;Investimento di pedone;Rettilineo;Una carreggiata a doppio senso;Asciutto;Asfaltata;Verticale ed orizzontale;Sereno;Normale;Buona;;0;0;0;3;12.5429;41.913;-1;;;;Pedone;M;Illeso;0;;;
5934160;5;28/04/2022 11:55:00;Strada Urbana;VIA FILIPPO MEDA;in prossimit�;;del civico n.;59;;Investimento di pedone;Rettilineo;Una carreggiata a doppio senso;Asciutto;Asfaltata;Verticale ed orizzontale;Sereno;Normale;Buona;;0;0;0;3;12.5429;41.913;-1;1;Autovettura privata;In marcia / fermata / arresto;Conducente;M;Illeso;0;;Non accertato;
5934160;5;28/04/2022 11:55:00;Strada Urbana;VIA FILIPPO MEDA;in prossimit�;;del civico n.;59;;Investimento di pedone;Rettilineo;Una carreggiata a doppio senso;Asciutto;Asfaltata;Verticale ed orizzontale;Sereno;Normale;Buona;;0;0;0;3;12.5429;41.913;-1;1;Autovettura privata;In marcia / fermata / arresto;Passeggero;F;Illeso;0;;Non accertato;