Protocollo;Gruppo;DataOraIncidente;Localizzazione1;STRADA1;Localizzazione2;STRADA2;Strada02;Chilometrica;DaSpecificare;NaturaIncidente;particolaritastrade;TipoStrada;FondoStradale;Pavimentazione;Segnaletica;CondizioneAtmosferica;Traffico;Visibilita;Illuminazione;NUM_FERITI;NUM_RISERVATA;NUM_MORTI;NUM_ILLESI;Longitude;Latitude;Confermato;Progressivo;TipoVeicolo;StatoVeicolo;TipoPersona;Sesso;Tipolesione;Deceduto;DecedutoDopo;CinturaCascoUtilizzato;Airbag;
5934337;8;28/04/2022 10:53:00;Strada Urbana;VIALE DELLA SORBONA;in prossimit�;;del civico n.;501;;Scontro laterale fra veicoli in marcia;Rettilineo;Una carreggiata a senso unico di marcia;Asciutto;Asfaltata;Verticale ed orizzontale;Sereno;Normale;Buona;;1;0;0;1;12.6155;41.8561;-1;2;Autovettura privata;In marcia / fermata / arresto;Conducente;M;Ricoverato;0;NON DECEDUTO;;
5934346;8;28/04/2022 18:55:00;Strada Urbana;VIA CASILINA;all'intersezione con;VIA DI ROCCA CENCIA;VIA DI ROCCA CENCIA;;;Investimento di pedone;Incrocio;Una carreggiata a doppio senso;Asciutto;Asfaltata;Verticale ed orizzontale;Sereno;Normale;Buona;;1;0;0;1;12.6212;41.8626;-1;;;;Pedone;M;Ricoverato;0;NON DECEDUTO;;
5934346;8;28/04/2022 18:55:00;Strada Urbana;VIA CASILINA;all'intersezione con;VIA DI ROCCA CENCIA;VIA DI ROCCA CENCIA;;;Investimento di pedone;Incrocio;Una carreggiata a doppio senso;Asciutto;Asfaltata;Verticale ed orizzontale;Sereno;Normale;Buona;;1;0;0;1;12.6212;41.8626;-1;1;Autovettura privata;In marcia / fermata / arresto;Conducente;M;Illeso;0;;Non accertato;Inesploso
5934352;8;28/04/2022 13:15:00;Strada Urbana;VIA DELLA RISERVA NUOVA;in prossimit�;;del civico n.;32;;Scontro frontale/laterale DX fra veicoli in marcia;Rettilineo;Una carreggiata a doppio senso;Asciutto;Asfaltata;Assente;Sereno;Normale;Buona;;0;0;0;2;12.6803;41.892;-1;1;Autovettura privata;In marcia / fermata / arresto;Conducente;F;Illeso;0;;Non accertato;Inesploso
5934352;8;28/04/2022 13:15:00;Strada Urbana;VIA DELLA RISERVA NUOVA;in prossimit�;;del civico n.;32;;Scontro frontale/laterale DX fra veicoli in marcia;Rettilineo;Una carreggiata a doppio senso;Asciutto;Asfaltata;Assente;Sereno;Normale;Buona;;0;0;0;2;12.6803;41.892;-1;2;Autovettura privata;In marcia / fermata / arresto;Conducente;F;Illeso;0;;Non accertato;Inesploso
5934365;12;28/04/2022 13:50:00;Strada Urbana;VIALE IGNAZIO SILONE;in prossimit�;;del civico n.;109;;Scontro laterale fra veicoli in marcia;Rettilineo;Due carreggiate;Asciutto;Asfaltata;Verticale ed orizzontale;Sereno;Normale;Buona;;2;0;0;1;12.4794;41.8143;-1;1;Autobus di linea;In marcia / fermata / arresto;Conducente;M;Illeso;0;;Non accertato;Inesploso
5934365;12;28/04/2022 13:50:00;Strada Urbana;VIALE IGNAZIO SILONE;in prossimit�;;del civico n.;109;;Scontro laterale fra veicoli in marcia;Rettilineo;Due carreggiate;Asciutto;Asfaltata;Verticale ed orizzontale;Sereno;Normale;Buona;;2;0;0;1;12.4794;41.8143;-1;2;Motociclo con passeggero;In marcia / fermata / arresto;Conducente;M;Rimandato;0;NON DECEDUTO;;
5934365;12;28/04/2022 13:50:00;Strada Urbana;VIALE IGNAZIO SILONE;in prossimit�;;del civico n.;109;;Scontro laterale fra veicoli in marcia;Rettilineo;Due carreggiate;Asciutto;Asfaltata;Verticale ed orizzontale;Sereno;Normale;Buona;;2;0;0;1;12.4794;41.8143;-1;2;Motociclo con passeggero;In marcia / fermata / arresto;Passeggero;F;Rimandato;0;NON DECEDUTO;;
5934366;8;28/04/2022 17:50:00;Strada Urbana;VIA BERNARDO MINOZZI;all'intersezione con;VIA ORAZIO BORGIANNI;VIA ORAZIO BORGIANNI;;;Scontro laterale fra veicoli in marcia;Intersezione stradale segnalata;Una carreggiata a senso unico di marcia;Asciutto;Asfaltata;Verticale;Sereno;Scarso;Buona;;0;0;0;3;12.6278;41.8698;-1;1;Autovettura privata;In marcia / fermata / arresto;Conducente;M;Illeso;0;;;
5934366;8;28/04/2022 17:50:00;Strada Urbana;VIA BERNARDO MINOZZI;all'intersezione con;VIA ORAZIO BORGIANNI;VIA ORAZIO BORGIANNI;;;Scontro laterale fra veicoli in marcia;Intersezione stradale segnalata;Una carreggiata a senso unico di marcia;Asciutto;Asfaltata;Verticale;Sereno;Scarso;Buona;;0;0;0;3;12.6278;41.8698;-1;1;Autovettura privata;In marcia / fermata / arresto;Passeggero;M;Illeso;0;;;
5934366;8;28/04/2022 17:50:00;Strada Urbana;VIA BERNARDO MINOZZI;all'intersezione con;VIA ORAZIO BORGIANNI;VIA ORAZIO BORGIANNI;;;Scontro laterale fra veicoli in marcia;Intersezione stradale segnalata;Una carreggiata a senso unico di marcia;Asciutto;Asfaltata;Verticale;Sereno;Scarso;Buona;;0;0;0;3;12.6278;41.8698;-1;2;Autovettura privata;In marcia / fermata / arresto;Conducente;M;Illeso;0;;;
5934375;8;28/04/2022 08:55:00;Strada Urbana;VIA DI VERMICINO;all'intersezione con;VIA MISILMERI;VIA MISILMERI;;;Tamponamento;Incrocio;Una carreggiata a doppio senso;Asciutto;Asfaltata;Assente;Sereno;Intenso;Buona;;1;0;0;3;12.661;41.8422;-1;1;Autovettura privata;In marcia / fermata / arresto;Conducente;M;Illeso;0;;Non accertato;Inesploso
5934375;8;28/04/2022 08:55:00;Strada Urbana;VIA DI VERMICINO;all'intersezione con;VIA MISILMERI;VIA MISILMERI;;;Tamponamento;Incrocio;Una carreggiata a doppio senso;Asciutto;Asfaltata;Assente;Sereno;Intenso;Buona;;1;0;0;3;12.661;41.8422;-1;2;Autovettura privata;In marcia / fermata / arresto;Conducente;M;Illeso;0;;Non accertato;Inesploso
5934375;8;28/04/2022 08:55:00;Strada Urbana;VIA DI VERMICINO;all'intersezione con;VIA MISILMERI;VIA MISILMERI;;;Tamponamento;Incrocio;Una carreggiata a doppio senso;Asciutto;Asfaltata;Assente;Sereno;Intenso;Buona;;1;0;0;3;12.661;41.8422;-1;2;Autovettura privata;In marcia / fermata / arresto;Passeggero;F;Illeso;0;;Non accertato;Inesploso
5934375;8;28/04/2022 08:55:00;Strada Urbana;VIA DI VERMICINO;all'intersezione con;VIA MISILMERI;VIA MISILMERI;;;Tamponamento;Incrocio;Una carreggiata a doppio senso;Asciutto;Asfaltata;Assente;Sereno;Intenso;Buona;;1;0;0;3;12.661;41.8422;-1;2;Autovettura privata;In marcia / fermata / arresto;Passeggero;M;Rifiuta cure immediate;0;NON DECEDUTO;Non accertato;Inesploso
5934387;18;28/04/2022 08:20:00;Strada Urbana;VIA PIO IX;in prossimit�;;del civico n.;193;;Veicolo in marcia contro veicolo in sosta;Rettilineo;Una carreggiata a doppio senso;Asciutto;Asfaltata;Verticale ed orizzontale;Sereno;Normale;Buona;;0;0;0;3;12.423;41.9094;-1;1;Autovettura privata;In marcia / fermata / arresto;Conducente;M;Illeso;0;;Non accertato;Inesploso
5934387;18;28/04/2022 08:20:00;Strada Urbana;VIA PIO IX;in prossimit�;;del civico n.;193;;Veicolo in marcia contro veicolo in sosta;Rettilineo;Una carreggiata a doppio senso;Asciutto;Asfaltata;Verticale ed orizzontale;Sereno;Normale;Buona;;0;0;0;3;12.423;41.9094;-1;2;Autovettura privata;Sosta;Passeggero;M;Illeso;0;;;
5934387;18;28/04/2022 08:20:00;Strada Urbana;VIA PIO IX;in prossimit�;;del civico n.;193;;Veicolo in marcia contro veicolo in sosta;Rettilineo;Una carreggiata a doppio senso;Asciutto;Asfaltata;Verticale ed orizzontale;Sereno;Normale;Buona;;0;0;0;3;12.423;41.9094;-1;2;Autovettura privata;Sosta;Passeggero;M;Illeso;0;;;
5934393;13;28/04/2022 15:45:00;;VIA TANCREDI CHIARALUCE;in corrispondenza;;del civico n.;46;;Scontro laterale fra veicoli in marcia;;;;;;;;;;0;0;0;2;;;0;1;Autovettura privata;In marcia / fermata / arresto;Conducente;M;Illeso;0;;Non accertato;Inesploso
5934393;13;28/04/2022 15:45:00;;VIA TANCREDI CHIARALUCE;in corrispondenza;;del civico n.;46;;Scontro laterale fra veicoli in marcia;;;;;;;;;;0;0;0;2;;;0;2;Motociclo a solo;In marcia / fermata / arresto;Conducente;M;Illeso;0;;Non accertato;
5934406;20;28/04/2022 14:50:00;Strada Urbana;VIA FLAMINIA NUOVA;in corrispondenza;;del civico n.;830;;Veicolo in marcia contro veicolo arresto;Rettilineo;Pi� di due carreggiate;Asciutto;Asfaltata;Verticale ed orizzontale;Sereno;Normale;Buona;;0;0;0;2;12.4831;41.9561;-1;1;Autovettura privata;In marcia / fermata / arresto;Conducente;M;Illeso;0;;;
5934406;20;28/04/2022 14:50:00;Strada Urbana;VIA FLAMINIA NUOVA;in corrispondenza;;del civico n.;830;;Veicolo in marcia contro veicolo arresto;Rettilineo;Pi� di due carreggiate;Asciutto;Asfaltata;Verticale ed orizzontale;Sereno;Normale;Buona;;0;0;0;2;12.4831;41.9561;-1;2;Autocarro inferiore 35 q.;In marcia / fermata / arresto;Conducente;M;Illeso;0;;;
5934411;18;28/04/2022 12:45:00;Strada Urbana;VIA AURELIA;in prossimit�;;del civico n.;709;;Tamponamento;Rettilineo;Pi� di due carreggiate;Asciutto;Asfaltata;Verticale ed orizzontale;Sereno;Normale;Buona;;1;0;0;2;12.4145;41.8928;-1;1;Autovettura privata;In marcia / fermata / arresto;Conducente;M;Rimandato;0;NON DECEDUTO;Non accertato;Inesploso
5934411;18;28/04/2022 12:45:00;Strada Urbana;VIA AURELIA;in prossimit�;;del civico n.;709;;Tamponamento;Rettilineo;Pi� di due carreggiate;Asciutto;Asfaltata;Verticale ed orizzontale;Sereno;Normale;Buona;;1;0;0;2;12.4145;41.8928;-1;1;Autovettura privata;In marcia / fermata / arresto;Passeggero;F;Illeso;0;;Non accertato;Inesploso
5934411;18;28/04/2022 12:45:00;Strada Urbana;VIA AURELIA;in prossimit�;;del civico n.;709;;Tamponamento;Rettilineo;Pi� di due carreggiate;Asciutto;Asfaltata;Verticale ed orizzontale;Sereno;Normale;Buona;;1;0;0;2;12.4145;41.8928;-1;2;Autovettura privata;In marcia / fermata / arresto;Conducente;F;Illeso;0;;Non accertato;Inesploso
5934429;13;27/04/2022 15:25:00;Strada Urbana;VIA CRISTOFORO COLOMBO;da specificare;;;;prox. via canale della lingua;Tamponamento;Rettilineo;Pi� di due carreggiate;Asciutto;Asfaltata;Verticale ed orizzontale;Sereno;Normale;Buona;;0;0;0;2;12.3456;41.7363;-1;1;Autovettura privata;In marcia / fermata / arresto;Conducente;M;Illeso;0;;Non accertato;Inesploso
5934429;13;27/04/2022 15:25:00;Strada Urbana;VIA CRISTOFORO COLOMBO;da specificare;;;;prox. via canale della lingua;Tamponamento;Rettilineo;Pi� di due carreggiate;Asciutto;Asfaltata;Verticale ed orizzontale;Sereno;Normale;Buona;;0;0;0;2;12.3456;41.7363;-1;2;Autovettura privata;In marcia / fermata / arresto;Conducente;F;Illeso;0;;Non accertato;
5934431;2;29/04/2022 05:40:00;Strada Urbana;VIA SALARIA;in prossimit�;;del civico n.;267;;Scontro laterale fra veicoli in marcia;Rettilineo;Una carreggiata a doppio senso;Asciutto;Asfaltata;Verticale ed orizzontale;Sereno;Scarso;Buona;;0;0;0;3;12.5023;41.9262;-1;1;Autovettura privata;In marcia / fermata / arresto;Conducente;M;Illeso;0;;;
5934431;2;29/04/2022 05:40:00;Strada Urbana;VIA SALARIA;in prossimit�;;del civico n.;267;;Scontro laterale fra veicoli in marcia;Rettilineo;Una carreggiata a doppio senso;Asciutto;Asfaltata;Verticale ed orizzontale;Sereno;Scarso;Buona;;0;0;0;3;12.5023;41.9262;-1;1;Autovettura privata;In marcia / fermata / arresto;Passeggero;M;Illeso;0;;;
5934431;2;29/04/2022 05:40:00;Strada Urbana;VIA SALARIA;in prossimit�;;del civico n.;267;;Scontro laterale fra veicoli in marcia;Rettilineo;Una carreggiata a doppio senso;Asciutto;Asfaltata;Verticale ed orizzontale;Sereno;Scarso;Buona;;0;0;0;3;12.5023;41.9262;-1;2;Autovettura privata;In marcia / fermata / arresto;Conducente;F;Illeso;0;;;
5934459;15;28/04/2022 19:15:00;Strada Urbana;VIA POGGIO VERDE;da specificare;;;;prossimit� fronte civico 31;Veicolo in marcia che urta buche nella carreggiata;Rettilineo;Una carreggiata a doppio senso;Asciutto;Asfaltata;Verticale ed orizzontale;Sereno;Intenso;Buona;;1;0;0;0;12.4159;41.8534;-1;1;Monopattino elettrico;In marcia / fermata / arresto;Conducente;M;Rimandato;0;NON DECEDUTO;Non accertato;
5934469;20;28/04/2022 17:20:00;Strada Urbana;VIA VALLE DELLA STORTA;in corrispondenza;;del civico n.;78;;Veicolo in marcia contro veicolo in sosta;Rettilineo;Una carreggiata a doppio senso;Asciutto;Asfaltata;Assente;Sereno;Scarso;Buona;;0;0;0;2;12.3811;42.0131;-1;1;Autovettura privata;In marcia / fermata / arresto;Conducente;F;Illeso;0;;;
5934469;20;28/04/2022 17:20:00;Strada Urbana;VIA VALLE DELLA STORTA;in corrispondenza;;del civico n.;78;;Veicolo in marcia contro veicolo in sosta;Rettilineo;Una carreggiata a doppio senso;Asciutto;Asfaltata;Assente;Sereno;Scarso;Buona;;0;0;0;2;12.3811;42.0131;-1;2;Autovettura privata;Sosta;Passeggero;F;Illeso;0;;;
5934478;20;28/04/2022 16:30:00;Strada Urbana;VIA CASSIA;all'intersezione con;VIA DELLA GIUSTINIANA;VIA DELLA GIUSTINIANA;;;Scontro frontale/laterale SX fra veicoli in marcia;Intersezione semaforizzata;Una carreggiata a doppio senso;Asciutto;Asfaltata;Verticale ed orizzontale;Sereno;Intenso;Buona;;0;0;0;2;12.4137;41.9828;-1;1;Autovettura privata;In marcia / fermata / arresto;Conducente;F;Illeso;0;;Non accertato;
5934478;20;28/04/2022 16:30:00;Strada Urbana;VIA CASSIA;all'intersezione con;VIA DELLA GIUSTINIANA;VIA DELLA GIUSTINIANA;;;Scontro frontale/laterale SX fra veicoli in marcia;Intersezione semaforizzata;Una carreggiata a doppio senso;Asciutto;Asfaltata;Verticale ed orizzontale;Sereno;Intenso;Buona;;0;0;0;2;12.4137;41.9828;-1;2;Autovettura privata;In marcia / fermata / arresto;Conducente;M;Illeso;0;;Non accertato;Inesploso
5934497;2;29/04/2022 05:50:00;Strada Urbana;VIA PINCIANA;in prossimit�;;del civico n.;75;;Scontro frontale/laterale SX fra veicoli in marcia;Rettilineo;Una carreggiata a doppio senso;Asciutto;Asfaltata;Verticale ed orizzontale;Sereno;Normale;Buona;;0;0;0;2;12.4916;41.9111;-1;1;Autovettura privata;In marcia / fermata / arresto;Conducente;M;Illeso;0;;Non accertato;Inesploso
5934497;2;29/04/2022 05:50:00;Strada Urbana;VIA PINCIANA;in prossimit�;;del civico n.;75;;Scontro frontale/laterale SX fra veicoli in marcia;Rettilineo;Una carreggiata a doppio senso;Asciutto;Asfaltata;Verticale ed orizzontale;Sereno;Normale;Buona;;0;0;0;2;12.4916;41.9111;-1;2;Autocarro inferiore 35 q.;In marcia / fermata / arresto;Conducente;M;Illeso;0;;Non accertato;Inesploso
5934513;13;28/04/2022 18:00:00;Strada Urbana;VIALE PAOLO ORLANDO;all'intersezione con;VIA LUIGI BORSARI;VIA LUIGI BORSARI;;;Scontro frontale/laterale SX fra veicoli in marcia;Intersezione stradale segnalata;Una carreggiata a doppio senso;Asciutto;Asfaltata;Verticale ed orizzontale;Sereno;Normale;Buona;;2;0;0;1;12.2868;41.7307;-1;1;Autovettura privata;In marcia / fermata / arresto;Conducente;M;Rimandato;0;NON DECEDUTO;;
5934513;13;28/04/2022 18:00:00;Strada Urbana;VIALE PAOLO ORLANDO;all'intersezione con;VIA LUIGI BORSARI;VIA LUIGI BORSARI;;;Scontro frontale/laterale SX fra veicoli in marcia;Intersezione stradale segnalata;Una carreggiata a doppio senso;Asciutto;Asfaltata;Verticale ed orizzontale;Sereno;Normale;Buona;;2;0;0;1;12.2868;41.7307;-1;1;Autovettura privata;In marcia / fermata / arresto;Passeggero;F;Rimandato;0;NON DECEDUTO;Non accertato;Inesploso
5934513;13;28/04/2022 18:00:00;Strada Urbana;VIALE PAOLO ORLANDO;all'intersezione con;VIA LUIGI BORSARI;VIA LUIGI BORSARI;;;Scontro frontale/laterale SX fra veicoli in marcia;Intersezione stradale segnalata;Una carreggiata a doppio senso;Asciutto;Asfaltata;Verticale ed orizzontale;Sereno;Normale;Buona;;2;0;0;1;12.2868;41.7307;-1;2;Autovettura privata;In marcia / fermata / arresto;Conducente;F;Illeso;0;;;
5934520;6;28/04/2022;Strada Urbana;VIA CASILINA;da specificare;;;;alt. civ. 419-419/C;Veicolo in marcia contro veicolo in sosta;Rettilineo;Due carreggiate;Asciutto;Asfaltata;Verticale ed orizzontale;Sereno;Normale;Buona;;0;0;0;0;12.6212;41.8626;-1;2;Autovettura privata;Sosta;;;;;;;
5934531;13;29/04/2022 09:00:00;;CORSO DUCA DI GENOVA;all'intersezione con;VIA DELLE SIRENE;VIA DELLE SIRENE;;;Scontro frontale/laterale SX fra veicoli in marcia;;;;;;;;;;0;0;0;2;12.2715;41.7339;0;1;Autovettura privata;In marcia / fermata / arresto;Conducente;M;Illeso;0;;Non accertato;Inesploso
5934531;13;29/04/2022 09:00:00;;CORSO DUCA DI GENOVA;all'intersezione con;VIA DELLE SIRENE;VIA DELLE SIRENE;;;Scontro frontale/laterale SX fra veicoli in marcia;;;;;;;;;;0;0;0;2;12.2715;41.7339;0;2;Autovettura privata;In marcia / fermata / arresto;Conducente;M;Illeso;0;;Non accertato;Inesploso
5934542;20;28/04/2022 17:50:00;Strada Urbana;VIA FRASSINETO;all'intersezione con;VIA DORNO;VIA DORNO;;;Tamponamento;Incrocio;Una carreggiata a senso unico di marcia;Asciutto;Asfaltata;Verticale ed orizzontale;Sereno;Normale;Buona;;0;0;0;5;12.4865;42;-1;1;Autovettura privata;In marcia / fermata / arresto;Conducente;M;Illeso;0;;;
5934542;20;28/04/2022 17:50:00;Strada Urbana;VIA FRASSINETO;all'intersezione con;VIA DORNO;VIA DORNO;;;Tamponamento;Incrocio;Una carreggiata a senso unico di marcia;Asciutto;Asfaltata;Verticale ed orizzontale;Sereno;Normale;Buona;;0;0;0;5;12.4865;42;-1;2;Autovettura privata;In marcia / fermata / arresto;Conducente;F;Illeso;0;;;
5934542;20;28/04/2022 17:50:00;Strada Urbana;VIA FRASSINETO;all'intersezione con;VIA DORNO;VIA DORNO;;;Tamponamento;Incrocio;Una carreggiata a senso unico di marcia;Asciutto;Asfaltata;Verticale ed orizzontale;Sereno;Normale;Buona;;0;0;0;5;12.4865;42;-1;2;Autovettura privata;In marcia / fermata / arresto;Passeggero;M;Illeso;0;;;
5934542;20;28/04/2022 17:50:00;Strada Urbana;VIA FRASSINETO;all'intersezione con;VIA DORNO;VIA DORNO;;;Tamponamento;Incrocio;Una carreggiata a senso unico di marcia;Asciutto;Asfaltata;Verticale ed orizzontale;Sereno;Normale;Buona;;0;0;0;5;12.4865;42;-1;2;Autovettura privata;In marcia / fermata / arresto;Passeggero;M;Illeso;0;;;
5934542;20;28/04/2022 17:50:00;Strada Urbana;VIA FRASSINETO;all'intersezione con;VIA DORNO;VIA DORNO;;;Tamponamento;Incrocio;Una carreggiata a senso unico di marcia;Asciutto;Asfaltata;Verticale ed orizzontale;Sereno;Normale;Buona;;0;0;0;5;12.4865;42;-1;2;Autovettura privata;In marcia / fermata / arresto;Passeggero;F;Illeso;0;;;
5934552;1;28/04/2022 18:50:00;Strada Urbana;LUNGOTEVERE DEGLI ANGUILLARA;all'intersezione con;PIAZZA DELLA GENSOLA;PIAZZA DELLA GENSOLA;;;Infortunio per sola frenata improvvisa;Intersezione non regolata/non segnalata;Una carreggiata a senso unico di marcia;Asciutto;Asfaltata;Verticale ed orizzontale;Sereno;Normale;Buona;;1;0;0;0;;;0;1;Monopattino elettrico;In marcia / fermata / arresto;Conducente;F;Rimandato;0;NON DECEDUTO;;
5934600;18;29/04/2022 08:40:00;Strada Urbana;VIA DELLA MAGLIANELLA;in prossimit�;;del civico n.;268;;Tamponamento;Rettilineo;Una carreggiata a doppio senso;Asciutto;Asfaltata;Orizzontale;Sereno;Normale;Buona;;0;0;0;2;12.3829;41.9101;-1;1;Autocarro inferiore 35 q.;In marcia / fermata / arresto;Conducente;M;Illeso;0;;Non accertato;Inesploso
5934600;18;29/04/2022 08:40:00;Strada Urbana;VIA DELLA MAGLIANELLA;in prossimit�;;del civico n.;268;;Tamponamento;Rettilineo;Una carreggiata a doppio senso;Asciutto;Asfaltata;Orizzontale;Sereno;Normale;Buona;;0;0;0;2;12.3829;41.9101;-1;2;Autovettura pubblica;In marcia / fermata / arresto;Conducente;M;Illeso;0;;;
5934602;1;28/04/2022 09:55:00;Strada Urbana;PIAZZA CARDELLI;all'intersezione con;VIA DELLA SCROFA;VIA DELLA SCROFA;;;Investimento di pedone;Incrocio;Una carreggiata a senso unico di marcia;Asciutto;In cubetti di porfido;Orizzontale;Sereno;Normale;Buona;;1;0;0;1;12.4753;41.9028;-1;;;;Pedone;F;Rimandato;0;NON DECEDUTO;;
5934602;1;28/04/2022 09:55:00;Strada Urbana;PIAZZA CARDELLI;all'intersezione con;VIA DELLA SCROFA;VIA DELLA SCROFA;;;Investimento di pedone;Incrocio;Una carreggiata a senso unico di marcia;Asciutto;In cubetti di porfido;Orizzontale;Sereno;Normale;Buona;;1;0;0;1;12.4753;41.9028;-1;1;Autocarro inferiore 35 q.;In marcia / fermata / arresto;Conducente;M;Illeso;0;;;
5934606;19;28/04/2022 08:30:00;Strada Urbana;VIA FRANCESCO MARCONI;all'intersezione con;VIA ALESSANDRO VII;VIA ALESSANDRO VII;;;Scontro frontale/laterale SX fra veicoli in marcia;Intersezione non regolata/non segnalata;Una carreggiata a doppio senso;Asciutto;Asfaltata;Verticale ed orizzontale;Sereno;Intenso;Buona;;0;0;0;6;12.4236;41.9239;-1;1;Autovettura privata;In marcia / fermata / arresto;Conducente;M;Illeso;0;;Non accertato;
5934606;19;28/04/2022 08:30:00;Strada Urbana;VIA FRANCESCO MARCONI;all'intersezione con;VIA ALESSANDRO VII;VIA ALESSANDRO VII;;;Scontro frontale/laterale SX fra veicoli in marcia;Intersezione non regolata/non segnalata;Una carreggiata a doppio senso;Asciutto;Asfaltata;Verticale ed orizzontale;Sereno;Intenso;Buona;;0;0;0;6;12.4236;41.9239;-1;1;Autovettura privata;In marcia / fermata / arresto;Passeggero;F;Illeso;0;;Non accertato;
5934606;19;28/04/2022 08:30:00;Strada Urbana;VIA FRANCESCO MARCONI;all'intersezione con;VIA ALESSANDRO VII;VIA ALESSANDRO VII;;;Scontro frontale/laterale SX fra veicoli in marcia;Intersezione non regolata/non segnalata;Una carreggiata a doppio senso;Asciutto;Asfaltata;Verticale ed orizzontale;Sereno;Intenso;Buona;;0;0;0;6;12.4236;41.9239;-1;1;Autovettura privata;In marcia / fermata / arresto;Passeggero;F;Illeso;0;;;
5934606;19;28/04/2022 08:30:00;Strada Urbana;VIA FRANCESCO MARCONI;all'intersezione con;VIA ALESSANDRO VII;VIA ALESSANDRO VII;;;Scontro frontale/laterale SX fra veicoli in marcia;Intersezione non regolata/non segnalata;Una carreggiata a doppio senso;Asciutto;Asfaltata;Verticale ed orizzontale;Sereno;Intenso;Buona;;0;0;0;6;12.4236;41.9239;-1;1;Autovettura privata;In marcia / fermata / arresto;Passeggero;M;Illeso;0;;;
5934606;19;28/04/2022 08:30:00;Strada Urbana;VIA FRANCESCO MARCONI;all'intersezione con;VIA ALESSANDRO VII;VIA ALESSANDRO VII;;;Scontro frontale/laterale SX fra veicoli in marcia;Intersezione non regolata/non segnalata;Una carreggiata a doppio senso;Asciutto;Asfaltata;Verticale ed orizzontale;Sereno;Intenso;Buona;;0;0;0;6;12.4236;41.9239;-1;1;Autovettura privata;In marcia / fermata / arresto;Passeggero;M;Illeso;0;;;
5934606;19;28/04/2022 08:30:00;Strada Urbana;VIA FRANCESCO MARCONI;all'intersezione con;VIA ALESSANDRO VII;VIA ALESSANDRO VII;;;Scontro frontale/laterale SX fra veicoli in marcia;Intersezione non regolata/non segnalata;Una carreggiata a doppio senso;Asciutto;Asfaltata;Verticale ed orizzontale;Sereno;Intenso;Buona;;0;0;0;6;12.4236;41.9239;-1;2;Autovettura privata;In marcia / fermata / arresto;Conducente;M;Illeso;0;;Non accertato;
5934608;17;29/04/2022;Strada Urbana;PIAZZALE CLODIO;all'intersezione semaforizzata con;VIALE GIOVANNI FALCONE E PAOLO BORSELLINO;VIALE GIOVANNI FALCONE E PAOLO BORSELLINO;;;Scontro laterale fra veicoli in marcia;Intersezione semaforizzata;Due carreggiate;Asciutto;Asfaltata;Verticale ed orizzontale;Sereno;Scarso;Buona;;1;0;0;2;12.4546;41.9169;-1;1;Autovettura privata;In marcia / fermata / arresto;Conducente;M;Illeso;0;;;
5934608;17;29/04/2022;Strada Urbana;PIAZZALE CLODIO;all'intersezione semaforizzata con;VIALE GIOVANNI FALCONE E PAOLO BORSELLINO;VIALE GIOVANNI FALCONE E PAOLO BORSELLINO;;;Scontro laterale fra veicoli in marcia;Intersezione semaforizzata;Due carreggiate;Asciutto;Asfaltata;Verticale ed orizzontale;Sereno;Scarso;Buona;;1;0;0;2;12.4546;41.9169;-1;2;Motociclo con passeggero;In marcia / fermata / arresto;Conducente;M;Rimandato;0;NON DECEDUTO;;
5934608;17;29/04/2022;Strada Urbana;PIAZZALE CLODIO;all'intersezione semaforizzata con;VIALE GIOVANNI FALCONE E PAOLO BORSELLINO;VIALE GIOVANNI FALCONE E PAOLO BORSELLINO;;;Scontro laterale fra veicoli in marcia;Intersezione semaforizzata;Due carreggiate;Asciutto;Asfaltata;Verticale ed orizzontale;Sereno;Scarso;Buona;;1;0;0;2;12.4546;41.9169;-1;2;Motociclo con passeggero;In marcia / fermata / arresto;Passeggero;M;Illeso;0;;;
5934636;9;28/04/2022 22:05:00;Strada Urbana;VIA NOCERA UMBRA;all'intersezione con;VIA TUSCOLANA;VIA TUSCOLANA;;;Scontro laterale fra veicoli in marcia;Intersezione semaforizzata;Due carreggiate;Asciutto;Asfaltata;Verticale ed orizzontale;Sereno;Scarso;Buona;;0;0;0;3;12.526;41.8767;-1;1;Autovettura privata;In marcia / fermata / arresto;Conducente;M;Illeso;0;;Non accertato;Inesploso
5934636;9;28/04/2022 22:05:00;Strada Urbana;VIA NOCERA UMBRA;all'intersezione con;VIA TUSCOLANA;VIA TUSCOLANA;;;Scontro laterale fra veicoli in marcia;Intersezione semaforizzata;Due carreggiate;Asciutto;Asfaltata;Verticale ed orizzontale;Sereno;Scarso;Buona;;0;0;0;3;12.526;41.8767;-1;2;Autovettura privata;In marcia / fermata / arresto;Conducente;M;Illeso;0;;Non accertato;Inesploso
5934636;9;28/04/2022 22:05:00;Strada Urbana;VIA NOCERA UMBRA;all'intersezione con;VIA TUSCOLANA;VIA TUSCOLANA;;;Scontro laterale fra veicoli in marcia;Intersezione semaforizzata;Due carreggiate;Asciutto;Asfaltata;Verticale ed orizzontale;Sereno;Scarso;Buona;;0;0;0;3;12.526;41.8767;-1;2;Autovettura privata;In marcia / fermata / arresto;Passeggero;F;Illeso;0;;Non accertato;Inesploso
5934660;1;28/04/2022 12:50:00;Strada Urbana;VIALE AVENTINO;all'intersezione semaforizzata con;VIA DEL CIRCO MASSIMO;VIA DEL CIRCO MASSIMO;;;Scontro frontale/laterale DX fra veicoli in marcia;Intersezione semaforizzata;Due carreggiate;Asciutto;In cubetti di porfido;Verticale ed orizzontale;Sereno;Intenso;Buona;;2;0;0;1;12.4864;41.8824;-1;1;Motociclo con passeggero;In marcia / fermata / arresto;Conducente;M;Rimandato;0;NON DECEDUTO;;