Protocollo;Gruppo;DataOraIncidente;Localizzazione1;STRADA1;Localizzazione2;STRADA2;Strada02;Chilometrica;DaSpecificare;NaturaIncidente;particolaritastrade;TipoStrada;FondoStradale;Pavimentazione;Segnaletica;CondizioneAtmosferica;Traffico;Visibilita;Illuminazione;NUM_FERITI;NUM_RISERVATA;NUM_MORTI;NUM_ILLESI;Longitude;Latitude;Confermato;Progressivo;TipoVeicolo;StatoVeicolo;TipoPersona;Sesso;Tipolesione;Deceduto;DecedutoDopo;CinturaCascoUtilizzato;Airbag;
5937172;20;30/04/2022 12:30:00;Strada Urbana;VIA CONCESIO;in prossimit�;;del palo luce n.;18;;Tamponamento;Rettilineo;Una carreggiata a doppio senso;Asciutto;Asfaltata;Verticale ed orizzontale;Sereno;Scarso;Buona;;1;0;0;1;12.4835;42.0078;-1;2;Velocipede;In marcia / fermata / arresto;Conducente;M;Rimandato;0;NON DECEDUTO;Esente;
5937197;20;30/04/2022 12:45:00;Strada Urbana;VIA ORIOLO ROMANO;da specificare;;;;fronte VIA CHIANCIANO (Dir. via DEI DUE PONTI);Veicolo in marcia contro ostacolo accidentale;Rettilineo;Una carreggiata a doppio senso;Asciutto;Asfaltata;Verticale ed orizzontale;Sereno;Scarso;Buona;;1;0;0;0;12.4614;41.9616;-1;1;Motociclo a solo;In marcia / fermata / arresto;Conducente;M;Rimandato;0;NON DECEDUTO;;
5937218;7;30/04/2022 21:15:00;Strada Urbana;VIALE DELLA PRIMAVERA;all'intersezione con;PIAZZALE DELLE GARDENIE;PIAZZALE DELLE GARDENIE;;;Scontro frontale/laterale DX fra veicoli in marcia;Incrocio;Due carreggiate;Asciutto;Asfaltata;Verticale ed orizzontale;Sereno;Normale;Buona;;1;0;0;3;12.5604;41.8814;-1;1;Autovettura privata;In marcia / fermata / arresto;Conducente;M;Illeso;0;;Non accertato;Inesploso
5937218;7;30/04/2022 21:15:00;Strada Urbana;VIALE DELLA PRIMAVERA;all'intersezione con;PIAZZALE DELLE GARDENIE;PIAZZALE DELLE GARDENIE;;;Scontro frontale/laterale DX fra veicoli in marcia;Incrocio;Due carreggiate;Asciutto;Asfaltata;Verticale ed orizzontale;Sereno;Normale;Buona;;1;0;0;3;12.5604;41.8814;-1;1;Autovettura privata;In marcia / fermata / arresto;Passeggero;M;Illeso;0;;Non accertato;Inesploso
5937218;7;30/04/2022 21:15:00;Strada Urbana;VIALE DELLA PRIMAVERA;all'intersezione con;PIAZZALE DELLE GARDENIE;PIAZZALE DELLE GARDENIE;;;Scontro frontale/laterale DX fra veicoli in marcia;Incrocio;Due carreggiate;Asciutto;Asfaltata;Verticale ed orizzontale;Sereno;Normale;Buona;;1;0;0;3;12.5604;41.8814;-1;2;Motociclo con passeggero;In marcia / fermata / arresto;Conducente;M;Rimandato;0;NON DECEDUTO;Non accertato;
5937218;7;30/04/2022 21:15:00;Strada Urbana;VIALE DELLA PRIMAVERA;all'intersezione con;PIAZZALE DELLE GARDENIE;PIAZZALE DELLE GARDENIE;;;Scontro frontale/laterale DX fra veicoli in marcia;Incrocio;Due carreggiate;Asciutto;Asfaltata;Verticale ed orizzontale;Sereno;Normale;Buona;;1;0;0;3;12.5604;41.8814;-1;2;Motociclo con passeggero;In marcia / fermata / arresto;Passeggero;M;Illeso;0;;Non accertato;
5937235;13;30/04/2022 18:15:00;Strada Urbana;PIAZZALE AMERIGO VESPUCCI;all'intersezione con;VIA LITORANEA;VIA LITORANEA;;;Scontro frontale/laterale DX fra veicoli in marcia;Incrocio;Una carreggiata a doppio senso;Asciutto;Asfaltata;Verticale ed orizzontale;Sereno;Normale;Buona;;2;0;0;2;12.323;41.713;-1;1;Autovettura privata;In marcia / fermata / arresto;Conducente;M;Illeso;0;;Non accertato;Inesploso
5937235;13;30/04/2022 18:15:00;Strada Urbana;PIAZZALE AMERIGO VESPUCCI;all'intersezione con;VIA LITORANEA;VIA LITORANEA;;;Scontro frontale/laterale DX fra veicoli in marcia;Incrocio;Una carreggiata a doppio senso;Asciutto;Asfaltata;Verticale ed orizzontale;Sereno;Normale;Buona;;2;0;0;2;12.323;41.713;-1;1;Autovettura privata;In marcia / fermata / arresto;Passeggero;F;Illeso;0;;Non accertato;Inesploso
5937235;13;30/04/2022 18:15:00;Strada Urbana;PIAZZALE AMERIGO VESPUCCI;all'intersezione con;VIA LITORANEA;VIA LITORANEA;;;Scontro frontale/laterale DX fra veicoli in marcia;Incrocio;Una carreggiata a doppio senso;Asciutto;Asfaltata;Verticale ed orizzontale;Sereno;Normale;Buona;;2;0;0;2;12.323;41.713;-1;2;Autovettura privata;In marcia / fermata / arresto;Conducente;F;Rimandato;0;NON DECEDUTO;Non accertato;Esploso
5937235;13;30/04/2022 18:15:00;Strada Urbana;PIAZZALE AMERIGO VESPUCCI;all'intersezione con;VIA LITORANEA;VIA LITORANEA;;;Scontro frontale/laterale DX fra veicoli in marcia;Incrocio;Una carreggiata a doppio senso;Asciutto;Asfaltata;Verticale ed orizzontale;Sereno;Normale;Buona;;2;0;0;2;12.323;41.713;-1;2;Autovettura privata;In marcia / fermata / arresto;Passeggero;F;Rimandato;0;NON DECEDUTO;Non accertato;
5937236;18;30/04/2022 18:15:00;Strada Urbana;VIA ANASTASIO II;in prossimit�;;del civico n.;282;;Scontro frontale/laterale DX fra veicoli in marcia;Rettilineo;Due carreggiate;Asciutto;Asfaltata;Orizzontale;Sereno;Normale;Buona;;1;0;0;2;12.4424;41.9011;-1;1;Autobus turistico;In marcia / fermata / arresto;Conducente;M;Illeso;0;;Non accertato;Inesploso
5937236;18;30/04/2022 18:15:00;Strada Urbana;VIA ANASTASIO II;in prossimit�;;del civico n.;282;;Scontro frontale/laterale DX fra veicoli in marcia;Rettilineo;Due carreggiate;Asciutto;Asfaltata;Orizzontale;Sereno;Normale;Buona;;1;0;0;2;12.4424;41.9011;-1;2;Autovettura privata;In marcia / fermata / arresto;Conducente;F;Illeso;0;;Non accertato;Inesploso
5937236;18;30/04/2022 18:15:00;Strada Urbana;VIA ANASTASIO II;in prossimit�;;del civico n.;282;;Scontro frontale/laterale DX fra veicoli in marcia;Rettilineo;Due carreggiate;Asciutto;Asfaltata;Orizzontale;Sereno;Normale;Buona;;1;0;0;2;12.4424;41.9011;-1;3;Autovettura privata;In marcia / fermata / arresto;Conducente;F;Rimandato;0;NON DECEDUTO;Non accertato;Inesploso
5937248;18;30/04/2022 16:09:00;Strada Urbana;VIA AURELIA;all'intersezione con;VIA PIETRO CIRIACI;VIA PIETRO CIRIACI;;;Scontro laterale fra veicoli in marcia;Intersezione stradale segnalata;Una carreggiata a doppio senso;Asciutto;Asfaltata;Verticale ed orizzontale;Sereno;Normale;Buona;;0;0;0;3;12.4012;41.8861;-1;1;Motociclo a solo;In marcia / fermata / arresto;Conducente;M;Illeso;0;;Non accertato;
5937248;18;30/04/2022 16:09:00;Strada Urbana;VIA AURELIA;all'intersezione con;VIA PIETRO CIRIACI;VIA PIETRO CIRIACI;;;Scontro laterale fra veicoli in marcia;Intersezione stradale segnalata;Una carreggiata a doppio senso;Asciutto;Asfaltata;Verticale ed orizzontale;Sereno;Normale;Buona;;0;0;0;3;12.4012;41.8861;-1;1;Motociclo a solo;In marcia / fermata / arresto;Passeggero;F;Illeso;0;;Non accertato;
5937248;18;30/04/2022 16:09:00;Strada Urbana;VIA AURELIA;all'intersezione con;VIA PIETRO CIRIACI;VIA PIETRO CIRIACI;;;Scontro laterale fra veicoli in marcia;Intersezione stradale segnalata;Una carreggiata a doppio senso;Asciutto;Asfaltata;Verticale ed orizzontale;Sereno;Normale;Buona;;0;0;0;3;12.4012;41.8861;-1;2;Motociclo a solo;In marcia / fermata / arresto;Conducente;M;Illeso;0;;Non accertato;
5937262;18;30/04/2022 22:45:00;Strada Urbana;VIA RISERVA DELLA TORRETTA;all'intersezione con;VIA DELLA MAGLIANELLA;VIA DELLA MAGLIANELLA;;;Tamponamento Multiplo;Intersezione stradale segnalata;Una carreggiata a doppio senso;Asciutto;Asfaltata;Verticale ed orizzontale;Sereno;Scarso;Sufficiente;;0;0;0;3;12.386;41.8872;-1;1;Autovettura privata;In marcia / fermata / arresto;Conducente;M;Illeso;0;;Non accertato;Inesploso
5937262;18;30/04/2022 22:45:00;Strada Urbana;VIA RISERVA DELLA TORRETTA;all'intersezione con;VIA DELLA MAGLIANELLA;VIA DELLA MAGLIANELLA;;;Tamponamento Multiplo;Intersezione stradale segnalata;Una carreggiata a doppio senso;Asciutto;Asfaltata;Verticale ed orizzontale;Sereno;Scarso;Sufficiente;;0;0;0;3;12.386;41.8872;-1;2;Autovettura privata;In marcia / fermata / arresto;Conducente;F;Illeso;0;;Non accertato;Inesploso
5937262;18;30/04/2022 22:45:00;Strada Urbana;VIA RISERVA DELLA TORRETTA;all'intersezione con;VIA DELLA MAGLIANELLA;VIA DELLA MAGLIANELLA;;;Tamponamento Multiplo;Intersezione stradale segnalata;Una carreggiata a doppio senso;Asciutto;Asfaltata;Verticale ed orizzontale;Sereno;Scarso;Sufficiente;;0;0;0;3;12.386;41.8872;-1;3;Autovettura privata;In marcia / fermata / arresto;Conducente;M;Illeso;0;;Non accertato;Inesploso
5937406;6;29/04/2022 18:15:00;Strada Urbana;VIALE DELL'ACQUEDOTTO ALESSANDRINO;in corrispondenza;;del civico n.;103;;Investimento di pedone;Pendenza;Una carreggiata a senso unico di marcia;Asciutto;Asfaltata;Orizzontale;Sole radente;Scarso;Sufficiente;;1;0;0;1;12.5443;41.8761;-1;;;;Pedone;M;Rimandato;0;NON DECEDUTO;;
5937406;6;29/04/2022 18:15:00;Strada Urbana;VIALE DELL'ACQUEDOTTO ALESSANDRINO;in corrispondenza;;del civico n.;103;;Investimento di pedone;Pendenza;Una carreggiata a senso unico di marcia;Asciutto;Asfaltata;Orizzontale;Sole radente;Scarso;Sufficiente;;1;0;0;1;12.5443;41.8761;-1;1;Autovettura privata;In marcia / fermata / arresto;Conducente;M;Illeso;0;;;
5937419;6;30/04/2022 07:10:00;Strada Urbana;VIA AUGUSTO DULCERI;in prossimit�;;del civico n.;60;;Scontro laterale fra veicoli in marcia;Rettilineo;Una carreggiata a doppio senso;Asciutto;Asfaltata;Orizzontale;Sereno;Scarso;Buona;;0;0;0;2;12.5358;41.8827;-1;1;Autovettura privata;In marcia / fermata / arresto;Conducente;M;Illeso;0;;;
5937419;6;30/04/2022 07:10:00;Strada Urbana;VIA AUGUSTO DULCERI;in prossimit�;;del civico n.;60;;Scontro laterale fra veicoli in marcia;Rettilineo;Una carreggiata a doppio senso;Asciutto;Asfaltata;Orizzontale;Sereno;Scarso;Buona;;0;0;0;2;12.5358;41.8827;-1;2;Autovettura privata;In marcia / fermata / arresto;Conducente;M;Illeso;0;;;
5937459;6;30/04/2022 17:20:00;Strada Urbana;VIA DEGLI ARVALI;in corrispondenza;;del civico n.;43;;Veicolo in marcia contro veicolo in sosta;Rettilineo;Una carreggiata a senso unico di marcia;Asciutto;Asfaltata;Verticale ed orizzontale;Sereno;Scarso;Buona;;0;0;0;1;12.5458;41.8697;-1;1;Autovettura privata;In marcia / fermata / arresto;Conducente;M;Illeso;0;;;
5937459;6;30/04/2022 17:20:00;Strada Urbana;VIA DEGLI ARVALI;in corrispondenza;;del civico n.;43;;Veicolo in marcia contro veicolo in sosta;Rettilineo;Una carreggiata a senso unico di marcia;Asciutto;Asfaltata;Verticale ed orizzontale;Sereno;Scarso;Buona;;0;0;0;1;12.5458;41.8697;-1;2;Autovettura privata;Sosta;;;;;;;
5937488;6;30/04/2022 19:00:00;Strada Urbana;VIALE DELLA SERENISSIMA;in corrispondenza;;del civico n.;85;;Tamponamento Multiplo;Rettilineo;Due carreggiate;Asciutto;Asfaltata;Verticale ed orizzontale;Sereno;Normale;Buona;;0;0;0;5;12.5583;41.8972;-1;1;Autovettura privata;In marcia / fermata / arresto;Conducente;M;Illeso;0;;;
5937488;6;30/04/2022 19:00:00;Strada Urbana;VIALE DELLA SERENISSIMA;in corrispondenza;;del civico n.;85;;Tamponamento Multiplo;Rettilineo;Due carreggiate;Asciutto;Asfaltata;Verticale ed orizzontale;Sereno;Normale;Buona;;0;0;0;5;12.5583;41.8972;-1;1;Autovettura privata;In marcia / fermata / arresto;Passeggero;M;Illeso;0;;;
5937488;6;30/04/2022 19:00:00;Strada Urbana;VIALE DELLA SERENISSIMA;in corrispondenza;;del civico n.;85;;Tamponamento Multiplo;Rettilineo;Due carreggiate;Asciutto;Asfaltata;Verticale ed orizzontale;Sereno;Normale;Buona;;0;0;0;5;12.5583;41.8972;-1;1;Autovettura privata;In marcia / fermata / arresto;Passeggero;M;Illeso;0;;;
5937488;6;30/04/2022 19:00:00;Strada Urbana;VIALE DELLA SERENISSIMA;in corrispondenza;;del civico n.;85;;Tamponamento Multiplo;Rettilineo;Due carreggiate;Asciutto;Asfaltata;Verticale ed orizzontale;Sereno;Normale;Buona;;0;0;0;5;12.5583;41.8972;-1;2;Autovettura privata;In marcia / fermata / arresto;Conducente;M;Illeso;0;;;
5937488;6;30/04/2022 19:00:00;Strada Urbana;VIALE DELLA SERENISSIMA;in corrispondenza;;del civico n.;85;;Tamponamento Multiplo;Rettilineo;Due carreggiate;Asciutto;Asfaltata;Verticale ed orizzontale;Sereno;Normale;Buona;;0;0;0;5;12.5583;41.8972;-1;3;Autovettura privata;In marcia / fermata / arresto;Conducente;F;Illeso;0;;;
5937490;12;30/04/2022 13:00:00;Strada Urbana;VIALE BEATA VERGINE DEL CARMELO;da specificare;;;;fronte civico 97;Veicolo in marcia contro veicolo in sosta;Rettilineo;Una carreggiata a doppio senso;Asciutto;Asfaltata;Verticale ed orizzontale;Sereno;Scarso;Buona;;0;0;0;0;12.441;41.8072;-1;1;Autovettura privata;Sosta;;;;;;;
5937490;12;30/04/2022 13:00:00;Strada Urbana;VIALE BEATA VERGINE DEL CARMELO;da specificare;;;;fronte civico 97;Veicolo in marcia contro veicolo in sosta;Rettilineo;Una carreggiata a doppio senso;Asciutto;Asfaltata;Verticale ed orizzontale;Sereno;Scarso;Buona;;0;0;0;0;12.441;41.8072;-1;2;Altro;Allontanatosi;;;;;;;
5937504;6;30/04/2022 23:40:00;Strada Urbana;VIA TIBURTINA;in corrispondenza;;del civico n.;722;;Scontro laterale fra veicoli in marcia;Rettilineo;Due carreggiate;Asciutto;Asfaltata;Verticale ed orizzontale;Sereno;Normale;Sufficiente;;1;0;0;1;12.5517;41.9116;-1;1;Autovettura privata;In marcia / fermata / arresto;Conducente;M;Illeso;0;;;
5937504;6;30/04/2022 23:40:00;Strada Urbana;VIA TIBURTINA;in corrispondenza;;del civico n.;722;;Scontro laterale fra veicoli in marcia;Rettilineo;Due carreggiate;Asciutto;Asfaltata;Verticale ed orizzontale;Sereno;Normale;Sufficiente;;1;0;0;1;12.5517;41.9116;-1;2;Motociclo a solo;In marcia / fermata / arresto;Conducente;M;Rifiuta cure immediate;0;NON DECEDUTO;;
5937616;8;29/04/2022 07:25:00;Strada Urbana;VIA CASILINA;all'intersezione con;VIA DELLE DUE TORRI;VIA DELLE DUE TORRI;;;Scontro laterale fra veicoli in marcia;Intersezione semaforizzata;Una carreggiata a doppio senso;Asciutto;Asfaltata;Verticale ed orizzontale;Sereno;Normale;Buona;;1;0;0;1;12.6509;41.8632;-1;1;Autovettura privata;In marcia / fermata / arresto;Conducente;F;Illeso;0;;Non accertato;Inesploso
5937616;8;29/04/2022 07:25:00;Strada Urbana;VIA CASILINA;all'intersezione con;VIA DELLE DUE TORRI;VIA DELLE DUE TORRI;;;Scontro laterale fra veicoli in marcia;Intersezione semaforizzata;Una carreggiata a doppio senso;Asciutto;Asfaltata;Verticale ed orizzontale;Sereno;Normale;Buona;;1;0;0;1;12.6509;41.8632;-1;2;Motociclo a solo;In marcia / fermata / arresto;Conducente;M;Rifiuta cure immediate;0;NON DECEDUTO;Non accertato;
5937621;8;29/04/2022 09:00:00;Strada Urbana;VIA CASILINA;da specificare;;;;alt. V.LE DI TOR BELLA MONACA sopra cavalcavia ;Tamponamento Multiplo;Rettilineo;Una carreggiata a doppio senso;Asciutto;Asfaltata;Verticale ed orizzontale;Sereno;Normale;Buona;;1;0;0;1;12.6212;41.8626;-1;1;Autovettura privata;Allontanatosi;;;;;;;
5937621;8;29/04/2022 09:00:00;Strada Urbana;VIA CASILINA;da specificare;;;;alt. V.LE DI TOR BELLA MONACA sopra cavalcavia ;Tamponamento Multiplo;Rettilineo;Una carreggiata a doppio senso;Asciutto;Asfaltata;Verticale ed orizzontale;Sereno;Normale;Buona;;1;0;0;1;12.6212;41.8626;-1;2;Autovettura privata;In marcia / fermata / arresto;Conducente;M;Illeso;0;;;
5937621;8;29/04/2022 09:00:00;Strada Urbana;VIA CASILINA;da specificare;;;;alt. V.LE DI TOR BELLA MONACA sopra cavalcavia ;Tamponamento Multiplo;Rettilineo;Una carreggiata a doppio senso;Asciutto;Asfaltata;Verticale ed orizzontale;Sereno;Normale;Buona;;1;0;0;1;12.6212;41.8626;-1;3;Motociclo a solo;In marcia / fermata / arresto;Conducente;M;Rimandato;0;NON DECEDUTO;;
5937624;8;29/04/2022 09:45:00;Strada Urbana;VIA GAGLIANO DEL CAPO;in corrispondenza;;del civico n.;3;;Veicolo in marcia contro veicolo in sosta;Rettilineo;Una carreggiata a doppio senso;Asciutto;Asfaltata;Verticale ed orizzontale;Sereno;Normale;Buona;;0;0;0;1;12.6555;41.8565;-1;1;Autovettura privata;In marcia / fermata / arresto;Conducente;M;Illeso;0;;;
5937624;8;29/04/2022 09:45:00;Strada Urbana;VIA GAGLIANO DEL CAPO;in corrispondenza;;del civico n.;3;;Veicolo in marcia contro veicolo in sosta;Rettilineo;Una carreggiata a doppio senso;Asciutto;Asfaltata;Verticale ed orizzontale;Sereno;Normale;Buona;;0;0;0;1;12.6555;41.8565;-1;2;Autovettura privata;Sosta;;;;;;;
5937626;8;29/04/2022 10:25:00;Strada Urbana;VIA CASILINA;all'intersezione con;VIA WALTER TOBAGI;VIA WALTER TOBAGI;;;Scontro frontale/laterale DX fra veicoli in marcia;Incrocio;Una carreggiata a doppio senso;Asciutto;Asfaltata;Verticale ed orizzontale;Sereno;Intenso;Buona;;0;0;0;2;12.5969;41.8666;-1;1;Autovettura privata;In marcia / fermata / arresto;Conducente;M;Illeso;0;;Non accertato;Inesploso
5937626;8;29/04/2022 10:25:00;Strada Urbana;VIA CASILINA;all'intersezione con;VIA WALTER TOBAGI;VIA WALTER TOBAGI;;;Scontro frontale/laterale DX fra veicoli in marcia;Incrocio;Una carreggiata a doppio senso;Asciutto;Asfaltata;Verticale ed orizzontale;Sereno;Intenso;Buona;;0;0;0;2;12.5969;41.8666;-1;2;Autovettura privata;In marcia / fermata / arresto;Conducente;M;Illeso;0;;Non accertato;Inesploso
5937629;8;29/04/2022 13:40:00;Strada Urbana;VIA SERRULE;all'intersezione con;VIA CAMPOFIORITO;VIA CAMPOFIORITO;;;Scontro frontale/laterale SX fra veicoli in marcia;Incrocio;Una carreggiata a senso unico di marcia;Asciutto;Asfaltata;Assente;Sereno;Normale;Buona;;2;0;0;1;12.6889;41.8644;-1;1;Autovettura privata;In marcia / fermata / arresto;Conducente;F;Illeso;0;;Non accertato;Inesploso
5937629;8;29/04/2022 13:40:00;Strada Urbana;VIA SERRULE;all'intersezione con;VIA CAMPOFIORITO;VIA CAMPOFIORITO;;;Scontro frontale/laterale SX fra veicoli in marcia;Incrocio;Una carreggiata a senso unico di marcia;Asciutto;Asfaltata;Assente;Sereno;Normale;Buona;;2;0;0;1;12.6889;41.8644;-1;2;Autovettura privata;In marcia / fermata / arresto;Conducente;F;Rimandato;0;NON DECEDUTO;Non accertato;Inesploso
5937629;8;29/04/2022 13:40:00;Strada Urbana;VIA SERRULE;all'intersezione con;VIA CAMPOFIORITO;VIA CAMPOFIORITO;;;Scontro frontale/laterale SX fra veicoli in marcia;Incrocio;Una carreggiata a senso unico di marcia;Asciutto;Asfaltata;Assente;Sereno;Normale;Buona;;2;0;0;1;12.6889;41.8644;-1;2;Autovettura privata;In marcia / fermata / arresto;Passeggero;M;Rifiuta cure immediate;0;NON DECEDUTO;Non accertato;Inesploso
5937630;12;30/04/2022 16:45:00;Statale;VIA PONTINA;da specificare;;;;km 12.100 direzione Roma centro;Tamponamento;Rettilineo;Due carreggiate;Asciutto;Asfaltata;Verticale ed orizzontale;Sereno;Normale;Buona;;1;0;0;3;12.4549;41.8043;-1;1;Autovettura privata;In marcia / fermata / arresto;Conducente;M;Illeso;0;;;
5937630;12;30/04/2022 16:45:00;Statale;VIA PONTINA;da specificare;;;;km 12.100 direzione Roma centro;Tamponamento;Rettilineo;Due carreggiate;Asciutto;Asfaltata;Verticale ed orizzontale;Sereno;Normale;Buona;;1;0;0;3;12.4549;41.8043;-1;1;Autovettura privata;In marcia / fermata / arresto;Passeggero;F;Illeso;0;;;
5937630;12;30/04/2022 16:45:00;Statale;VIA PONTINA;da specificare;;;;km 12.100 direzione Roma centro;Tamponamento;Rettilineo;Due carreggiate;Asciutto;Asfaltata;Verticale ed orizzontale;Sereno;Normale;Buona;;1;0;0;3;12.4549;41.8043;-1;1;Autovettura privata;In marcia / fermata / arresto;Passeggero;F;Illeso;0;;;
5937630;12;30/04/2022 16:45:00;Statale;VIA PONTINA;da specificare;;;;km 12.100 direzione Roma centro;Tamponamento;Rettilineo;Due carreggiate;Asciutto;Asfaltata;Verticale ed orizzontale;Sereno;Normale;Buona;;1;0;0;3;12.4549;41.8043;-1;2;Autovettura privata;In marcia / fermata / arresto;Conducente;M;Rimandato;0;NON DECEDUTO;;
5937634;8;29/04/2022 14:15:00;Strada Urbana;VIA DI ROCCA CENCIA;all'intersezione con;VIA SANT'ALESSIO IN ASPROMONTE;VIA SANT'ALESSIO IN ASPROMONTE;;;Scontro laterale fra veicoli in marcia;Incrocio;Una carreggiata a doppio senso;Asciutto;Asfaltata;Orizzontale;Sereno;Intenso;Buona;;1;0;0;2;12.6919;41.8758;-1;1;Autovettura privata;In marcia / fermata / arresto;Conducente;M;Illeso;0;;;
5937634;8;29/04/2022 14:15:00;Strada Urbana;VIA DI ROCCA CENCIA;all'intersezione con;VIA SANT'ALESSIO IN ASPROMONTE;VIA SANT'ALESSIO IN ASPROMONTE;;;Scontro laterale fra veicoli in marcia;Incrocio;Una carreggiata a doppio senso;Asciutto;Asfaltata;Orizzontale;Sereno;Intenso;Buona;;1;0;0;2;12.6919;41.8758;-1;2;Motociclo a solo;In marcia / fermata / arresto;Conducente;M;Rifiuta cure immediate;0;NON DECEDUTO;;
5937634;8;29/04/2022 14:15:00;Strada Urbana;VIA DI ROCCA CENCIA;all'intersezione con;VIA SANT'ALESSIO IN ASPROMONTE;VIA SANT'ALESSIO IN ASPROMONTE;;;Scontro laterale fra veicoli in marcia;Incrocio;Una carreggiata a doppio senso;Asciutto;Asfaltata;Orizzontale;Sereno;Intenso;Buona;;1;0;0;2;12.6919;41.8758;-1;2;Motociclo a solo;In marcia / fermata / arresto;Passeggero;F;Illeso;0;;;
5937637;8;29/04/2022 16:30:00;Strada Urbana;VIA PADRE DAMIANO DE VEUSTER;in prossimit�;;del civico n.;54;;Scontro frontale/laterale DX fra veicoli in marcia;Rettilineo;Una carreggiata a doppio senso;Asciutto;Asfaltata;Orizzontale;Sereno;Scarso;Buona;;1;0;0;2;12.6731;41.899;-1;1;Autovettura privata;In marcia / fermata / arresto;Conducente;F;Illeso;0;;Non accertato;Inesploso
5937637;8;29/04/2022 16:30:00;Strada Urbana;VIA PADRE DAMIANO DE VEUSTER;in prossimit�;;del civico n.;54;;Scontro frontale/laterale DX fra veicoli in marcia;Rettilineo;Una carreggiata a doppio senso;Asciutto;Asfaltata;Orizzontale;Sereno;Scarso;Buona;;1;0;0;2;12.6731;41.899;-1;1;Autovettura privata;In marcia / fermata / arresto;Passeggero;M;Rimandato;0;NON DECEDUTO;Non accertato;Inesploso
5937637;8;29/04/2022 16:30:00;Strada Urbana;VIA PADRE DAMIANO DE VEUSTER;in prossimit�;;del civico n.;54;;Scontro frontale/laterale DX fra veicoli in marcia;Rettilineo;Una carreggiata a doppio senso;Asciutto;Asfaltata;Orizzontale;Sereno;Scarso;Buona;;1;0;0;2;12.6731;41.899;-1;2;Autovettura privata;In marcia / fermata / arresto;Conducente;M;Illeso;0;;Non accertato;Inesploso
5937642;8;29/04/2022 17:00:00;Strada Urbana;VIA BORGHESIANA;in prossimit�;;del civico n.;25;;Scontro laterale fra veicoli in marcia;Rettilineo;Una carreggiata a doppio senso;Asciutto;Asfaltata;Orizzontale;Sereno;Intenso;Buona;;3;0;0;3;12.6678;41.8893;-1;1;Autovettura privata;In marcia / fermata / arresto;Conducente;M;Rifiuta cure immediate;0;NON DECEDUTO;Non accertato;Inesploso
5937642;8;29/04/2022 17:00:00;Strada Urbana;VIA BORGHESIANA;in prossimit�;;del civico n.;25;;Scontro laterale fra veicoli in marcia;Rettilineo;Una carreggiata a doppio senso;Asciutto;Asfaltata;Orizzontale;Sereno;Intenso;Buona;;3;0;0;3;12.6678;41.8893;-1;1;Autovettura privata;In marcia / fermata / arresto;Passeggero;M;Illeso;0;;Non accertato;Inesploso
5937642;8;29/04/2022 17:00:00;Strada Urbana;VIA BORGHESIANA;in prossimit�;;del civico n.;25;;Scontro laterale fra veicoli in marcia;Rettilineo;Una carreggiata a doppio senso;Asciutto;Asfaltata;Orizzontale;Sereno;Intenso;Buona;;3;0;0;3;12.6678;41.8893;-1;2;Autovettura privata;In marcia / fermata / arresto;Conducente;F;Illeso;0;;Non accertato;Inesploso
5937642;8;29/04/2022 17:00:00;Strada Urbana;VIA BORGHESIANA;in prossimit�;;del civico n.;25;;Scontro laterale fra veicoli in marcia;Rettilineo;Una carreggiata a doppio senso;Asciutto;Asfaltata;Orizzontale;Sereno;Intenso;Buona;;3;0;0;3;12.6678;41.8893;-1;2;Autovettura privata;In marcia / fermata / arresto;Passeggero;F;Rifiuta cure immediate;0;NON DECEDUTO;Non accertato;Inesploso
5937642;8;29/04/2022 17:00:00;Strada Urbana;VIA BORGHESIANA;in prossimit�;;del civico n.;25;;Scontro laterale fra veicoli in marcia;Rettilineo;Una carreggiata a doppio senso;Asciutto;Asfaltata;Orizzontale;Sereno;Intenso;Buona;;3;0;0;3;12.6678;41.8893;-1;3;Autovettura privata;In marcia / fermata / arresto;Conducente;F;Illeso;0;;Non accertato;Inesploso
5937642;8;29/04/2022 17:00:00;Strada Urbana;VIA BORGHESIANA;in prossimit�;;del civico n.;25;;Scontro laterale fra veicoli in marcia;Rettilineo;Una carreggiata a doppio senso;Asciutto;Asfaltata;Orizzontale;Sereno;Intenso;Buona;;3;0;0;3;12.6678;41.8893;-1;3;Autovettura privata;In marcia / fermata / arresto;Passeggero;F;Rimandato;0;NON DECEDUTO;Non accertato;Inesploso
5937643;8;29/04/2022 20:15:00;Strada Urbana;VIA DI TOR BELLA MONACA;da specificare;;;;dir. G.R.A. 40 mt. dopo inversione di marcia ;Tamponamento;Rettilineo;Due carreggiate;Asciutto;Asfaltata;Verticale ed orizzontale;Sereno;Normale;Buona;;1;0;0;5;12.6192;41.8837;-1;1;Autovettura privata;In marcia / fermata / arresto;Conducente;M;Illeso;0;;Non accertato;Esploso
5937643;8;29/04/2022 20:15:00;Strada Urbana;VIA DI TOR BELLA MONACA;da specificare;;;;dir. G.R.A. 40 mt. dopo inversione di marcia ;Tamponamento;Rettilineo;Due carreggiate;Asciutto;Asfaltata;Verticale ed orizzontale;Sereno;Normale;Buona;;1;0;0;5;12.6192;41.8837;-1;2;Autovettura privata;In marcia / fermata / arresto;Conducente;F;Rifiuta cure immediate;0;NON DECEDUTO;Non accertato;Inesploso
5937643;8;29/04/2022 20:15:00;Strada Urbana;VIA DI TOR BELLA MONACA;da specificare;;;;dir. G.R.A. 40 mt. dopo inversione di marcia ;Tamponamento;Rettilineo;Due carreggiate;Asciutto;Asfaltata;Verticale ed orizzontale;Sereno;Normale;Buona;;1;0;0;5;12.6192;41.8837;-1;2;Autovettura privata;In marcia / fermata / arresto;Passeggero;M;Illeso;0;;;