Protocollo;Gruppo;DataOraIncidente;Localizzazione1;STRADA1;Localizzazione2;STRADA2;Strada02;Chilometrica;DaSpecificare;NaturaIncidente;particolaritastrade;TipoStrada;FondoStradale;Pavimentazione;Segnaletica;CondizioneAtmosferica;Traffico;Visibilita;Illuminazione;NUM_FERITI;NUM_RISERVATA;NUM_MORTI;NUM_ILLESI;Longitude;Latitude;Confermato;Progressivo;TipoVeicolo;StatoVeicolo;TipoPersona;Sesso;Tipolesione;Deceduto;DecedutoDopo;CinturaCascoUtilizzato;Airbag;
5937643;8;29/04/2022 20:15:00;Strada Urbana;VIA DI TOR BELLA MONACA;da specificare;;;;dir. G.R.A. 40 mt. dopo inversione di marcia ;Tamponamento;Rettilineo;Due carreggiate;Asciutto;Asfaltata;Verticale ed orizzontale;Sereno;Normale;Buona;;1;0;0;5;12.6192;41.8837;-1;2;Autovettura privata;In marcia / fermata / arresto;Passeggero;M;Illeso;0;;;
5937650;8;29/04/2022 23:30:00;Strada Urbana;VIA CASILINA;da specificare;;;;altezza capolinea VIA GROTTE CELONI;Scontro laterale fra veicoli in marcia;Rettilineo;Una carreggiata a doppio senso;Asciutto;Asfaltata;Verticale ed orizzontale;Sereno;Normale;Sufficiente;;1;0;0;7;12.6212;41.8626;-1;1;Autovettura privata;In marcia / fermata / arresto;Conducente;M;Illeso;0;;;
5937650;8;29/04/2022 23:30:00;Strada Urbana;VIA CASILINA;da specificare;;;;altezza capolinea VIA GROTTE CELONI;Scontro laterale fra veicoli in marcia;Rettilineo;Una carreggiata a doppio senso;Asciutto;Asfaltata;Verticale ed orizzontale;Sereno;Normale;Sufficiente;;1;0;0;7;12.6212;41.8626;-1;1;Autovettura privata;In marcia / fermata / arresto;Passeggero;F;Illeso;0;;;
5937650;8;29/04/2022 23:30:00;Strada Urbana;VIA CASILINA;da specificare;;;;altezza capolinea VIA GROTTE CELONI;Scontro laterale fra veicoli in marcia;Rettilineo;Una carreggiata a doppio senso;Asciutto;Asfaltata;Verticale ed orizzontale;Sereno;Normale;Sufficiente;;1;0;0;7;12.6212;41.8626;-1;1;Autovettura privata;In marcia / fermata / arresto;Passeggero;M;Rifiuta cure immediate;0;NON DECEDUTO;;
5937650;8;29/04/2022 23:30:00;Strada Urbana;VIA CASILINA;da specificare;;;;altezza capolinea VIA GROTTE CELONI;Scontro laterale fra veicoli in marcia;Rettilineo;Una carreggiata a doppio senso;Asciutto;Asfaltata;Verticale ed orizzontale;Sereno;Normale;Sufficiente;;1;0;0;7;12.6212;41.8626;-1;2;Autovettura privata;In marcia / fermata / arresto;Conducente;F;Illeso;0;;;
5937650;8;29/04/2022 23:30:00;Strada Urbana;VIA CASILINA;da specificare;;;;altezza capolinea VIA GROTTE CELONI;Scontro laterale fra veicoli in marcia;Rettilineo;Una carreggiata a doppio senso;Asciutto;Asfaltata;Verticale ed orizzontale;Sereno;Normale;Sufficiente;;1;0;0;7;12.6212;41.8626;-1;2;Autovettura privata;In marcia / fermata / arresto;Passeggero;F;Illeso;0;;;
5937650;8;29/04/2022 23:30:00;Strada Urbana;VIA CASILINA;da specificare;;;;altezza capolinea VIA GROTTE CELONI;Scontro laterale fra veicoli in marcia;Rettilineo;Una carreggiata a doppio senso;Asciutto;Asfaltata;Verticale ed orizzontale;Sereno;Normale;Sufficiente;;1;0;0;7;12.6212;41.8626;-1;2;Autovettura privata;In marcia / fermata / arresto;Passeggero;F;Illeso;0;;;
5937650;8;29/04/2022 23:30:00;Strada Urbana;VIA CASILINA;da specificare;;;;altezza capolinea VIA GROTTE CELONI;Scontro laterale fra veicoli in marcia;Rettilineo;Una carreggiata a doppio senso;Asciutto;Asfaltata;Verticale ed orizzontale;Sereno;Normale;Sufficiente;;1;0;0;7;12.6212;41.8626;-1;2;Autovettura privata;In marcia / fermata / arresto;Passeggero;M;Illeso;0;;;
5937650;8;29/04/2022 23:30:00;Strada Urbana;VIA CASILINA;da specificare;;;;altezza capolinea VIA GROTTE CELONI;Scontro laterale fra veicoli in marcia;Rettilineo;Una carreggiata a doppio senso;Asciutto;Asfaltata;Verticale ed orizzontale;Sereno;Normale;Sufficiente;;1;0;0;7;12.6212;41.8626;-1;2;Autovettura privata;In marcia / fermata / arresto;Passeggero;M;Illeso;0;;;
5937694;15;30/04/2022 15:50:00;Strada Urbana;VIA DELLA MAGLIANA;all'intersezione con;VIA DEI GROTTONI;VIA DEI GROTTONI;;;Scontro laterale fra veicoli in marcia;Intersezione semaforizzata;Una carreggiata a doppio senso;Asciutto;Asfaltata;Verticale ed orizzontale;Sereno;Normale;Buona;;0;0;0;3;12.4196;41.8317;-1;1;Autovettura privata;In marcia / fermata / arresto;Conducente;F;Illeso;0;;Non accertato;Inesploso
5937694;15;30/04/2022 15:50:00;Strada Urbana;VIA DELLA MAGLIANA;all'intersezione con;VIA DEI GROTTONI;VIA DEI GROTTONI;;;Scontro laterale fra veicoli in marcia;Intersezione semaforizzata;Una carreggiata a doppio senso;Asciutto;Asfaltata;Verticale ed orizzontale;Sereno;Normale;Buona;;0;0;0;3;12.4196;41.8317;-1;2;Autovettura privata;In marcia / fermata / arresto;Conducente;F;Illeso;0;;Non accertato;Inesploso
5937694;15;30/04/2022 15:50:00;Strada Urbana;VIA DELLA MAGLIANA;all'intersezione con;VIA DEI GROTTONI;VIA DEI GROTTONI;;;Scontro laterale fra veicoli in marcia;Intersezione semaforizzata;Una carreggiata a doppio senso;Asciutto;Asfaltata;Verticale ed orizzontale;Sereno;Normale;Buona;;0;0;0;3;12.4196;41.8317;-1;2;Autovettura privata;In marcia / fermata / arresto;Passeggero;F;Illeso;0;;Non accertato;Inesploso
5937759;12;30/04/2022 17:30:00;Strada Urbana;VIA DI MEZZOCAMMINO;da specificare;;;;in prossimit� LARGO BUTERA;Veicolo in marcia contro veicolo in sosta;Rettilineo;Una carreggiata a doppio senso;Asciutto;Asfaltata;Orizzontale;Sereno;Normale;Buona;;0;0;0;1;12.4387;41.7913;-1;1;Autovettura privata;In marcia / fermata / arresto;Conducente;F;Illeso;0;;Non accertato;Inesploso
5937759;12;30/04/2022 17:30:00;Strada Urbana;VIA DI MEZZOCAMMINO;da specificare;;;;in prossimit� LARGO BUTERA;Veicolo in marcia contro veicolo in sosta;Rettilineo;Una carreggiata a doppio senso;Asciutto;Asfaltata;Orizzontale;Sereno;Normale;Buona;;0;0;0;1;12.4387;41.7913;-1;2;Autovettura privata;Sosta;;;;;;;
5937771;12;30/04/2022 17:45:00;Strada Urbana;PIAZZALE FERRUCCIO PARRI;all'intersezione con;VIALE UMBERTO TUPINI;VIALE UMBERTO TUPINI;;;Scontro laterale fra veicoli in marcia;Incrocio;Una carreggiata a doppio senso;Asciutto;Asfaltata;Verticale ed orizzontale;Sereno;Normale;Buona;;0;0;0;5;12.4639;41.8372;-1;1;Autobus di linea;In marcia / fermata / arresto;Conducente;M;Illeso;0;;Utilizzato;Inesploso
5937771;12;30/04/2022 17:45:00;Strada Urbana;PIAZZALE FERRUCCIO PARRI;all'intersezione con;VIALE UMBERTO TUPINI;VIALE UMBERTO TUPINI;;;Scontro laterale fra veicoli in marcia;Incrocio;Una carreggiata a doppio senso;Asciutto;Asfaltata;Verticale ed orizzontale;Sereno;Normale;Buona;;0;0;0;5;12.4639;41.8372;-1;2;Autovettura privata;In marcia / fermata / arresto;Conducente;M;Illeso;0;;Non accertato;Inesploso
5937771;12;30/04/2022 17:45:00;Strada Urbana;PIAZZALE FERRUCCIO PARRI;all'intersezione con;VIALE UMBERTO TUPINI;VIALE UMBERTO TUPINI;;;Scontro laterale fra veicoli in marcia;Incrocio;Una carreggiata a doppio senso;Asciutto;Asfaltata;Verticale ed orizzontale;Sereno;Normale;Buona;;0;0;0;5;12.4639;41.8372;-1;2;Autovettura privata;In marcia / fermata / arresto;Passeggero;M;Illeso;0;;Utilizzato;Inesploso
5937771;12;30/04/2022 17:45:00;Strada Urbana;PIAZZALE FERRUCCIO PARRI;all'intersezione con;VIALE UMBERTO TUPINI;VIALE UMBERTO TUPINI;;;Scontro laterale fra veicoli in marcia;Incrocio;Una carreggiata a doppio senso;Asciutto;Asfaltata;Verticale ed orizzontale;Sereno;Normale;Buona;;0;0;0;5;12.4639;41.8372;-1;2;Autovettura privata;In marcia / fermata / arresto;Passeggero;M;Illeso;0;;Utilizzato;Inesploso
5937771;12;30/04/2022 17:45:00;Strada Urbana;PIAZZALE FERRUCCIO PARRI;all'intersezione con;VIALE UMBERTO TUPINI;VIALE UMBERTO TUPINI;;;Scontro laterale fra veicoli in marcia;Incrocio;Una carreggiata a doppio senso;Asciutto;Asfaltata;Verticale ed orizzontale;Sereno;Normale;Buona;;0;0;0;5;12.4639;41.8372;-1;3;Autovettura privata;In marcia / fermata / arresto;Conducente;M;Illeso;0;;Non accertato;Inesploso
5937785;12;30/04/2022 18:30:00;Strada Urbana;VIALE IGNAZIO SILONE;in prossimit�;;del civico n.;103;;Scontro laterale fra veicoli in marcia;Rettilineo;Pi� di due carreggiate;Asciutto;Asfaltata;Verticale ed orizzontale;Sereno;Normale;Buona;;0;0;0;2;12.4812;41.8145;-1;1;Autovettura privata;In marcia / fermata / arresto;Conducente;M;Illeso;0;;Non accertato;Inesploso
5937785;12;30/04/2022 18:30:00;Strada Urbana;VIALE IGNAZIO SILONE;in prossimit�;;del civico n.;103;;Scontro laterale fra veicoli in marcia;Rettilineo;Pi� di due carreggiate;Asciutto;Asfaltata;Verticale ed orizzontale;Sereno;Normale;Buona;;0;0;0;2;12.4812;41.8145;-1;2;Autovettura privata;In marcia / fermata / arresto;Conducente;F;Illeso;0;;Non accertato;Inesploso
5937849;8;30/04/2022 10:00:00;Strada Urbana;VIA COLLATINA;in corrispondenza;;del palo luce n.;585;;Veicolo in marcia contro ostacolo fisso;Rettilineo;Una carreggiata a doppio senso;Asciutto;Asfaltata;Verticale ed orizzontale;Sereno;Normale;Buona;;0;0;0;1;12.6111;41.9056;-1;1;Autovettura privata;In marcia / fermata / arresto;Conducente;F;Illeso;0;;Non accertato;Inesploso
5937853;8;30/04/2022 11:05:00;Strada Urbana;VIA DELLA LITE;in corrispondenza;;del civico n.;73/C;;Tamponamento;Rettilineo;Una carreggiata a doppio senso;Asciutto;Asfaltata;Verticale ed orizzontale;Sereno;Normale;Buona;;1;0;0;0;12.7175;41.8512;0;1;Autovettura privata;In marcia / fermata / arresto;Conducente;M;Rimandato;0;NON DECEDUTO;Non accertato;Inesploso
5937853;8;30/04/2022 11:05:00;Strada Urbana;VIA DELLA LITE;in corrispondenza;;del civico n.;73/C;;Tamponamento;Rettilineo;Una carreggiata a doppio senso;Asciutto;Asfaltata;Verticale ed orizzontale;Sereno;Normale;Buona;;1;0;0;0;12.7175;41.8512;0;2;Autovettura privata;In marcia / fermata / arresto;;;;;;;
5937856;8;30/04/2022 14:30:00;Strada Urbana;VIA DI TOR BELLA MONACA;da specificare;;;;inversione di marcia Tor Bella Monaca dir. G.R.A. ;Scontro laterale fra veicoli in marcia;Curva a visuale libera;Una carreggiata a doppio senso;Asciutto;Asfaltata;Verticale ed orizzontale;Sereno;Normale;Buona;;0;0;0;5;12.6281;41.8764;-1;1;Autovettura privata;In marcia / fermata / arresto;Conducente;M;Illeso;0;;;
5937856;8;30/04/2022 14:30:00;Strada Urbana;VIA DI TOR BELLA MONACA;da specificare;;;;inversione di marcia Tor Bella Monaca dir. G.R.A. ;Scontro laterale fra veicoli in marcia;Curva a visuale libera;Una carreggiata a doppio senso;Asciutto;Asfaltata;Verticale ed orizzontale;Sereno;Normale;Buona;;0;0;0;5;12.6281;41.8764;-1;1;Autovettura privata;In marcia / fermata / arresto;Passeggero;F;Illeso;0;;;
5937856;8;30/04/2022 14:30:00;Strada Urbana;VIA DI TOR BELLA MONACA;da specificare;;;;inversione di marcia Tor Bella Monaca dir. G.R.A. ;Scontro laterale fra veicoli in marcia;Curva a visuale libera;Una carreggiata a doppio senso;Asciutto;Asfaltata;Verticale ed orizzontale;Sereno;Normale;Buona;;0;0;0;5;12.6281;41.8764;-1;2;Autovettura privata;In marcia / fermata / arresto;Conducente;M;Illeso;0;;;
5937856;8;30/04/2022 14:30:00;Strada Urbana;VIA DI TOR BELLA MONACA;da specificare;;;;inversione di marcia Tor Bella Monaca dir. G.R.A. ;Scontro laterale fra veicoli in marcia;Curva a visuale libera;Una carreggiata a doppio senso;Asciutto;Asfaltata;Verticale ed orizzontale;Sereno;Normale;Buona;;0;0;0;5;12.6281;41.8764;-1;2;Autovettura privata;In marcia / fermata / arresto;Passeggero;F;Illeso;0;;;
5937856;8;30/04/2022 14:30:00;Strada Urbana;VIA DI TOR BELLA MONACA;da specificare;;;;inversione di marcia Tor Bella Monaca dir. G.R.A. ;Scontro laterale fra veicoli in marcia;Curva a visuale libera;Una carreggiata a doppio senso;Asciutto;Asfaltata;Verticale ed orizzontale;Sereno;Normale;Buona;;0;0;0;5;12.6281;41.8764;-1;2;Autovettura privata;In marcia / fermata / arresto;Passeggero;F;Illeso;0;;;
5937862;8;30/04/2022 15:30:00;Strada Urbana;VIA DEL FOSSO DELL'OSA;da specificare;;;;fronte palo Acea n. 120;Veicolo in marcia contro veicolo in sosta;Rettilineo;Una carreggiata a doppio senso;Asciutto;Asfaltata;Verticale;Sereno;Normale;Buona;;0;0;0;3;12.6842;41.9059;-1;1;Autovettura privata;In marcia / fermata / arresto;Conducente;M;Illeso;0;;;
5937862;8;30/04/2022 15:30:00;Strada Urbana;VIA DEL FOSSO DELL'OSA;da specificare;;;;fronte palo Acea n. 120;Veicolo in marcia contro veicolo in sosta;Rettilineo;Una carreggiata a doppio senso;Asciutto;Asfaltata;Verticale;Sereno;Normale;Buona;;0;0;0;3;12.6842;41.9059;-1;1;Autovettura privata;In marcia / fermata / arresto;Passeggero;M;Illeso;0;;;
5937862;8;30/04/2022 15:30:00;Strada Urbana;VIA DEL FOSSO DELL'OSA;da specificare;;;;fronte palo Acea n. 120;Veicolo in marcia contro veicolo in sosta;Rettilineo;Una carreggiata a doppio senso;Asciutto;Asfaltata;Verticale;Sereno;Normale;Buona;;0;0;0;3;12.6842;41.9059;-1;2;Autocarro superiore 35 q.;Sosta;Passeggero;F;Illeso;0;;;
5937864;8;30/04/2022 17:45:00;Strada Urbana;VIA VILLABATE;in prossimit�;;del civico n.;158;;Veicolo in marcia contro veicolo fermo;Rettilineo;Una carreggiata a doppio senso;Asciutto;Asfaltata;Verticale;Sereno;Normale;Buona;;1;0;0;1;12.6503;41.8688;-1;1;Autovettura privata;In marcia / fermata / arresto;Conducente;M;Illeso;0;;;
5937864;8;30/04/2022 17:45:00;Strada Urbana;VIA VILLABATE;in prossimit�;;del civico n.;158;;Veicolo in marcia contro veicolo fermo;Rettilineo;Una carreggiata a doppio senso;Asciutto;Asfaltata;Verticale;Sereno;Normale;Buona;;1;0;0;1;12.6503;41.8688;-1;2;Autovettura privata;In marcia / fermata / arresto;Conducente;M;Rifiuta cure immediate;0;NON DECEDUTO;;
5937865;8;30/04/2022 18:30:00;Strada Urbana;VIA DI TOR BELLA MONACA;da specificare;;;;fronte civ. 369;Tamponamento Multiplo;Rettilineo;Una carreggiata a senso unico di marcia;Asciutto;Asfaltata;Verticale ed orizzontale;Sereno;Intenso;Buona;;1;0;0;6;12.6266;41.8773;-1;1;Autovettura privata;In marcia / fermata / arresto;Conducente;M;Illeso;0;;Non accertato;Inesploso
5937865;8;30/04/2022 18:30:00;Strada Urbana;VIA DI TOR BELLA MONACA;da specificare;;;;fronte civ. 369;Tamponamento Multiplo;Rettilineo;Una carreggiata a senso unico di marcia;Asciutto;Asfaltata;Verticale ed orizzontale;Sereno;Intenso;Buona;;1;0;0;6;12.6266;41.8773;-1;1;Autovettura privata;In marcia / fermata / arresto;Passeggero;M;Illeso;0;;Non accertato;Inesploso
5937865;8;30/04/2022 18:30:00;Strada Urbana;VIA DI TOR BELLA MONACA;da specificare;;;;fronte civ. 369;Tamponamento Multiplo;Rettilineo;Una carreggiata a senso unico di marcia;Asciutto;Asfaltata;Verticale ed orizzontale;Sereno;Intenso;Buona;;1;0;0;6;12.6266;41.8773;-1;1;Autovettura privata;In marcia / fermata / arresto;Passeggero;F;Illeso;0;;Non accertato;Inesploso
5937865;8;30/04/2022 18:30:00;Strada Urbana;VIA DI TOR BELLA MONACA;da specificare;;;;fronte civ. 369;Tamponamento Multiplo;Rettilineo;Una carreggiata a senso unico di marcia;Asciutto;Asfaltata;Verticale ed orizzontale;Sereno;Intenso;Buona;;1;0;0;6;12.6266;41.8773;-1;1;Autovettura privata;In marcia / fermata / arresto;Passeggero;F;Rimandato;0;NON DECEDUTO;Non accertato;Inesploso
5937865;8;30/04/2022 18:30:00;Strada Urbana;VIA DI TOR BELLA MONACA;da specificare;;;;fronte civ. 369;Tamponamento Multiplo;Rettilineo;Una carreggiata a senso unico di marcia;Asciutto;Asfaltata;Verticale ed orizzontale;Sereno;Intenso;Buona;;1;0;0;6;12.6266;41.8773;-1;2;Autovettura privata;In marcia / fermata / arresto;Conducente;M;Illeso;0;;Non accertato;Inesploso
5937865;8;30/04/2022 18:30:00;Strada Urbana;VIA DI TOR BELLA MONACA;da specificare;;;;fronte civ. 369;Tamponamento Multiplo;Rettilineo;Una carreggiata a senso unico di marcia;Asciutto;Asfaltata;Verticale ed orizzontale;Sereno;Intenso;Buona;;1;0;0;6;12.6266;41.8773;-1;2;Autovettura privata;In marcia / fermata / arresto;Passeggero;F;Illeso;0;;Non accertato;Inesploso
5937865;8;30/04/2022 18:30:00;Strada Urbana;VIA DI TOR BELLA MONACA;da specificare;;;;fronte civ. 369;Tamponamento Multiplo;Rettilineo;Una carreggiata a senso unico di marcia;Asciutto;Asfaltata;Verticale ed orizzontale;Sereno;Intenso;Buona;;1;0;0;6;12.6266;41.8773;-1;3;Autocarro inferiore 35 q.;In marcia / fermata / arresto;Conducente;M;Illeso;0;;Non accertato;Inesploso
5938060;11;30/04/2022 22:40:00;Strada Urbana;LUNGOTEVERE DI PIETRA PAPA;da specificare;;;;FRONTE VIA GHERARDI;Scontro frontale/laterale DX fra veicoli in marcia;Rettilineo;Due carreggiate;Asciutto;Asfaltata;Verticale ed orizzontale;Sereno;Scarso;Buona;;0;0;0;2;12.4726;41.8618;-1;1;Autovettura privata;In marcia / fermata / arresto;Conducente;M;Illeso;0;;Non accertato;
5938060;11;30/04/2022 22:40:00;Strada Urbana;LUNGOTEVERE DI PIETRA PAPA;da specificare;;;;FRONTE VIA GHERARDI;Scontro frontale/laterale DX fra veicoli in marcia;Rettilineo;Due carreggiate;Asciutto;Asfaltata;Verticale ed orizzontale;Sereno;Scarso;Buona;;0;0;0;2;12.4726;41.8618;-1;2;Autovettura pubblica;In marcia / fermata / arresto;Conducente;M;Illeso;0;;Non accertato;
5938104;5;29/04/2022 08:45:00;Strada Urbana;VIA DEI MONTI TIBURTINI;da specificare;;;;altezza via dei Durantini;Tamponamento;Rettilineo;Due carreggiate;Asciutto;Asfaltata;Verticale ed orizzontale;Sereno;Normale;Buona;;0;0;0;3;12.5432;41.9171;-1;1;Autovettura privata;In marcia / fermata / arresto;Conducente;M;Illeso;0;;Non accertato;
5938104;5;29/04/2022 08:45:00;Strada Urbana;VIA DEI MONTI TIBURTINI;da specificare;;;;altezza via dei Durantini;Tamponamento;Rettilineo;Due carreggiate;Asciutto;Asfaltata;Verticale ed orizzontale;Sereno;Normale;Buona;;0;0;0;3;12.5432;41.9171;-1;2;Motociclo a solo;In marcia / fermata / arresto;Conducente;M;Illeso;0;;Esente;
5938104;5;29/04/2022 08:45:00;Strada Urbana;VIA DEI MONTI TIBURTINI;da specificare;;;;altezza via dei Durantini;Tamponamento;Rettilineo;Due carreggiate;Asciutto;Asfaltata;Verticale ed orizzontale;Sereno;Normale;Buona;;0;0;0;3;12.5432;41.9171;-1;2;Motociclo a solo;In marcia / fermata / arresto;Passeggero;F;Illeso;0;;Esente;
5938112;11;30/04/2022 13:00:00;Strada Urbana;VIA OSTIENSE;all'intersezione semaforizzata con;VIALE GIUSTINIANO IMPERATORE;VIALE GIUSTINIANO IMPERATORE;;;Scontro frontale/laterale DX fra veicoli in marcia;Intersezione semaforizzata;Una carreggiata a senso unico di marcia;Asciutto;Asfaltata;Verticale ed orizzontale;Sereno;Normale;Buona;;1;0;0;5;12.4775;41.8571;-1;1;Autovettura privata;In marcia / fermata / arresto;Conducente;M;Illeso;0;;;
5938112;11;30/04/2022 13:00:00;Strada Urbana;VIA OSTIENSE;all'intersezione semaforizzata con;VIALE GIUSTINIANO IMPERATORE;VIALE GIUSTINIANO IMPERATORE;;;Scontro frontale/laterale DX fra veicoli in marcia;Intersezione semaforizzata;Una carreggiata a senso unico di marcia;Asciutto;Asfaltata;Verticale ed orizzontale;Sereno;Normale;Buona;;1;0;0;5;12.4775;41.8571;-1;1;Autovettura privata;In marcia / fermata / arresto;Passeggero;M;Illeso;0;;;
5938112;11;30/04/2022 13:00:00;Strada Urbana;VIA OSTIENSE;all'intersezione semaforizzata con;VIALE GIUSTINIANO IMPERATORE;VIALE GIUSTINIANO IMPERATORE;;;Scontro frontale/laterale DX fra veicoli in marcia;Intersezione semaforizzata;Una carreggiata a senso unico di marcia;Asciutto;Asfaltata;Verticale ed orizzontale;Sereno;Normale;Buona;;1;0;0;5;12.4775;41.8571;-1;2;Autovettura privata;In marcia / fermata / arresto;Conducente;F;Illeso;0;;;
5938112;11;30/04/2022 13:00:00;Strada Urbana;VIA OSTIENSE;all'intersezione semaforizzata con;VIALE GIUSTINIANO IMPERATORE;VIALE GIUSTINIANO IMPERATORE;;;Scontro frontale/laterale DX fra veicoli in marcia;Intersezione semaforizzata;Una carreggiata a senso unico di marcia;Asciutto;Asfaltata;Verticale ed orizzontale;Sereno;Normale;Buona;;1;0;0;5;12.4775;41.8571;-1;2;Autovettura privata;In marcia / fermata / arresto;Passeggero;F;Rimandato;0;NON DECEDUTO;Non accertato;
5938112;11;30/04/2022 13:00:00;Strada Urbana;VIA OSTIENSE;all'intersezione semaforizzata con;VIALE GIUSTINIANO IMPERATORE;VIALE GIUSTINIANO IMPERATORE;;;Scontro frontale/laterale DX fra veicoli in marcia;Intersezione semaforizzata;Una carreggiata a senso unico di marcia;Asciutto;Asfaltata;Verticale ed orizzontale;Sereno;Normale;Buona;;1;0;0;5;12.4775;41.8571;-1;2;Autovettura privata;In marcia / fermata / arresto;Passeggero;M;Illeso;0;;;
5938112;11;30/04/2022 13:00:00;Strada Urbana;VIA OSTIENSE;all'intersezione semaforizzata con;VIALE GIUSTINIANO IMPERATORE;VIALE GIUSTINIANO IMPERATORE;;;Scontro frontale/laterale DX fra veicoli in marcia;Intersezione semaforizzata;Una carreggiata a senso unico di marcia;Asciutto;Asfaltata;Verticale ed orizzontale;Sereno;Normale;Buona;;1;0;0;5;12.4775;41.8571;-1;2;Autovettura privata;In marcia / fermata / arresto;Passeggero;M;Illeso;0;;;
5938135;5;29/04/2022 14:45:00;Strada Urbana;VIA DEL CASALE DI S. BASILIO;da specificare;;;;prossimit� via Arcevia;Tamponamento Multiplo;Rettilineo;Una carreggiata a doppio senso;Asciutto;Asfaltata;Orizzontale;Sereno;Normale;Buona;;1;0;0;3;12.583;41.9351;-1;1;Motociclo a solo;In marcia / fermata / arresto;Conducente;M;Rimandato;0;NON DECEDUTO;;
5938135;5;29/04/2022 14:45:00;Strada Urbana;VIA DEL CASALE DI S. BASILIO;da specificare;;;;prossimit� via Arcevia;Tamponamento Multiplo;Rettilineo;Una carreggiata a doppio senso;Asciutto;Asfaltata;Orizzontale;Sereno;Normale;Buona;;1;0;0;3;12.583;41.9351;-1;2;Autovettura privata;In marcia / fermata / arresto;Conducente;M;Illeso;0;;Non accertato;Inesploso
5938135;5;29/04/2022 14:45:00;Strada Urbana;VIA DEL CASALE DI S. BASILIO;da specificare;;;;prossimit� via Arcevia;Tamponamento Multiplo;Rettilineo;Una carreggiata a doppio senso;Asciutto;Asfaltata;Orizzontale;Sereno;Normale;Buona;;1;0;0;3;12.583;41.9351;-1;3;Autovettura privata;In marcia / fermata / arresto;Conducente;M;Illeso;0;;Non accertato;Inesploso
5938135;5;29/04/2022 14:45:00;Strada Urbana;VIA DEL CASALE DI S. BASILIO;da specificare;;;;prossimit� via Arcevia;Tamponamento Multiplo;Rettilineo;Una carreggiata a doppio senso;Asciutto;Asfaltata;Orizzontale;Sereno;Normale;Buona;;1;0;0;3;12.583;41.9351;-1;4;Autovettura privata;In marcia / fermata / arresto;Conducente;F;Illeso;0;;Non accertato;Inesploso
5938150;6;29/04/2022 18:00:00;Strada Urbana;VIA SAMPIERO DI BASTELICA;all'intersezione con;VIA RENZO DA CERI;VIA RENZO DA CERI;;;Investimento di pedone;Incrocio;Una carreggiata a senso unico di marcia;Asciutto;Asfaltata;Orizzontale;Sereno;Normale;Buona;;1;0;0;1;12.5386;41.8906;-1;;;;Pedone;M;Rimandato;0;NON DECEDUTO;;
5938150;6;29/04/2022 18:00:00;Strada Urbana;VIA SAMPIERO DI BASTELICA;all'intersezione con;VIA RENZO DA CERI;VIA RENZO DA CERI;;;Investimento di pedone;Incrocio;Una carreggiata a senso unico di marcia;Asciutto;Asfaltata;Orizzontale;Sereno;Normale;Buona;;1;0;0;1;12.5386;41.8906;-1;1;Autovettura privata;In marcia / fermata / arresto;Conducente;M;Illeso;0;;Non accertato;Inesploso
5938161;5;29/04/2022 15:15:00;Strada Urbana;VIA ARCEVIA;all'intersezione con;VIA LORETO;VIA LORETO;;;Veicolo in marcia contro veicolo in sosta;Incrocio;Una carreggiata a senso unico di marcia;Asciutto;Asfaltata;Verticale ed orizzontale;Sereno;Normale;Buona;;0;0;0;2;12.586;41.9375;-1;1;Autobus di linea;In marcia / fermata / arresto;Conducente;M;Illeso;0;;Non accertato;Inesploso
5938161;5;29/04/2022 15:15:00;Strada Urbana;VIA ARCEVIA;all'intersezione con;VIA LORETO;VIA LORETO;;;Veicolo in marcia contro veicolo in sosta;Incrocio;Una carreggiata a senso unico di marcia;Asciutto;Asfaltata;Verticale ed orizzontale;Sereno;Normale;Buona;;0;0;0;2;12.586;41.9375;-1;1;Autobus di linea;In marcia / fermata / arresto;Passeggero;F;Illeso;0;;Esente;Inesistente
5938161;5;29/04/2022 15:15:00;Strada Urbana;VIA ARCEVIA;all'intersezione con;VIA LORETO;VIA LORETO;;;Veicolo in marcia contro veicolo in sosta;Incrocio;Una carreggiata a senso unico di marcia;Asciutto;Asfaltata;Verticale ed orizzontale;Sereno;Normale;Buona;;0;0;0;2;12.586;41.9375;-1;2;Autovettura privata;Sosta;;;;;;;
5938186;9;30/04/2022 09:30:00;Strada Urbana;VIA FARSALO;da specificare;;;;fronte 10;Veicolo in marcia contro veicoli in sosta;Rettilineo;Una carreggiata a doppio senso;Asciutto;Asfaltata;Assente;Sereno;Normale;Buona;;0;0;0;0;12.5045;41.8825;-1;1;Autovettura privata;Sosta;;;;;;;
5938186;9;30/04/2022 09:30:00;Strada Urbana;VIA FARSALO;da specificare;;;;fronte 10;Veicolo in marcia contro veicoli in sosta;Rettilineo;Una carreggiata a doppio senso;Asciutto;Asfaltata;Assente;Sereno;Normale;Buona;;0;0;0;0;12.5045;41.8825;-1;2;Autovettura privata;Sosta;;;;;;;
5938191;10;30/04/2022 12:15:00;Strada Urbana;VIA BIAGIO PETROCELLI;da specificare;;;;prossimit� di VIA TUSCOLANA;Tamponamento;Curva a visuale libera;Una carreggiata a doppio senso;Asciutto;Asfaltata;Verticale ed orizzontale;Sereno;Normale;Buona;;0;0;0;2;12.6052;41.8358;-1;1;Autovettura privata;In marcia / fermata / arresto;Conducente;M;Illeso;0;;Non accertato;Inesploso