Protocollo;Gruppo;DataOraIncidente;Localizzazione1;STRADA1;Localizzazione2;STRADA2;Strada02;Chilometrica;DaSpecificare;NaturaIncidente;particolaritastrade;TipoStrada;FondoStradale;Pavimentazione;Segnaletica;CondizioneAtmosferica;Traffico;Visibilita;Illuminazione;NUM_FERITI;NUM_RISERVATA;NUM_MORTI;NUM_ILLESI;Longitude;Latitude;Confermato;Progressivo;TipoVeicolo;StatoVeicolo;TipoPersona;Sesso;Tipolesione;Deceduto;DecedutoDopo;CinturaCascoUtilizzato;Airbag;
5938191;10;30/04/2022 12:15:00;Strada Urbana;VIA BIAGIO PETROCELLI;da specificare;;;;prossimit� di VIA TUSCOLANA;Tamponamento;Curva a visuale libera;Una carreggiata a doppio senso;Asciutto;Asfaltata;Verticale ed orizzontale;Sereno;Normale;Buona;;0;0;0;2;12.6052;41.8358;-1;2;Autovettura privata;In marcia / fermata / arresto;Conducente;M;Illeso;0;;Non accertato;Inesploso
5938194;5;29/04/2022 16:00:00;Strada Urbana;VIA GIUSEPPE MIRRI;in corrispondenza;;del civico n.;9;;Veicolo in marcia contro veicolo in sosta;Rettilineo;Una carreggiata a doppio senso;Asciutto;Asfaltata;Verticale ed orizzontale;Sereno;Scarso;Buona;;0;0;0;0;12.5369;41.9034;-1;1;Autovettura privata;Sosta;;;;;;;
5938194;5;29/04/2022 16:00:00;Strada Urbana;VIA GIUSEPPE MIRRI;in corrispondenza;;del civico n.;9;;Veicolo in marcia contro veicolo in sosta;Rettilineo;Una carreggiata a doppio senso;Asciutto;Asfaltata;Verticale ed orizzontale;Sereno;Scarso;Buona;;0;0;0;0;12.5369;41.9034;-1;2;Autocarro inferiore 35 q.;Allontanatosi;;;;;;;
5938219;5;29/04/2022 16:15:00;Strada Urbana;VIA DEL CASALE DI S. BASILIO;in prossimit�;;del civico n.;207;;Infortunio per sola frenata improvvisa;Rettilineo;Una carreggiata a doppio senso;Asciutto;Asfaltata;Verticale ed orizzontale;Sereno;Normale;Buona;;1;0;0;0;12.5835;41.9344;-1;1;Monopattino elettrico;In marcia / fermata / arresto;Conducente;M;Rimandato;0;NON DECEDUTO;Non accertato;
5938227;10;30/04/2022 12:20:00;Strada Urbana;VIA FABRIZIO LUSCINO;in corrispondenza;;del civico n.;69;;Veicolo in marcia contro veicolo arresto;Rettilineo;Una carreggiata a senso unico di marcia;Asciutto;Asfaltata;Assente;Sereno;Normale;Buona;;0;0;0;3;12.5584;41.8547;-1;1;Autovettura privata;In marcia / fermata / arresto;Conducente;F;Illeso;0;;Non accertato;Inesploso
5938227;10;30/04/2022 12:20:00;Strada Urbana;VIA FABRIZIO LUSCINO;in corrispondenza;;del civico n.;69;;Veicolo in marcia contro veicolo arresto;Rettilineo;Una carreggiata a senso unico di marcia;Asciutto;Asfaltata;Assente;Sereno;Normale;Buona;;0;0;0;3;12.5584;41.8547;-1;2;Autovettura pubblica;In marcia / fermata / arresto;Conducente;M;Illeso;0;;Non accertato;Inesploso
5938227;10;30/04/2022 12:20:00;Strada Urbana;VIA FABRIZIO LUSCINO;in corrispondenza;;del civico n.;69;;Veicolo in marcia contro veicolo arresto;Rettilineo;Una carreggiata a senso unico di marcia;Asciutto;Asfaltata;Assente;Sereno;Normale;Buona;;0;0;0;3;12.5584;41.8547;-1;2;Autovettura pubblica;In marcia / fermata / arresto;Passeggero;M;Illeso;0;;Non accertato;Inesploso
5938234;5;29/04/2022 18:20:00;Strada Urbana;VIALE ERETUM;all'intersezione con;VIA NOMENTUM;VIA NOMENTUM;;;Scontro frontale/laterale DX fra veicoli in marcia;Incrocio;Una carreggiata a senso unico di marcia;Asciutto;Asfaltata;Verticale ed orizzontale;Sereno;Scarso;Buona;;3;0;0;0;12.5993;41.9436;-1;1;Autovettura privata;In marcia / fermata / arresto;Conducente;F;Rimandato;0;NON DECEDUTO;Non accertato;
5938234;5;29/04/2022 18:20:00;Strada Urbana;VIALE ERETUM;all'intersezione con;VIA NOMENTUM;VIA NOMENTUM;;;Scontro frontale/laterale DX fra veicoli in marcia;Incrocio;Una carreggiata a senso unico di marcia;Asciutto;Asfaltata;Verticale ed orizzontale;Sereno;Scarso;Buona;;3;0;0;0;12.5993;41.9436;-1;1;Autovettura privata;In marcia / fermata / arresto;Passeggero;F;Rimandato;0;NON DECEDUTO;Non accertato;
5938234;5;29/04/2022 18:20:00;Strada Urbana;VIALE ERETUM;all'intersezione con;VIA NOMENTUM;VIA NOMENTUM;;;Scontro frontale/laterale DX fra veicoli in marcia;Incrocio;Una carreggiata a senso unico di marcia;Asciutto;Asfaltata;Verticale ed orizzontale;Sereno;Scarso;Buona;;3;0;0;0;12.5993;41.9436;-1;2;Motociclo a solo;In marcia / fermata / arresto;Conducente;M;Ricoverato;0;NON DECEDUTO;Non accertato;
5938244;4;30/04/2022 09:40:00;Strada Urbana;VIALE JONIO;in prossimit�;;del civico n.;176;;Scontro laterale fra veicoli in marcia;Rettilineo;Una carreggiata a senso unico di marcia;Asciutto;Asfaltata;Verticale ed orizzontale;Sereno;Normale;Buona;;0;0;0;2;12.5355;41.9446;-1;1;Motociclo a solo;In marcia / fermata / arresto;Conducente;M;Illeso;0;;Non accertato;
5938244;4;30/04/2022 09:40:00;Strada Urbana;VIALE JONIO;in prossimit�;;del civico n.;176;;Scontro laterale fra veicoli in marcia;Rettilineo;Una carreggiata a senso unico di marcia;Asciutto;Asfaltata;Verticale ed orizzontale;Sereno;Normale;Buona;;0;0;0;2;12.5355;41.9446;-1;2;Autovettura privata;In marcia / fermata / arresto;Conducente;F;Illeso;0;;;
5938248;5;29/04/2022 20:00:00;Strada Urbana;VIA TIBURTINA;in corrispondenza;;del civico n.;994;;Scontro frontale/laterale SX fra veicoli in marcia;Curva a visuale libera;Due carreggiate;Asciutto;Asfaltata;Orizzontale;Sereno;Normale;Buona;;1;0;0;4;12.5765;41.9285;-1;1;Autovettura privata;In marcia / fermata / arresto;Conducente;M;Illeso;0;;Non accertato;Inesploso
5938248;5;29/04/2022 20:00:00;Strada Urbana;VIA TIBURTINA;in corrispondenza;;del civico n.;994;;Scontro frontale/laterale SX fra veicoli in marcia;Curva a visuale libera;Due carreggiate;Asciutto;Asfaltata;Orizzontale;Sereno;Normale;Buona;;1;0;0;4;12.5765;41.9285;-1;1;Autovettura privata;In marcia / fermata / arresto;Passeggero;M;Illeso;0;;Non accertato;Inesploso
5938248;5;29/04/2022 20:00:00;Strada Urbana;VIA TIBURTINA;in corrispondenza;;del civico n.;994;;Scontro frontale/laterale SX fra veicoli in marcia;Curva a visuale libera;Due carreggiate;Asciutto;Asfaltata;Orizzontale;Sereno;Normale;Buona;;1;0;0;4;12.5765;41.9285;-1;1;Autovettura privata;In marcia / fermata / arresto;Passeggero;F;Illeso;0;;Non accertato;Inesploso
5938248;5;29/04/2022 20:00:00;Strada Urbana;VIA TIBURTINA;in corrispondenza;;del civico n.;994;;Scontro frontale/laterale SX fra veicoli in marcia;Curva a visuale libera;Due carreggiate;Asciutto;Asfaltata;Orizzontale;Sereno;Normale;Buona;;1;0;0;4;12.5765;41.9285;-1;2;Velocipede;In marcia / fermata / arresto;Conducente;M;Rimandato;0;NON DECEDUTO;Esente;
5938255;4;30/04/2022 08:50:00;Strada Urbana;VIADOTTO GIUSEPPE SARAGAT;da specificare;;;;in prossimit� rampa immissione VIALE GINO CERVI;Veicolo in marcia contro ostacolo fisso;Curva senza visuale libera;Due carreggiate;Asciutto;Asfaltata;Verticale ed orizzontale;Sereno;Normale;Buona;;1;0;0;0;12.5208;41.9737;-1;1;Autovettura privata;In marcia / fermata / arresto;Conducente;M;Rimandato;0;NON DECEDUTO;Non accertato;Inesploso
5938261;4;30/04/2022 16:40:00;Provinciale entro l'abitato;VIA NOMENTANA;in prossimit�;;del civico n.;1115;;Tamponamento Multiplo;Rettilineo;Una carreggiata a doppio senso;Asciutto;Asfaltata;Verticale;Sereno;Intenso;Buona;;0;0;0;7;12.5752;41.9556;-1;1;Autovettura privata;In marcia / fermata / arresto;Conducente;M;Illeso;0;;Non accertato;
5938261;4;30/04/2022 16:40:00;Provinciale entro l'abitato;VIA NOMENTANA;in prossimit�;;del civico n.;1115;;Tamponamento Multiplo;Rettilineo;Una carreggiata a doppio senso;Asciutto;Asfaltata;Verticale;Sereno;Intenso;Buona;;0;0;0;7;12.5752;41.9556;-1;2;Autovettura privata;In marcia / fermata / arresto;Conducente;M;Illeso;0;;Non accertato;
5938261;4;30/04/2022 16:40:00;Provinciale entro l'abitato;VIA NOMENTANA;in prossimit�;;del civico n.;1115;;Tamponamento Multiplo;Rettilineo;Una carreggiata a doppio senso;Asciutto;Asfaltata;Verticale;Sereno;Intenso;Buona;;0;0;0;7;12.5752;41.9556;-1;2;Autovettura privata;In marcia / fermata / arresto;Passeggero;M;Illeso;0;;;
5938261;4;30/04/2022 16:40:00;Provinciale entro l'abitato;VIA NOMENTANA;in prossimit�;;del civico n.;1115;;Tamponamento Multiplo;Rettilineo;Una carreggiata a doppio senso;Asciutto;Asfaltata;Verticale;Sereno;Intenso;Buona;;0;0;0;7;12.5752;41.9556;-1;2;Autovettura privata;In marcia / fermata / arresto;Passeggero;F;Illeso;0;;;
5938261;4;30/04/2022 16:40:00;Provinciale entro l'abitato;VIA NOMENTANA;in prossimit�;;del civico n.;1115;;Tamponamento Multiplo;Rettilineo;Una carreggiata a doppio senso;Asciutto;Asfaltata;Verticale;Sereno;Intenso;Buona;;0;0;0;7;12.5752;41.9556;-1;2;Autovettura privata;In marcia / fermata / arresto;Passeggero;F;Illeso;0;;;
5938261;4;30/04/2022 16:40:00;Provinciale entro l'abitato;VIA NOMENTANA;in prossimit�;;del civico n.;1115;;Tamponamento Multiplo;Rettilineo;Una carreggiata a doppio senso;Asciutto;Asfaltata;Verticale;Sereno;Intenso;Buona;;0;0;0;7;12.5752;41.9556;-1;3;Autovettura pubblica;In marcia / fermata / arresto;Conducente;M;Illeso;0;;Non accertato;Inesploso
5938261;4;30/04/2022 16:40:00;Provinciale entro l'abitato;VIA NOMENTANA;in prossimit�;;del civico n.;1115;;Tamponamento Multiplo;Rettilineo;Una carreggiata a doppio senso;Asciutto;Asfaltata;Verticale;Sereno;Intenso;Buona;;0;0;0;7;12.5752;41.9556;-1;4;Autocarro inferiore 35 q.;In marcia / fermata / arresto;Conducente;M;Illeso;0;;Non accertato;
5938271;10;30/04/2022 15:50:00;Strada Urbana;VIA TUSCOLANA;in corrispondenza;;del civico n.;1040;;Veicolo in marcia contro veicolo in sosta;Rettilineo;Due carreggiate;Asciutto;Asfaltata;Verticale ed orizzontale;Sereno;Scarso;Buona;;2;0;0;0;12.5566;41.8599;-1;1;Autovettura privata;In marcia / fermata / arresto;Conducente;F;Rifiuta cure immediate;0;NON DECEDUTO;Non accertato;Inesploso
5938271;10;30/04/2022 15:50:00;Strada Urbana;VIA TUSCOLANA;in corrispondenza;;del civico n.;1040;;Veicolo in marcia contro veicolo in sosta;Rettilineo;Due carreggiate;Asciutto;Asfaltata;Verticale ed orizzontale;Sereno;Scarso;Buona;;2;0;0;0;12.5566;41.8599;-1;1;Autovettura privata;In marcia / fermata / arresto;Passeggero;F;Rimandato;0;NON DECEDUTO;Non accertato;Inesploso
5938271;10;30/04/2022 15:50:00;Strada Urbana;VIA TUSCOLANA;in corrispondenza;;del civico n.;1040;;Veicolo in marcia contro veicolo in sosta;Rettilineo;Due carreggiate;Asciutto;Asfaltata;Verticale ed orizzontale;Sereno;Scarso;Buona;;2;0;0;0;12.5566;41.8599;-1;2;Autovettura privata;Sosta;;;;;;;
5938275;5;30/04/2022 16:30:00;Strada Urbana;VIA COLLEDIMACINE;all'intersezione con;VIA CARUNCHIO;VIA CARUNCHIO;;;Scontro frontale/laterale DX fra veicoli in marcia;Incrocio;Una carreggiata a doppio senso;Asciutto;Asfaltata;Orizzontale;Sereno;Normale;Buona;;1;0;0;3;12.6494;41.9399;-1;1;Autovettura privata;In marcia / fermata / arresto;Conducente;M;Rimandato;0;NON DECEDUTO;;
5938275;5;30/04/2022 16:30:00;Strada Urbana;VIA COLLEDIMACINE;all'intersezione con;VIA CARUNCHIO;VIA CARUNCHIO;;;Scontro frontale/laterale DX fra veicoli in marcia;Incrocio;Una carreggiata a doppio senso;Asciutto;Asfaltata;Orizzontale;Sereno;Normale;Buona;;1;0;0;3;12.6494;41.9399;-1;2;Autovettura privata;In marcia / fermata / arresto;Conducente;M;Illeso;0;;;
5938275;5;30/04/2022 16:30:00;Strada Urbana;VIA COLLEDIMACINE;all'intersezione con;VIA CARUNCHIO;VIA CARUNCHIO;;;Scontro frontale/laterale DX fra veicoli in marcia;Incrocio;Una carreggiata a doppio senso;Asciutto;Asfaltata;Orizzontale;Sereno;Normale;Buona;;1;0;0;3;12.6494;41.9399;-1;3;Autovettura privata;In marcia / fermata / arresto;Conducente;M;Illeso;0;;;
5938275;5;30/04/2022 16:30:00;Strada Urbana;VIA COLLEDIMACINE;all'intersezione con;VIA CARUNCHIO;VIA CARUNCHIO;;;Scontro frontale/laterale DX fra veicoli in marcia;Incrocio;Una carreggiata a doppio senso;Asciutto;Asfaltata;Orizzontale;Sereno;Normale;Buona;;1;0;0;3;12.6494;41.9399;-1;3;Autovettura privata;In marcia / fermata / arresto;Passeggero;M;Illeso;0;;;
5938285;9;30/04/2022 11:35:00;Strada Urbana;VIA TUSCOLANA;in corrispondenza;;del civico n.;692;;Tamponamento Multiplo;Rettilineo;Una carreggiata a doppio senso;Asciutto;Asfaltata;Verticale ed orizzontale;Sereno;Intenso;Buona;;0;0;0;5;12.5423;41.8657;-1;1;Autocarro inferiore 35 q.;In marcia / fermata / arresto;Conducente;M;Illeso;0;;Non accertato;Inesploso
5938285;9;30/04/2022 11:35:00;Strada Urbana;VIA TUSCOLANA;in corrispondenza;;del civico n.;692;;Tamponamento Multiplo;Rettilineo;Una carreggiata a doppio senso;Asciutto;Asfaltata;Verticale ed orizzontale;Sereno;Intenso;Buona;;0;0;0;5;12.5423;41.8657;-1;2;Autovettura privata;In marcia / fermata / arresto;Conducente;M;Illeso;0;;Non accertato;Inesploso
5938285;9;30/04/2022 11:35:00;Strada Urbana;VIA TUSCOLANA;in corrispondenza;;del civico n.;692;;Tamponamento Multiplo;Rettilineo;Una carreggiata a doppio senso;Asciutto;Asfaltata;Verticale ed orizzontale;Sereno;Intenso;Buona;;0;0;0;5;12.5423;41.8657;-1;2;Autovettura privata;In marcia / fermata / arresto;Passeggero;F;Illeso;0;;Non accertato;Inesploso
5938285;9;30/04/2022 11:35:00;Strada Urbana;VIA TUSCOLANA;in corrispondenza;;del civico n.;692;;Tamponamento Multiplo;Rettilineo;Una carreggiata a doppio senso;Asciutto;Asfaltata;Verticale ed orizzontale;Sereno;Intenso;Buona;;0;0;0;5;12.5423;41.8657;-1;2;Autovettura privata;In marcia / fermata / arresto;Passeggero;M;Illeso;0;;Non accertato;Inesploso
5938285;9;30/04/2022 11:35:00;Strada Urbana;VIA TUSCOLANA;in corrispondenza;;del civico n.;692;;Tamponamento Multiplo;Rettilineo;Una carreggiata a doppio senso;Asciutto;Asfaltata;Verticale ed orizzontale;Sereno;Intenso;Buona;;0;0;0;5;12.5423;41.8657;-1;3;Autovettura privata;In marcia / fermata / arresto;Conducente;F;Illeso;0;;Non accertato;Inesploso
5938314;5;30/04/2022 18:30:00;Strada Urbana;VIA CASTROPIGNANO;all'intersezione con;VIA CIVITACAMPOMARANO;VIA CIVITACAMPOMARANO;;;Investimento di pedone;Incrocio;Una carreggiata a senso unico di marcia;Asciutto;Asfaltata;Verticale ed orizzontale;Sereno;Scarso;Buona;;1;0;0;1;12.6443;41.9336;-1;;;;Pedone;M;Rimandato;0;NON DECEDUTO;;
5938314;5;30/04/2022 18:30:00;Strada Urbana;VIA CASTROPIGNANO;all'intersezione con;VIA CIVITACAMPOMARANO;VIA CIVITACAMPOMARANO;;;Investimento di pedone;Incrocio;Una carreggiata a senso unico di marcia;Asciutto;Asfaltata;Verticale ed orizzontale;Sereno;Scarso;Buona;;1;0;0;1;12.6443;41.9336;-1;1;Autovettura privata;In marcia / fermata / arresto;Conducente;F;Illeso;0;;Non accertato;
5938370;9;30/04/2022 13:00:00;Strada Urbana;VIA GENZANO;in corrispondenza;;del civico n.;120;;Tamponamento Multiplo;Rettilineo;Una carreggiata a doppio senso;Asciutto;Asfaltata;Assente;Sereno;Scarso;Buona;;0;0;0;5;12.5334;41.8702;-1;1;Quadriciclo;In marcia / fermata / arresto;Conducente;F;Illeso;0;;Non accertato;Inesploso
5938370;9;30/04/2022 13:00:00;Strada Urbana;VIA GENZANO;in corrispondenza;;del civico n.;120;;Tamponamento Multiplo;Rettilineo;Una carreggiata a doppio senso;Asciutto;Asfaltata;Assente;Sereno;Scarso;Buona;;0;0;0;5;12.5334;41.8702;-1;2;Autovettura privata;In marcia / fermata / arresto;Conducente;M;Illeso;0;;Non accertato;Inesploso
5938370;9;30/04/2022 13:00:00;Strada Urbana;VIA GENZANO;in corrispondenza;;del civico n.;120;;Tamponamento Multiplo;Rettilineo;Una carreggiata a doppio senso;Asciutto;Asfaltata;Assente;Sereno;Scarso;Buona;;0;0;0;5;12.5334;41.8702;-1;2;Autovettura privata;In marcia / fermata / arresto;Passeggero;F;Illeso;0;;Utilizzato;Inesploso
5938370;9;30/04/2022 13:00:00;Strada Urbana;VIA GENZANO;in corrispondenza;;del civico n.;120;;Tamponamento Multiplo;Rettilineo;Una carreggiata a doppio senso;Asciutto;Asfaltata;Assente;Sereno;Scarso;Buona;;0;0;0;5;12.5334;41.8702;-1;3;Autovettura privata;Sosta;;;;;;;
5938370;9;30/04/2022 13:00:00;Strada Urbana;VIA GENZANO;in corrispondenza;;del civico n.;120;;Tamponamento Multiplo;Rettilineo;Una carreggiata a doppio senso;Asciutto;Asfaltata;Assente;Sereno;Scarso;Buona;;0;0;0;5;12.5334;41.8702;-1;4;Autovettura privata;In marcia / fermata / arresto;Conducente;M;Illeso;0;;Non accertato;Inesploso
5938370;9;30/04/2022 13:00:00;Strada Urbana;VIA GENZANO;in corrispondenza;;del civico n.;120;;Tamponamento Multiplo;Rettilineo;Una carreggiata a doppio senso;Asciutto;Asfaltata;Assente;Sereno;Scarso;Buona;;0;0;0;5;12.5334;41.8702;-1;4;Autovettura privata;In marcia / fermata / arresto;Passeggero;F;Illeso;0;;Non accertato;Inesploso
5938374;10;30/04/2022 13:35:00;Strada Urbana;VIA TUSCOLANA;da specificare;;;;svincolo complanare tuscolana alt. Italcable;Veicolo in marcia contro veicolo fermo;Rettilineo;Pi� di due carreggiate;Asciutto;Asfaltata;Verticale ed orizzontale;Sereno;Normale;Buona;;2;0;0;2;12.6065;41.8344;-1;1;Autovettura privata;In marcia / fermata / arresto;Conducente;F;Illeso;0;;Non accertato;Inesploso
5938374;10;30/04/2022 13:35:00;Strada Urbana;VIA TUSCOLANA;da specificare;;;;svincolo complanare tuscolana alt. Italcable;Veicolo in marcia contro veicolo fermo;Rettilineo;Pi� di due carreggiate;Asciutto;Asfaltata;Verticale ed orizzontale;Sereno;Normale;Buona;;2;0;0;2;12.6065;41.8344;-1;2;Autovettura privata;In marcia / fermata / arresto;Conducente;F;Illeso;0;;Non accertato;Inesploso
5938374;10;30/04/2022 13:35:00;Strada Urbana;VIA TUSCOLANA;da specificare;;;;svincolo complanare tuscolana alt. Italcable;Veicolo in marcia contro veicolo fermo;Rettilineo;Pi� di due carreggiate;Asciutto;Asfaltata;Verticale ed orizzontale;Sereno;Normale;Buona;;2;0;0;2;12.6065;41.8344;-1;2;Autovettura privata;In marcia / fermata / arresto;Passeggero;M;Rimandato;0;NON DECEDUTO;Non accertato;Inesploso
5938374;10;30/04/2022 13:35:00;Strada Urbana;VIA TUSCOLANA;da specificare;;;;svincolo complanare tuscolana alt. Italcable;Veicolo in marcia contro veicolo fermo;Rettilineo;Pi� di due carreggiate;Asciutto;Asfaltata;Verticale ed orizzontale;Sereno;Normale;Buona;;2;0;0;2;12.6065;41.8344;-1;2;Autovettura privata;In marcia / fermata / arresto;Passeggero;M;Ricoverato;0;NON DECEDUTO;Non accertato;Inesploso
5938401;9;30/04/2022 20:45:00;Strada Urbana;VIA ALBALONGA;da specificare;;;;PROSSIMITA' VIA ETRURIA;Investimento di pedone;Rettilineo;Una carreggiata a doppio senso;Asciutto;Asfaltata;Orizzontale;Sereno;Normale;Sufficiente;;1;0;0;1;12.5129;41.8792;-1;;;;Pedone;F;Rimandato;0;NON DECEDUTO;;
5938401;9;30/04/2022 20:45:00;Strada Urbana;VIA ALBALONGA;da specificare;;;;PROSSIMITA' VIA ETRURIA;Investimento di pedone;Rettilineo;Una carreggiata a doppio senso;Asciutto;Asfaltata;Orizzontale;Sereno;Normale;Sufficiente;;1;0;0;1;12.5129;41.8792;-1;1;Autovettura privata;In marcia / fermata / arresto;Conducente;M;Illeso;0;;;
5938432;4;30/04/2022 21:55:00;Strada Urbana;VIALE JONIO;all'intersezione con;VIA MONTE ROCCHETTA;VIA MONTE ROCCHETTA;;;Scontro frontale/laterale SX fra veicoli in marcia;Intersezione stradale segnalata;Due carreggiate;Asciutto;Asfaltata;Verticale ed orizzontale;Sereno;Normale;Buona;;0;0;0;2;12.5361;41.9442;-1;1;Autovettura privata;In marcia / fermata / arresto;Conducente;M;Illeso;0;;Non accertato;Inesploso
5938432;4;30/04/2022 21:55:00;Strada Urbana;VIALE JONIO;all'intersezione con;VIA MONTE ROCCHETTA;VIA MONTE ROCCHETTA;;;Scontro frontale/laterale SX fra veicoli in marcia;Intersezione stradale segnalata;Due carreggiate;Asciutto;Asfaltata;Verticale ed orizzontale;Sereno;Normale;Buona;;0;0;0;2;12.5361;41.9442;-1;2;Motociclo a solo;In marcia / fermata / arresto;Conducente;M;Illeso;0;;Non accertato;
5938433;2;30/04/2022 03:50:00;Strada Urbana;PIAZZA CRATI;in prossimit�;;del civico n.;33;;Veicolo in marcia contro veicoli in sosta;Rettilineo;Una carreggiata a doppio senso;Asciutto;Asfaltata;Verticale ed orizzontale;Sereno;Scarso;Buona;;3;0;0;0;12.5103;41.9266;-1;1;Autovettura privata;In marcia / fermata / arresto;Conducente;F;Rimandato;0;NON DECEDUTO;Non accertato;Inesploso
5938433;2;30/04/2022 03:50:00;Strada Urbana;PIAZZA CRATI;in prossimit�;;del civico n.;33;;Veicolo in marcia contro veicoli in sosta;Rettilineo;Una carreggiata a doppio senso;Asciutto;Asfaltata;Verticale ed orizzontale;Sereno;Scarso;Buona;;3;0;0;0;12.5103;41.9266;-1;1;Autovettura privata;In marcia / fermata / arresto;Passeggero;M;Rimandato;0;NON DECEDUTO;Non accertato;Esploso
5938433;2;30/04/2022 03:50:00;Strada Urbana;PIAZZA CRATI;in prossimit�;;del civico n.;33;;Veicolo in marcia contro veicoli in sosta;Rettilineo;Una carreggiata a doppio senso;Asciutto;Asfaltata;Verticale ed orizzontale;Sereno;Scarso;Buona;;3;0;0;0;12.5103;41.9266;-1;1;Autovettura privata;In marcia / fermata / arresto;Passeggero;M;Rimandato;0;NON DECEDUTO;Non accertato;
5938433;2;30/04/2022 03:50:00;Strada Urbana;PIAZZA CRATI;in prossimit�;;del civico n.;33;;Veicolo in marcia contro veicoli in sosta;Rettilineo;Una carreggiata a doppio senso;Asciutto;Asfaltata;Verticale ed orizzontale;Sereno;Scarso;Buona;;3;0;0;0;12.5103;41.9266;-1;2;Autovettura privata;Sosta;;;;;;;
5938433;2;30/04/2022 03:50:00;Strada Urbana;PIAZZA CRATI;in prossimit�;;del civico n.;33;;Veicolo in marcia contro veicoli in sosta;Rettilineo;Una carreggiata a doppio senso;Asciutto;Asfaltata;Verticale ed orizzontale;Sereno;Scarso;Buona;;3;0;0;0;12.5103;41.9266;-1;3;Autovettura privata;Sosta;;;;;;;
5938433;2;30/04/2022 03:50:00;Strada Urbana;PIAZZA CRATI;in prossimit�;;del civico n.;33;;Veicolo in marcia contro veicoli in sosta;Rettilineo;Una carreggiata a doppio senso;Asciutto;Asfaltata;Verticale ed orizzontale;Sereno;Scarso;Buona;;3;0;0;0;12.5103;41.9266;-1;4;Autovettura privata;Sosta;;;;;;;
5938433;2;30/04/2022 03:50:00;Strada Urbana;PIAZZA CRATI;in prossimit�;;del civico n.;33;;Veicolo in marcia contro veicoli in sosta;Rettilineo;Una carreggiata a doppio senso;Asciutto;Asfaltata;Verticale ed orizzontale;Sereno;Scarso;Buona;;3;0;0;0;12.5103;41.9266;-1;5;Autovettura privata;Sosta;;;;;;;
5938445;4;30/04/2022 18:50:00;Strada Urbana;VIA ANNIBALE MARIA DI FRANCIA;in corrispondenza;;del civico n.;95;;Veicolo in marcia contro veicolo fermo;Rettilineo;Una carreggiata a doppio senso;Asciutto;Asfaltata;Assente;Sereno;Scarso;Buona;;0;0;0;2;12.5059;41.9743;-1;1;Autovettura privata;In marcia / fermata / arresto;Conducente;M;Illeso;0;;Non accertato;
5938445;4;30/04/2022 18:50:00;Strada Urbana;VIA ANNIBALE MARIA DI FRANCIA;in corrispondenza;;del civico n.;95;;Veicolo in marcia contro veicolo fermo;Rettilineo;Una carreggiata a doppio senso;Asciutto;Asfaltata;Assente;Sereno;Scarso;Buona;;0;0;0;2;12.5059;41.9743;-1;2;Autovettura privata;In marcia / fermata / arresto;Conducente;M;Illeso;0;;Non accertato;
5938454;17;29/04/2022 07:35:00;Strada Urbana;VIALE VATICANO;da specificare;;;;fronte civico 99;Scontro frontale/laterale DX fra veicoli in marcia;Rettilineo;Una carreggiata a doppio senso;Asciutto;Asfaltata;Verticale ed orizzontale;Sereno;Intenso;Buona;;0;0;0;2;12.4487;41.9042;-1;1;Autovettura pubblica;In marcia / fermata / arresto;Conducente;M;Illeso;0;;;
5938454;17;29/04/2022 07:35:00;Strada Urbana;VIALE VATICANO;da specificare;;;;fronte civico 99;Scontro frontale/laterale DX fra veicoli in marcia;Rettilineo;Una carreggiata a doppio senso;Asciutto;Asfaltata;Verticale ed orizzontale;Sereno;Intenso;Buona;;0;0;0;2;12.4487;41.9042;-1;2;Quadriciclo leggero;In marcia / fermata / arresto;Conducente;M;Illeso;0;;;
5938478;19;29/04/2022 19:15:00;Strada Urbana;VIA DEL FORTE TRIONFALE;all'intersezione con;VIA PIEVE DI CADORE;VIA PIEVE DI CADORE;;;Scontro laterale fra veicoli in marcia;Incrocio;Una carreggiata a doppio senso;Asciutto;Asfaltata;Assente;Sereno;Intenso;Buona;;0;0;0;2;12.4326;41.9382;-1;1;Autovettura privata;In marcia / fermata / arresto;Conducente;F;Illeso;0;;Non accertato;Inesploso
5938478;19;29/04/2022 19:15:00;Strada Urbana;VIA DEL FORTE TRIONFALE;all'intersezione con;VIA PIEVE DI CADORE;VIA PIEVE DI CADORE;;;Scontro laterale fra veicoli in marcia;Incrocio;Una carreggiata a doppio senso;Asciutto;Asfaltata;Assente;Sereno;Intenso;Buona;;0;0;0;2;12.4326;41.9382;-1;2;Motociclo con passeggero;In marcia / fermata / arresto;Conducente;M;Illeso;0;;Non accertato;
5938551;1;30/04/2022 17:30:00;Strada Urbana;VIA EMANUELE FILIBERTO;all'intersezione semaforizzata con;VIA STATILIA;VIA STATILIA;;;Scontro frontale/laterale DX fra veicoli in marcia;Intersezione semaforizzata;Pi� di due carreggiate;Asciutto;Asfaltata;Verticale ed orizzontale;Sereno;Normale;Buona;;2;0;0;0;12.5068;41.8903;-1;1;Autobus urbano;In marcia / fermata / arresto;Conducente;M;Rimandato;0;NON DECEDUTO;Non accertato;Inesistente